Timestamp,PIN,Name,Responses (JSON),Flat Data...,,,,,,,,,,,,,,,,,,,,,,,,,,,,,,,,,
3/30/2026 11:04:32,31408,Adarsha.H,"[{""term"":""Barter"",""definition"":"""",""match"":""Trading a power bank directly for a box of tissues without using any money.""},{""term"":""Double Coincidence of Wants"",""definition"":"""",""match"":""""},{""term"":""Medium of Exchange"",""definition"":"""",""match"":""""},{""term"":""Scarcity"",""definition"":"""",""match"":""""},{""term"":""Shortage"",""definition"":"""",""match"":""""},{""term"":""Inflation"",""definition"":"""",""match"":""""},{""term"":""Deflation"",""definition"":"""",""match"":""""},{""term"":""Liquidity"",""definition"":"""",""match"":""""},{""term"":""Monopoly"",""definition"":"""",""match"":""""},{""term"":""Specialization"",""definition"":"""",""match"":""""},{""term"":""Division of Labor"",""definition"":"""",""match"":""""},{""term"":""Incentives"",""definition"":"""",""match"":""""},{""term"":""Rational Self-Interest"",""definition"":"""",""match"":""""},{""term"":""The Invisible Hand"",""definition"":"""",""match"":""""},{""term"":""Competition"",""definition"":"""",""match"":""""}]","["""","""",""""]",,,,,Trading a power bank directly for a box of tissues without using any money.,,,,,,,,,,,,,,,,,,,,,,,,,,,,
3/30/2026 11:05:52,31408,Adarsha.H,"[{""term"":""Barter"",""definition"":""Trading goods or services directly for other goods without using money"",""match"":""Trading a power bank directly for a box of tissues without using any money.""},{""term"":""Double Coincidence of Wants"",""definition"":"""",""match"":""Failing to trade because you have cards but the other person needs tissues, and neither of you wants what the other has.""},{""term"":""Medium of Exchange"",""definition"":"""",""match"":""""},{""term"":""Scarcity"",""definition"":"""",""match"":""""},{""term"":""Shortage"",""definition"":"""",""match"":""""},{""term"":""Inflation"",""definition"":"""",""match"":""""},{""term"":""Deflation"",""definition"":"""",""match"":""""},{""term"":""Liquidity"",""definition"":"""",""match"":""""},{""term"":""Monopoly"",""definition"":"""",""match"":""""},{""term"":""Specialization"",""definition"":"""",""match"":""""},{""term"":""Division of Labor"",""definition"":"""",""match"":""""},{""term"":""Incentives"",""definition"":"""",""match"":""""},{""term"":""Rational Self-Interest"",""definition"":"""",""match"":""""},{""term"":""The Invisible Hand"",""definition"":"""",""match"":""""},{""term"":""Competition"",""definition"":"""",""match"":""""}]","["""","""",""""]",,,,Trading goods or services directly for other goods without using money,Trading a power bank directly for a box of tissues without using any money.,,"Failing to trade because you have cards but the other person needs tissues, and neither of you wants what the other has.",,,,,,,,,,,,,,,,,,,,,,,,,,
3/30/2026 11:07:16,31408,Adarsha.H,"[{""term"":""Barter"",""definition"":""Trading goods or services directly for other goods without using money"",""match"":""Trading a power bank directly for a box of tissues without using any money.""},{""term"":""Double Coincidence of Wants"",""definition"":""When two people each have what the other person wants at the same time"",""match"":""Failing to trade because you have cards but the other person needs tissues, and neither of you wants what the other has.""},{""term"":""Medium of Exchange"",""definition"":""Anything used as a standard of value to make buying and selling easier"",""match"":""Using gold coins to buy an apple instead of having to find a specific trade partner who wants your spare staples.""},{""term"":""Scarcity"",""definition"":"""",""match"":""""},{""term"":""Shortage"",""definition"":"""",""match"":""""},{""term"":""Inflation"",""definition"":"""",""match"":""""},{""term"":""Deflation"",""definition"":"""",""match"":""""},{""term"":""Liquidity"",""definition"":"""",""match"":""""},{""term"":""Monopoly"",""definition"":"""",""match"":""""},{""term"":""Specialization"",""definition"":"""",""match"":""""},{""term"":""Division of Labor"",""definition"":"""",""match"":""""},{""term"":""Incentives"",""definition"":"""",""match"":""""},{""term"":""Rational Self-Interest"",""definition"":"""",""match"":""""},{""term"":""The Invisible Hand"",""definition"":"""",""match"":""""},{""term"":""Competition"",""definition"":"""",""match"":""""}]","["""","""",""""]",,,,Trading goods or services directly for other goods without using money,Trading a power bank directly for a box of tissues without using any money.,When two people each have what the other person wants at the same time,"Failing to trade because you have cards but the other person needs tissues, and neither of you wants what the other has.",Anything used as a standard of value to make buying and selling easier,Using gold coins to buy an apple instead of having to find a specific trade partner who wants your spare staples.,,,,,,,,,,,,,,,,,,,,,,,,
3/30/2026 11:13:02,31408,Adarsha.H,"[{""term"":""Barter"",""definition"":""Trading goods or services directly for other goods without using money"",""match"":""Trading a power bank directly for a box of tissues without using any money.""},{""term"":""Double Coincidence of Wants"",""definition"":""When two people each have what the other person wants at the same time"",""match"":""Failing to trade because you have cards but the other person needs tissues, and neither of you wants what the other has.""},{""term"":""Medium of Exchange"",""definition"":""Anything used as a standard of value to make buying and selling easier"",""match"":""Using gold coins to buy an apple instead of having to find a specific trade partner who wants your spare staples.""},{""term"":""Scarcity"",""definition"":""The basic problem of having unlimited wants but limited resources"",""match"":""The fundamental problem that there wasn't enough bread printed for everyone in the room to finish their mission cards.""},{""term"":""Shortage"",""definition"":""A temporary situations where people want more of a good than is available"",""match"":""""},{""term"":""Inflation"",""definition"":""a general increase in prices and a fall in the purchasing value of money"",""match"":""""},{""term"":""Deflation"",""definition"":""A decrease in the general price of goods and services "",""match"":""""},{""term"":""Liquidity"",""definition"":""how quickly or easily an asset can be turned into cash to be spent"",""match"":""""},{""term"":""Monopoly"",""definition"":""when one person or group has complete control over a product or service"",""match"":""""},{""term"":""Specialization"",""definition"":""Focusing on a specific task or skill to become more efficient"",""match"":""""},{""term"":""Division of Labor"",""definition"":""Breaking a big job into smaller parts assigned to different people."",""match"":""""},{""term"":""Incentives"",""definition"":""Things that motivate a person to act in a certain way"",""match"":""""},{""term"":""Rational Self-Interest"",""definition"":""Making choices that provide the greatest personal benefit or satisfaction."",""match"":""""},{""term"":""The Invisible Hand"",""definition"":""The idea that individual self-interest naturally helps the economy balance itself."",""match"":""""},{""term"":""Competition"",""definition"":""The effort of two or more parties acting independently to get the business of a third party."",""match"":""""}]","["""","""",""""]",,,,Trading goods or services directly for other goods without using money,Trading a power bank directly for a box of tissues without using any money.,When two people each have what the other person wants at the same time,"Failing to trade because you have cards but the other person needs tissues, and neither of you wants what the other has.",Anything used as a standard of value to make buying and selling easier,Using gold coins to buy an apple instead of having to find a specific trade partner who wants your spare staples.,The basic problem of having unlimited wants but limited resources,The fundamental problem that there wasn't enough bread printed for everyone in the room to finish their mission cards.,A temporary situations where people want more of a good than is available,,a general increase in prices and a fall in the purchasing value of money,,A decrease in the general price of goods and services ,,how quickly or easily an asset can be turned into cash to be spent,,when one person or group has complete control over a product or service,,Focusing on a specific task or skill to become more efficient,,Breaking a big job into smaller parts assigned to different people.,,Things that motivate a person to act in a certain way,,Making choices that provide the greatest personal benefit or satisfaction.,,The idea that individual self-interest naturally helps the economy balance itself.,,The effort of two or more parties acting independently to get the business of a third party.,
3/30/2026 11:13:28,31408,Adarsha.H,"[{""term"":""Barter"",""definition"":""Trading goods or services directly for other goods without using money"",""match"":""Trading a power bank directly for a box of tissues without using any money.""},{""term"":""Double Coincidence of Wants"",""definition"":""When two people each have what the other person wants at the same time"",""match"":""Failing to trade because you have cards but the other person needs tissues, and neither of you wants what the other has.""},{""term"":""Medium of Exchange"",""definition"":""Anything used as a standard of value to make buying and selling easier"",""match"":""Using gold coins to buy an apple instead of having to find a specific trade partner who wants your spare staples.""},{""term"":""Scarcity"",""definition"":""The basic problem of having unlimited wants but limited resources"",""match"":""The fundamental problem that there wasn't enough bread printed for everyone in the room to finish their mission cards.""},{""term"":""Shortage"",""definition"":""A temporary situations where people want more of a good than is available"",""match"":""""},{""term"":""Inflation"",""definition"":""a general increase in prices and a fall in the purchasing value of money"",""match"":""A general rise in prices across the room because Mr Waugh injected more cash into the system.""},{""term"":""Deflation"",""definition"":""A decrease in the general price of goods and services "",""match"":""""},{""term"":""Liquidity"",""definition"":""how quickly or easily an asset can be turned into cash to be spent"",""match"":""""},{""term"":""Monopoly"",""definition"":""when one person or group has complete control over a product or service"",""match"":""""},{""term"":""Specialization"",""definition"":""Focusing on a specific task or skill to become more efficient"",""match"":""""},{""term"":""Division of Labor"",""definition"":""Breaking a big job into smaller parts assigned to different people."",""match"":""""},{""term"":""Incentives"",""definition"":""Things that motivate a person to act in a certain way"",""match"":""""},{""term"":""Rational Self-Interest"",""definition"":""Making choices that provide the greatest personal benefit or satisfaction."",""match"":""""},{""term"":""The Invisible Hand"",""definition"":""The idea that individual self-interest naturally helps the economy balance itself."",""match"":""""},{""term"":""Competition"",""definition"":""The effort of two or more parties acting independently to get the business of a third party."",""match"":""""}]","["""","""",""""]",,,,Trading goods or services directly for other goods without using money,Trading a power bank directly for a box of tissues without using any money.,When two people each have what the other person wants at the same time,"Failing to trade because you have cards but the other person needs tissues, and neither of you wants what the other has.",Anything used as a standard of value to make buying and selling easier,Using gold coins to buy an apple instead of having to find a specific trade partner who wants your spare staples.,The basic problem of having unlimited wants but limited resources,The fundamental problem that there wasn't enough bread printed for everyone in the room to finish their mission cards.,A temporary situations where people want more of a good than is available,,a general increase in prices and a fall in the purchasing value of money,A general rise in prices across the room because Mr Waugh injected more cash into the system.,A decrease in the general price of goods and services ,,how quickly or easily an asset can be turned into cash to be spent,,when one person or group has complete control over a product or service,,Focusing on a specific task or skill to become more efficient,,Breaking a big job into smaller parts assigned to different people.,,Things that motivate a person to act in a certain way,,Making choices that provide the greatest personal benefit or satisfaction.,,The idea that individual self-interest naturally helps the economy balance itself.,,The effort of two or more parties acting independently to get the business of a third party.,
3/30/2026 11:13:50,31408,Adarsha.H,"[{""term"":""Barter"",""definition"":""Trading goods or services directly for other goods without using money"",""match"":""Trading a power bank directly for a box of tissues without using any money.""},{""term"":""Double Coincidence of Wants"",""definition"":""When two people each have what the other person wants at the same time"",""match"":""Failing to trade because you have cards but the other person needs tissues, and neither of you wants what the other has.""},{""term"":""Medium of Exchange"",""definition"":""Anything used as a standard of value to make buying and selling easier"",""match"":""Using gold coins to buy an apple instead of having to find a specific trade partner who wants your spare staples.""},{""term"":""Scarcity"",""definition"":""The basic problem of having unlimited wants but limited resources"",""match"":""The fundamental problem that there wasn't enough bread printed for everyone in the room to finish their mission cards.""},{""term"":""Shortage"",""definition"":""A temporary situations where people want more of a good than is available"",""match"":""""},{""term"":""Inflation"",""definition"":""a general increase in prices and a fall in the purchasing value of money"",""match"":""A general rise in prices across the room because Mr Waugh injected more cash into the system.""},{""term"":""Deflation"",""definition"":""A decrease in the general price of goods and services "",""match"":""Prices for bookmarks dropping because Mr Waugh only had 29 gold coins and couldn't afford to pay the original price.""},{""term"":""Liquidity"",""definition"":""how quickly or easily an asset can be turned into cash to be spent"",""match"":""""},{""term"":""Monopoly"",""definition"":""when one person or group has complete control over a product or service"",""match"":""""},{""term"":""Specialization"",""definition"":""Focusing on a specific task or skill to become more efficient"",""match"":""""},{""term"":""Division of Labor"",""definition"":""Breaking a big job into smaller parts assigned to different people."",""match"":""""},{""term"":""Incentives"",""definition"":""Things that motivate a person to act in a certain way"",""match"":""""},{""term"":""Rational Self-Interest"",""definition"":""Making choices that provide the greatest personal benefit or satisfaction."",""match"":""""},{""term"":""The Invisible Hand"",""definition"":""The idea that individual self-interest naturally helps the economy balance itself."",""match"":""""},{""term"":""Competition"",""definition"":""The effort of two or more parties acting independently to get the business of a third party."",""match"":""""}]","["""","""",""""]",,,,Trading goods or services directly for other goods without using money,Trading a power bank directly for a box of tissues without using any money.,When two people each have what the other person wants at the same time,"Failing to trade because you have cards but the other person needs tissues, and neither of you wants what the other has.",Anything used as a standard of value to make buying and selling easier,Using gold coins to buy an apple instead of having to find a specific trade partner who wants your spare staples.,The basic problem of having unlimited wants but limited resources,The fundamental problem that there wasn't enough bread printed for everyone in the room to finish their mission cards.,A temporary situations where people want more of a good than is available,,a general increase in prices and a fall in the purchasing value of money,A general rise in prices across the room because Mr Waugh injected more cash into the system.,A decrease in the general price of goods and services ,Prices for bookmarks dropping because Mr Waugh only had 29 gold coins and couldn't afford to pay the original price.,how quickly or easily an asset can be turned into cash to be spent,,when one person or group has complete control over a product or service,,Focusing on a specific task or skill to become more efficient,,Breaking a big job into smaller parts assigned to different people.,,Things that motivate a person to act in a certain way,,Making choices that provide the greatest personal benefit or satisfaction.,,The idea that individual self-interest naturally helps the economy balance itself.,,The effort of two or more parties acting independently to get the business of a third party.,
3/30/2026 11:13:58,31408,Adarsha.H,"[{""term"":""Barter"",""definition"":""Trading goods or services directly for other goods without using money"",""match"":""Trading a power bank directly for a box of tissues without using any money.""},{""term"":""Double Coincidence of Wants"",""definition"":""When two people each have what the other person wants at the same time"",""match"":""Failing to trade because you have cards but the other person needs tissues, and neither of you wants what the other has.""},{""term"":""Medium of Exchange"",""definition"":""Anything used as a standard of value to make buying and selling easier"",""match"":""Using gold coins to buy an apple instead of having to find a specific trade partner who wants your spare staples.""},{""term"":""Scarcity"",""definition"":""The basic problem of having unlimited wants but limited resources"",""match"":""The fundamental problem that there wasn't enough bread printed for everyone in the room to finish their mission cards.""},{""term"":""Shortage"",""definition"":""A temporary situations where people want more of a good than is available"",""match"":""""},{""term"":""Inflation"",""definition"":""a general increase in prices and a fall in the purchasing value of money"",""match"":""A general rise in prices across the room because Mr Waugh injected more cash into the system.""},{""term"":""Deflation"",""definition"":""A decrease in the general price of goods and services "",""match"":""Prices for bookmarks dropping because Mr Waugh only had 29 gold coins and couldn't afford to pay the original price.""},{""term"":""Liquidity"",""definition"":""how quickly or easily an asset can be turned into cash to be spent"",""match"":""Mr Waugh randomly dropping extra dollar bills onto students' desks to increase the amount of cash available for trading.""},{""term"":""Monopoly"",""definition"":""when one person or group has complete control over a product or service"",""match"":""""},{""term"":""Specialization"",""definition"":""Focusing on a specific task or skill to become more efficient"",""match"":""""},{""term"":""Division of Labor"",""definition"":""Breaking a big job into smaller parts assigned to different people."",""match"":""""},{""term"":""Incentives"",""definition"":""Things that motivate a person to act in a certain way"",""match"":""""},{""term"":""Rational Self-Interest"",""definition"":""Making choices that provide the greatest personal benefit or satisfaction."",""match"":""""},{""term"":""The Invisible Hand"",""definition"":""The idea that individual self-interest naturally helps the economy balance itself."",""match"":""""},{""term"":""Competition"",""definition"":""The effort of two or more parties acting independently to get the business of a third party."",""match"":""""}]","["""","""",""""]",,,,Trading goods or services directly for other goods without using money,Trading a power bank directly for a box of tissues without using any money.,When two people each have what the other person wants at the same time,"Failing to trade because you have cards but the other person needs tissues, and neither of you wants what the other has.",Anything used as a standard of value to make buying and selling easier,Using gold coins to buy an apple instead of having to find a specific trade partner who wants your spare staples.,The basic problem of having unlimited wants but limited resources,The fundamental problem that there wasn't enough bread printed for everyone in the room to finish their mission cards.,A temporary situations where people want more of a good than is available,,a general increase in prices and a fall in the purchasing value of money,A general rise in prices across the room because Mr Waugh injected more cash into the system.,A decrease in the general price of goods and services ,Prices for bookmarks dropping because Mr Waugh only had 29 gold coins and couldn't afford to pay the original price.,how quickly or easily an asset can be turned into cash to be spent,Mr Waugh randomly dropping extra dollar bills onto students' desks to increase the amount of cash available for trading.,when one person or group has complete control over a product or service,,Focusing on a specific task or skill to become more efficient,,Breaking a big job into smaller parts assigned to different people.,,Things that motivate a person to act in a certain way,,Making choices that provide the greatest personal benefit or satisfaction.,,The idea that individual self-interest naturally helps the economy balance itself.,,The effort of two or more parties acting independently to get the business of a third party.,
3/30/2026 11:14:07,31408,Adarsha.H,"[{""term"":""Barter"",""definition"":""Trading goods or services directly for other goods without using money"",""match"":""Trading a power bank directly for a box of tissues without using any money.""},{""term"":""Double Coincidence of Wants"",""definition"":""When two people each have what the other person wants at the same time"",""match"":""Failing to trade because you have cards but the other person needs tissues, and neither of you wants what the other has.""},{""term"":""Medium of Exchange"",""definition"":""Anything used as a standard of value to make buying and selling easier"",""match"":""Using gold coins to buy an apple instead of having to find a specific trade partner who wants your spare staples.""},{""term"":""Scarcity"",""definition"":""The basic problem of having unlimited wants but limited resources"",""match"":""The fundamental problem that there wasn't enough bread printed for everyone in the room to finish their mission cards.""},{""term"":""Shortage"",""definition"":""A temporary situations where people want more of a good than is available"",""match"":""""},{""term"":""Inflation"",""definition"":""a general increase in prices and a fall in the purchasing value of money"",""match"":""A general rise in prices across the room because Mr Waugh injected more cash into the system.""},{""term"":""Deflation"",""definition"":""A decrease in the general price of goods and services "",""match"":""Prices for bookmarks dropping because Mr Waugh only had 29 gold coins and couldn't afford to pay the original price.""},{""term"":""Liquidity"",""definition"":""how quickly or easily an asset can be turned into cash to be spent"",""match"":""Mr Waugh randomly dropping extra dollar bills onto students' desks to increase the amount of cash available for trading.""},{""term"":""Monopoly"",""definition"":""when one person or group has complete control over a product or service"",""match"":""The 'Dead' students in the graveyard being the only ones left with wheat and charging whatever they wanted because there was no competition.""},{""term"":""Specialization"",""definition"":""Focusing on a specific task or skill to become more efficient"",""match"":""""},{""term"":""Division of Labor"",""definition"":""Breaking a big job into smaller parts assigned to different people."",""match"":""""},{""term"":""Incentives"",""definition"":""Things that motivate a person to act in a certain way"",""match"":""""},{""term"":""Rational Self-Interest"",""definition"":""Making choices that provide the greatest personal benefit or satisfaction."",""match"":""""},{""term"":""The Invisible Hand"",""definition"":""The idea that individual self-interest naturally helps the economy balance itself."",""match"":""""},{""term"":""Competition"",""definition"":""The effort of two or more parties acting independently to get the business of a third party."",""match"":""""}]","["""","""",""""]",,,,Trading goods or services directly for other goods without using money,Trading a power bank directly for a box of tissues without using any money.,When two people each have what the other person wants at the same time,"Failing to trade because you have cards but the other person needs tissues, and neither of you wants what the other has.",Anything used as a standard of value to make buying and selling easier,Using gold coins to buy an apple instead of having to find a specific trade partner who wants your spare staples.,The basic problem of having unlimited wants but limited resources,The fundamental problem that there wasn't enough bread printed for everyone in the room to finish their mission cards.,A temporary situations where people want more of a good than is available,,a general increase in prices and a fall in the purchasing value of money,A general rise in prices across the room because Mr Waugh injected more cash into the system.,A decrease in the general price of goods and services ,Prices for bookmarks dropping because Mr Waugh only had 29 gold coins and couldn't afford to pay the original price.,how quickly or easily an asset can be turned into cash to be spent,Mr Waugh randomly dropping extra dollar bills onto students' desks to increase the amount of cash available for trading.,when one person or group has complete control over a product or service,The 'Dead' students in the graveyard being the only ones left with wheat and charging whatever they wanted because there was no competition.,Focusing on a specific task or skill to become more efficient,,Breaking a big job into smaller parts assigned to different people.,,Things that motivate a person to act in a certain way,,Making choices that provide the greatest personal benefit or satisfaction.,,The idea that individual self-interest naturally helps the economy balance itself.,,The effort of two or more parties acting independently to get the business of a third party.,
3/30/2026 11:14:19,31408,Adarsha.H,"[{""term"":""Barter"",""definition"":""Trading goods or services directly for other goods without using money"",""match"":""Trading a power bank directly for a box of tissues without using any money.""},{""term"":""Double Coincidence of Wants"",""definition"":""When two people each have what the other person wants at the same time"",""match"":""Failing to trade because you have cards but the other person needs tissues, and neither of you wants what the other has.""},{""term"":""Medium of Exchange"",""definition"":""Anything used as a standard of value to make buying and selling easier"",""match"":""Using gold coins to buy an apple instead of having to find a specific trade partner who wants your spare staples.""},{""term"":""Scarcity"",""definition"":""The basic problem of having unlimited wants but limited resources"",""match"":""The fundamental problem that there wasn't enough bread printed for everyone in the room to finish their mission cards.""},{""term"":""Shortage"",""definition"":""A temporary situations where people want more of a good than is available"",""match"":""""},{""term"":""Inflation"",""definition"":""a general increase in prices and a fall in the purchasing value of money"",""match"":""A general rise in prices across the room because Mr Waugh injected more cash into the system.""},{""term"":""Deflation"",""definition"":""A decrease in the general price of goods and services "",""match"":""Prices for bookmarks dropping because Mr Waugh only had 29 gold coins and couldn't afford to pay the original price.""},{""term"":""Liquidity"",""definition"":""how quickly or easily an asset can be turned into cash to be spent"",""match"":""Mr Waugh randomly dropping extra dollar bills onto students' desks to increase the amount of cash available for trading.""},{""term"":""Monopoly"",""definition"":""when one person or group has complete control over a product or service"",""match"":""The 'Dead' students in the graveyard being the only ones left with wheat and charging whatever they wanted because there was no competition.""},{""term"":""Specialization"",""definition"":""Focusing on a specific task or skill to become more efficient"",""match"":""One student focusing only on cutting paper while another focused only on taping to increase their total output of bookmarks.""},{""term"":""Division of Labor"",""definition"":""Breaking a big job into smaller parts assigned to different people."",""match"":""""},{""term"":""Incentives"",""definition"":""Things that motivate a person to act in a certain way"",""match"":""""},{""term"":""Rational Self-Interest"",""definition"":""Making choices that provide the greatest personal benefit or satisfaction."",""match"":""""},{""term"":""The Invisible Hand"",""definition"":""The idea that individual self-interest naturally helps the economy balance itself."",""match"":""""},{""term"":""Competition"",""definition"":""The effort of two or more parties acting independently to get the business of a third party."",""match"":""""}]","["""","""",""""]",,,,Trading goods or services directly for other goods without using money,Trading a power bank directly for a box of tissues without using any money.,When two people each have what the other person wants at the same time,"Failing to trade because you have cards but the other person needs tissues, and neither of you wants what the other has.",Anything used as a standard of value to make buying and selling easier,Using gold coins to buy an apple instead of having to find a specific trade partner who wants your spare staples.,The basic problem of having unlimited wants but limited resources,The fundamental problem that there wasn't enough bread printed for everyone in the room to finish their mission cards.,A temporary situations where people want more of a good than is available,,a general increase in prices and a fall in the purchasing value of money,A general rise in prices across the room because Mr Waugh injected more cash into the system.,A decrease in the general price of goods and services ,Prices for bookmarks dropping because Mr Waugh only had 29 gold coins and couldn't afford to pay the original price.,how quickly or easily an asset can be turned into cash to be spent,Mr Waugh randomly dropping extra dollar bills onto students' desks to increase the amount of cash available for trading.,when one person or group has complete control over a product or service,The 'Dead' students in the graveyard being the only ones left with wheat and charging whatever they wanted because there was no competition.,Focusing on a specific task or skill to become more efficient,One student focusing only on cutting paper while another focused only on taping to increase their total output of bookmarks.,Breaking a big job into smaller parts assigned to different people.,,Things that motivate a person to act in a certain way,,Making choices that provide the greatest personal benefit or satisfaction.,,The idea that individual self-interest naturally helps the economy balance itself.,,The effort of two or more parties acting independently to get the business of a third party.,
3/30/2026 11:14:26,31408,Adarsha.H,"[{""term"":""Barter"",""definition"":""Trading goods or services directly for other goods without using money"",""match"":""Trading a power bank directly for a box of tissues without using any money.""},{""term"":""Double Coincidence of Wants"",""definition"":""When two people each have what the other person wants at the same time"",""match"":""Failing to trade because you have cards but the other person needs tissues, and neither of you wants what the other has.""},{""term"":""Medium of Exchange"",""definition"":""Anything used as a standard of value to make buying and selling easier"",""match"":""Using gold coins to buy an apple instead of having to find a specific trade partner who wants your spare staples.""},{""term"":""Scarcity"",""definition"":""The basic problem of having unlimited wants but limited resources"",""match"":""The fundamental problem that there wasn't enough bread printed for everyone in the room to finish their mission cards.""},{""term"":""Shortage"",""definition"":""A temporary situations where people want more of a good than is available"",""match"":""""},{""term"":""Inflation"",""definition"":""a general increase in prices and a fall in the purchasing value of money"",""match"":""A general rise in prices across the room because Mr Waugh injected more cash into the system.""},{""term"":""Deflation"",""definition"":""A decrease in the general price of goods and services "",""match"":""Prices for bookmarks dropping because Mr Waugh only had 29 gold coins and couldn't afford to pay the original price.""},{""term"":""Liquidity"",""definition"":""how quickly or easily an asset can be turned into cash to be spent"",""match"":""Mr Waugh randomly dropping extra dollar bills onto students' desks to increase the amount of cash available for trading.""},{""term"":""Monopoly"",""definition"":""when one person or group has complete control over a product or service"",""match"":""The 'Dead' students in the graveyard being the only ones left with wheat and charging whatever they wanted because there was no competition.""},{""term"":""Specialization"",""definition"":""Focusing on a specific task or skill to become more efficient"",""match"":""One student focusing only on cutting paper while another focused only on taping to increase their total output of bookmarks.""},{""term"":""Division of Labor"",""definition"":""Breaking a big job into smaller parts assigned to different people."",""match"":""Breaking the bookmark-making process into a 'factory line' where each person performed one specific task.""},{""term"":""Incentives"",""definition"":""Things that motivate a person to act in a certain way"",""match"":""""},{""term"":""Rational Self-Interest"",""definition"":""Making choices that provide the greatest personal benefit or satisfaction."",""match"":""""},{""term"":""The Invisible Hand"",""definition"":""The idea that individual self-interest naturally helps the economy balance itself."",""match"":""""},{""term"":""Competition"",""definition"":""The effort of two or more parties acting independently to get the business of a third party."",""match"":""""}]","["""","""",""""]",,,,Trading goods or services directly for other goods without using money,Trading a power bank directly for a box of tissues without using any money.,When two people each have what the other person wants at the same time,"Failing to trade because you have cards but the other person needs tissues, and neither of you wants what the other has.",Anything used as a standard of value to make buying and selling easier,Using gold coins to buy an apple instead of having to find a specific trade partner who wants your spare staples.,The basic problem of having unlimited wants but limited resources,The fundamental problem that there wasn't enough bread printed for everyone in the room to finish their mission cards.,A temporary situations where people want more of a good than is available,,a general increase in prices and a fall in the purchasing value of money,A general rise in prices across the room because Mr Waugh injected more cash into the system.,A decrease in the general price of goods and services ,Prices for bookmarks dropping because Mr Waugh only had 29 gold coins and couldn't afford to pay the original price.,how quickly or easily an asset can be turned into cash to be spent,Mr Waugh randomly dropping extra dollar bills onto students' desks to increase the amount of cash available for trading.,when one person or group has complete control over a product or service,The 'Dead' students in the graveyard being the only ones left with wheat and charging whatever they wanted because there was no competition.,Focusing on a specific task or skill to become more efficient,One student focusing only on cutting paper while another focused only on taping to increase their total output of bookmarks.,Breaking a big job into smaller parts assigned to different people.,Breaking the bookmark-making process into a 'factory line' where each person performed one specific task.,Things that motivate a person to act in a certain way,,Making choices that provide the greatest personal benefit or satisfaction.,,The idea that individual self-interest naturally helps the economy balance itself.,,The effort of two or more parties acting independently to get the business of a third party.,
3/30/2026 11:14:38,31408,Adarsha.H,"[{""term"":""Barter"",""definition"":""Trading goods or services directly for other goods without using money"",""match"":""Trading a power bank directly for a box of tissues without using any money.""},{""term"":""Double Coincidence of Wants"",""definition"":""When two people each have what the other person wants at the same time"",""match"":""Failing to trade because you have cards but the other person needs tissues, and neither of you wants what the other has.""},{""term"":""Medium of Exchange"",""definition"":""Anything used as a standard of value to make buying and selling easier"",""match"":""Using gold coins to buy an apple instead of having to find a specific trade partner who wants your spare staples.""},{""term"":""Scarcity"",""definition"":""The basic problem of having unlimited wants but limited resources"",""match"":""The fundamental problem that there wasn't enough bread printed for everyone in the room to finish their mission cards.""},{""term"":""Shortage"",""definition"":""A temporary situations where people want more of a good than is available"",""match"":""""},{""term"":""Inflation"",""definition"":""a general increase in prices and a fall in the purchasing value of money"",""match"":""A general rise in prices across the room because Mr Waugh injected more cash into the system.""},{""term"":""Deflation"",""definition"":""A decrease in the general price of goods and services "",""match"":""Prices for bookmarks dropping because Mr Waugh only had 29 gold coins and couldn't afford to pay the original price.""},{""term"":""Liquidity"",""definition"":""how quickly or easily an asset can be turned into cash to be spent"",""match"":""Mr Waugh randomly dropping extra dollar bills onto students' desks to increase the amount of cash available for trading.""},{""term"":""Monopoly"",""definition"":""when one person or group has complete control over a product or service"",""match"":""The 'Dead' students in the graveyard being the only ones left with wheat and charging whatever they wanted because there was no competition.""},{""term"":""Specialization"",""definition"":""Focusing on a specific task or skill to become more efficient"",""match"":""One student focusing only on cutting paper while another focused only on taping to increase their total output of bookmarks.""},{""term"":""Division of Labor"",""definition"":""Breaking a big job into smaller parts assigned to different people."",""match"":""Breaking the bookmark-making process into a 'factory line' where each person performed one specific task.""},{""term"":""Incentives"",""definition"":""Things that motivate a person to act in a certain way"",""match"":""Students focusing solely on completing their own mission cards to 'survive,' regardless of how it impacted the rest of the market.""},{""term"":""Rational Self-Interest"",""definition"":""Making choices that provide the greatest personal benefit or satisfaction."",""match"":""""},{""term"":""The Invisible Hand"",""definition"":""The idea that individual self-interest naturally helps the economy balance itself."",""match"":""""},{""term"":""Competition"",""definition"":""The effort of two or more parties acting independently to get the business of a third party."",""match"":""""}]","["""","""",""""]",,,,Trading goods or services directly for other goods without using money,Trading a power bank directly for a box of tissues without using any money.,When two people each have what the other person wants at the same time,"Failing to trade because you have cards but the other person needs tissues, and neither of you wants what the other has.",Anything used as a standard of value to make buying and selling easier,Using gold coins to buy an apple instead of having to find a specific trade partner who wants your spare staples.,The basic problem of having unlimited wants but limited resources,The fundamental problem that there wasn't enough bread printed for everyone in the room to finish their mission cards.,A temporary situations where people want more of a good than is available,,a general increase in prices and a fall in the purchasing value of money,A general rise in prices across the room because Mr Waugh injected more cash into the system.,A decrease in the general price of goods and services ,Prices for bookmarks dropping because Mr Waugh only had 29 gold coins and couldn't afford to pay the original price.,how quickly or easily an asset can be turned into cash to be spent,Mr Waugh randomly dropping extra dollar bills onto students' desks to increase the amount of cash available for trading.,when one person or group has complete control over a product or service,The 'Dead' students in the graveyard being the only ones left with wheat and charging whatever they wanted because there was no competition.,Focusing on a specific task or skill to become more efficient,One student focusing only on cutting paper while another focused only on taping to increase their total output of bookmarks.,Breaking a big job into smaller parts assigned to different people.,Breaking the bookmark-making process into a 'factory line' where each person performed one specific task.,Things that motivate a person to act in a certain way,"Students focusing solely on completing their own mission cards to 'survive,' regardless of how it impacted the rest of the market.",Making choices that provide the greatest personal benefit or satisfaction.,,The idea that individual self-interest naturally helps the economy balance itself.,,The effort of two or more parties acting independently to get the business of a third party.,
3/30/2026 11:14:44,31408,Adarsha.H,"[{""term"":""Barter"",""definition"":""Trading goods or services directly for other goods without using money"",""match"":""Trading a power bank directly for a box of tissues without using any money.""},{""term"":""Double Coincidence of Wants"",""definition"":""When two people each have what the other person wants at the same time"",""match"":""Failing to trade because you have cards but the other person needs tissues, and neither of you wants what the other has.""},{""term"":""Medium of Exchange"",""definition"":""Anything used as a standard of value to make buying and selling easier"",""match"":""Using gold coins to buy an apple instead of having to find a specific trade partner who wants your spare staples.""},{""term"":""Scarcity"",""definition"":""The basic problem of having unlimited wants but limited resources"",""match"":""The fundamental problem that there wasn't enough bread printed for everyone in the room to finish their mission cards.""},{""term"":""Shortage"",""definition"":""A temporary situations where people want more of a good than is available"",""match"":""""},{""term"":""Inflation"",""definition"":""a general increase in prices and a fall in the purchasing value of money"",""match"":""A general rise in prices across the room because Mr Waugh injected more cash into the system.""},{""term"":""Deflation"",""definition"":""A decrease in the general price of goods and services "",""match"":""Prices for bookmarks dropping because Mr Waugh only had 29 gold coins and couldn't afford to pay the original price.""},{""term"":""Liquidity"",""definition"":""how quickly or easily an asset can be turned into cash to be spent"",""match"":""Mr Waugh randomly dropping extra dollar bills onto students' desks to increase the amount of cash available for trading.""},{""term"":""Monopoly"",""definition"":""when one person or group has complete control over a product or service"",""match"":""The 'Dead' students in the graveyard being the only ones left with wheat and charging whatever they wanted because there was no competition.""},{""term"":""Specialization"",""definition"":""Focusing on a specific task or skill to become more efficient"",""match"":""One student focusing only on cutting paper while another focused only on taping to increase their total output of bookmarks.""},{""term"":""Division of Labor"",""definition"":""Breaking a big job into smaller parts assigned to different people."",""match"":""Breaking the bookmark-making process into a 'factory line' where each person performed one specific task.""},{""term"":""Incentives"",""definition"":""Things that motivate a person to act in a certain way"",""match"":""""},{""term"":""Rational Self-Interest"",""definition"":""Making choices that provide the greatest personal benefit or satisfaction."",""match"":""""},{""term"":""The Invisible Hand"",""definition"":""The idea that individual self-interest naturally helps the economy balance itself."",""match"":""""},{""term"":""Competition"",""definition"":""The effort of two or more parties acting independently to get the business of a third party."",""match"":""""}]","["""","""",""""]",,,,Trading goods or services directly for other goods without using money,Trading a power bank directly for a box of tissues without using any money.,When two people each have what the other person wants at the same time,"Failing to trade because you have cards but the other person needs tissues, and neither of you wants what the other has.",Anything used as a standard of value to make buying and selling easier,Using gold coins to buy an apple instead of having to find a specific trade partner who wants your spare staples.,The basic problem of having unlimited wants but limited resources,The fundamental problem that there wasn't enough bread printed for everyone in the room to finish their mission cards.,A temporary situations where people want more of a good than is available,,a general increase in prices and a fall in the purchasing value of money,A general rise in prices across the room because Mr Waugh injected more cash into the system.,A decrease in the general price of goods and services ,Prices for bookmarks dropping because Mr Waugh only had 29 gold coins and couldn't afford to pay the original price.,how quickly or easily an asset can be turned into cash to be spent,Mr Waugh randomly dropping extra dollar bills onto students' desks to increase the amount of cash available for trading.,when one person or group has complete control over a product or service,The 'Dead' students in the graveyard being the only ones left with wheat and charging whatever they wanted because there was no competition.,Focusing on a specific task or skill to become more efficient,One student focusing only on cutting paper while another focused only on taping to increase their total output of bookmarks.,Breaking a big job into smaller parts assigned to different people.,Breaking the bookmark-making process into a 'factory line' where each person performed one specific task.,Things that motivate a person to act in a certain way,,Making choices that provide the greatest personal benefit or satisfaction.,,The idea that individual self-interest naturally helps the economy balance itself.,,The effort of two or more parties acting independently to get the business of a third party.,
3/30/2026 11:14:54,31408,Adarsha.H,"[{""term"":""Barter"",""definition"":""Trading goods or services directly for other goods without using money"",""match"":""Trading a power bank directly for a box of tissues without using any money.""},{""term"":""Double Coincidence of Wants"",""definition"":""When two people each have what the other person wants at the same time"",""match"":""Failing to trade because you have cards but the other person needs tissues, and neither of you wants what the other has.""},{""term"":""Medium of Exchange"",""definition"":""Anything used as a standard of value to make buying and selling easier"",""match"":""Using gold coins to buy an apple instead of having to find a specific trade partner who wants your spare staples.""},{""term"":""Scarcity"",""definition"":""The basic problem of having unlimited wants but limited resources"",""match"":""The fundamental problem that there wasn't enough bread printed for everyone in the room to finish their mission cards.""},{""term"":""Shortage"",""definition"":""A temporary situations where people want more of a good than is available"",""match"":""""},{""term"":""Inflation"",""definition"":""a general increase in prices and a fall in the purchasing value of money"",""match"":""A general rise in prices across the room because Mr Waugh injected more cash into the system.""},{""term"":""Deflation"",""definition"":""A decrease in the general price of goods and services "",""match"":""Prices for bookmarks dropping because Mr Waugh only had 29 gold coins and couldn't afford to pay the original price.""},{""term"":""Liquidity"",""definition"":""how quickly or easily an asset can be turned into cash to be spent"",""match"":""Mr Waugh randomly dropping extra dollar bills onto students' desks to increase the amount of cash available for trading.""},{""term"":""Monopoly"",""definition"":""when one person or group has complete control over a product or service"",""match"":""The 'Dead' students in the graveyard being the only ones left with wheat and charging whatever they wanted because there was no competition.""},{""term"":""Specialization"",""definition"":""Focusing on a specific task or skill to become more efficient"",""match"":""One student focusing only on cutting paper while another focused only on taping to increase their total output of bookmarks.""},{""term"":""Division of Labor"",""definition"":""Breaking a big job into smaller parts assigned to different people."",""match"":""Breaking the bookmark-making process into a 'factory line' where each person performed one specific task.""},{""term"":""Incentives"",""definition"":""Things that motivate a person to act in a certain way"",""match"":""Students forming 'corporations' because they realized they could earn more gold coins by working together than as individuals.""},{""term"":""Rational Self-Interest"",""definition"":""Making choices that provide the greatest personal benefit or satisfaction."",""match"":""""},{""term"":""The Invisible Hand"",""definition"":""The idea that individual self-interest naturally helps the economy balance itself."",""match"":""""},{""term"":""Competition"",""definition"":""The effort of two or more parties acting independently to get the business of a third party."",""match"":""""}]","["""","""",""""]",,,,Trading goods or services directly for other goods without using money,Trading a power bank directly for a box of tissues without using any money.,When two people each have what the other person wants at the same time,"Failing to trade because you have cards but the other person needs tissues, and neither of you wants what the other has.",Anything used as a standard of value to make buying and selling easier,Using gold coins to buy an apple instead of having to find a specific trade partner who wants your spare staples.,The basic problem of having unlimited wants but limited resources,The fundamental problem that there wasn't enough bread printed for everyone in the room to finish their mission cards.,A temporary situations where people want more of a good than is available,,a general increase in prices and a fall in the purchasing value of money,A general rise in prices across the room because Mr Waugh injected more cash into the system.,A decrease in the general price of goods and services ,Prices for bookmarks dropping because Mr Waugh only had 29 gold coins and couldn't afford to pay the original price.,how quickly or easily an asset can be turned into cash to be spent,Mr Waugh randomly dropping extra dollar bills onto students' desks to increase the amount of cash available for trading.,when one person or group has complete control over a product or service,The 'Dead' students in the graveyard being the only ones left with wheat and charging whatever they wanted because there was no competition.,Focusing on a specific task or skill to become more efficient,One student focusing only on cutting paper while another focused only on taping to increase their total output of bookmarks.,Breaking a big job into smaller parts assigned to different people.,Breaking the bookmark-making process into a 'factory line' where each person performed one specific task.,Things that motivate a person to act in a certain way,Students forming 'corporations' because they realized they could earn more gold coins by working together than as individuals.,Making choices that provide the greatest personal benefit or satisfaction.,,The idea that individual self-interest naturally helps the economy balance itself.,,The effort of two or more parties acting independently to get the business of a third party.,
3/30/2026 11:15:01,31408,Adarsha.H,"[{""term"":""Barter"",""definition"":""Trading goods or services directly for other goods without using money"",""match"":""Trading a power bank directly for a box of tissues without using any money.""},{""term"":""Double Coincidence of Wants"",""definition"":""When two people each have what the other person wants at the same time"",""match"":""Failing to trade because you have cards but the other person needs tissues, and neither of you wants what the other has.""},{""term"":""Medium of Exchange"",""definition"":""Anything used as a standard of value to make buying and selling easier"",""match"":""Using gold coins to buy an apple instead of having to find a specific trade partner who wants your spare staples.""},{""term"":""Scarcity"",""definition"":""The basic problem of having unlimited wants but limited resources"",""match"":""The fundamental problem that there wasn't enough bread printed for everyone in the room to finish their mission cards.""},{""term"":""Shortage"",""definition"":""A temporary situations where people want more of a good than is available"",""match"":""""},{""term"":""Inflation"",""definition"":""a general increase in prices and a fall in the purchasing value of money"",""match"":""A general rise in prices across the room because Mr Waugh injected more cash into the system.""},{""term"":""Deflation"",""definition"":""A decrease in the general price of goods and services "",""match"":""Prices for bookmarks dropping because Mr Waugh only had 29 gold coins and couldn't afford to pay the original price.""},{""term"":""Liquidity"",""definition"":""how quickly or easily an asset can be turned into cash to be spent"",""match"":""Mr Waugh randomly dropping extra dollar bills onto students' desks to increase the amount of cash available for trading.""},{""term"":""Monopoly"",""definition"":""when one person or group has complete control over a product or service"",""match"":""The 'Dead' students in the graveyard being the only ones left with wheat and charging whatever they wanted because there was no competition.""},{""term"":""Specialization"",""definition"":""Focusing on a specific task or skill to become more efficient"",""match"":""One student focusing only on cutting paper while another focused only on taping to increase their total output of bookmarks.""},{""term"":""Division of Labor"",""definition"":""Breaking a big job into smaller parts assigned to different people."",""match"":""Breaking the bookmark-making process into a 'factory line' where each person performed one specific task.""},{""term"":""Incentives"",""definition"":""Things that motivate a person to act in a certain way"",""match"":""Students forming 'corporations' because they realized they could earn more gold coins by working together than as individuals.""},{""term"":""Rational Self-Interest"",""definition"":""Making choices that provide the greatest personal benefit or satisfaction."",""match"":""Students focusing solely on completing their own mission cards to 'survive,' regardless of how it impacted the rest of the market.""},{""term"":""The Invisible Hand"",""definition"":""The idea that individual self-interest naturally helps the economy balance itself."",""match"":""""},{""term"":""Competition"",""definition"":""The effort of two or more parties acting independently to get the business of a third party."",""match"":""""}]","["""","""",""""]",,,,Trading goods or services directly for other goods without using money,Trading a power bank directly for a box of tissues without using any money.,When two people each have what the other person wants at the same time,"Failing to trade because you have cards but the other person needs tissues, and neither of you wants what the other has.",Anything used as a standard of value to make buying and selling easier,Using gold coins to buy an apple instead of having to find a specific trade partner who wants your spare staples.,The basic problem of having unlimited wants but limited resources,The fundamental problem that there wasn't enough bread printed for everyone in the room to finish their mission cards.,A temporary situations where people want more of a good than is available,,a general increase in prices and a fall in the purchasing value of money,A general rise in prices across the room because Mr Waugh injected more cash into the system.,A decrease in the general price of goods and services ,Prices for bookmarks dropping because Mr Waugh only had 29 gold coins and couldn't afford to pay the original price.,how quickly or easily an asset can be turned into cash to be spent,Mr Waugh randomly dropping extra dollar bills onto students' desks to increase the amount of cash available for trading.,when one person or group has complete control over a product or service,The 'Dead' students in the graveyard being the only ones left with wheat and charging whatever they wanted because there was no competition.,Focusing on a specific task or skill to become more efficient,One student focusing only on cutting paper while another focused only on taping to increase their total output of bookmarks.,Breaking a big job into smaller parts assigned to different people.,Breaking the bookmark-making process into a 'factory line' where each person performed one specific task.,Things that motivate a person to act in a certain way,Students forming 'corporations' because they realized they could earn more gold coins by working together than as individuals.,Making choices that provide the greatest personal benefit or satisfaction.,"Students focusing solely on completing their own mission cards to 'survive,' regardless of how it impacted the rest of the market.",The idea that individual self-interest naturally helps the economy balance itself.,,The effort of two or more parties acting independently to get the business of a third party.,
3/30/2026 11:15:16,31408,Adarsha.H,"[{""term"":""Barter"",""definition"":""Trading goods or services directly for other goods without using money"",""match"":""Trading a power bank directly for a box of tissues without using any money.""},{""term"":""Double Coincidence of Wants"",""definition"":""When two people each have what the other person wants at the same time"",""match"":""Failing to trade because you have cards but the other person needs tissues, and neither of you wants what the other has.""},{""term"":""Medium of Exchange"",""definition"":""Anything used as a standard of value to make buying and selling easier"",""match"":""Using gold coins to buy an apple instead of having to find a specific trade partner who wants your spare staples.""},{""term"":""Scarcity"",""definition"":""The basic problem of having unlimited wants but limited resources"",""match"":""The fundamental problem that there wasn't enough bread printed for everyone in the room to finish their mission cards.""},{""term"":""Shortage"",""definition"":""A temporary situations where people want more of a good than is available"",""match"":""""},{""term"":""Inflation"",""definition"":""a general increase in prices and a fall in the purchasing value of money"",""match"":""A general rise in prices across the room because Mr Waugh injected more cash into the system.""},{""term"":""Deflation"",""definition"":""A decrease in the general price of goods and services "",""match"":""Prices for bookmarks dropping because Mr Waugh only had 29 gold coins and couldn't afford to pay the original price.""},{""term"":""Liquidity"",""definition"":""how quickly or easily an asset can be turned into cash to be spent"",""match"":""Mr Waugh randomly dropping extra dollar bills onto students' desks to increase the amount of cash available for trading.""},{""term"":""Monopoly"",""definition"":""when one person or group has complete control over a product or service"",""match"":""The 'Dead' students in the graveyard being the only ones left with wheat and charging whatever they wanted because there was no competition.""},{""term"":""Specialization"",""definition"":""Focusing on a specific task or skill to become more efficient"",""match"":""One student focusing only on cutting paper while another focused only on taping to increase their total output of bookmarks.""},{""term"":""Division of Labor"",""definition"":""Breaking a big job into smaller parts assigned to different people."",""match"":""Breaking the bookmark-making process into a 'factory line' where each person performed one specific task.""},{""term"":""Incentives"",""definition"":""Things that motivate a person to act in a certain way"",""match"":""Students forming 'corporations' because they realized they could earn more gold coins by working together than as individuals.""},{""term"":""Rational Self-Interest"",""definition"":""Making choices that provide the greatest personal benefit or satisfaction."",""match"":""Students focusing solely on completing their own mission cards to 'survive,' regardless of how it impacted the rest of the market.""},{""term"":""The Invisible Hand"",""definition"":""The idea that individual self-interest naturally helps the economy balance itself."",""match"":""Prices for bread and wheat adjusting naturally based on student demand after the drought, without Mr Waugh setting a price.""},{""term"":""Competition"",""definition"":""The effort of two or more parties acting independently to get the business of a third party."",""match"":""""}]","["""","""",""""]",,,,Trading goods or services directly for other goods without using money,Trading a power bank directly for a box of tissues without using any money.,When two people each have what the other person wants at the same time,"Failing to trade because you have cards but the other person needs tissues, and neither of you wants what the other has.",Anything used as a standard of value to make buying and selling easier,Using gold coins to buy an apple instead of having to find a specific trade partner who wants your spare staples.,The basic problem of having unlimited wants but limited resources,The fundamental problem that there wasn't enough bread printed for everyone in the room to finish their mission cards.,A temporary situations where people want more of a good than is available,,a general increase in prices and a fall in the purchasing value of money,A general rise in prices across the room because Mr Waugh injected more cash into the system.,A decrease in the general price of goods and services ,Prices for bookmarks dropping because Mr Waugh only had 29 gold coins and couldn't afford to pay the original price.,how quickly or easily an asset can be turned into cash to be spent,Mr Waugh randomly dropping extra dollar bills onto students' desks to increase the amount of cash available for trading.,when one person or group has complete control over a product or service,The 'Dead' students in the graveyard being the only ones left with wheat and charging whatever they wanted because there was no competition.,Focusing on a specific task or skill to become more efficient,One student focusing only on cutting paper while another focused only on taping to increase their total output of bookmarks.,Breaking a big job into smaller parts assigned to different people.,Breaking the bookmark-making process into a 'factory line' where each person performed one specific task.,Things that motivate a person to act in a certain way,Students forming 'corporations' because they realized they could earn more gold coins by working together than as individuals.,Making choices that provide the greatest personal benefit or satisfaction.,"Students focusing solely on completing their own mission cards to 'survive,' regardless of how it impacted the rest of the market.",The idea that individual self-interest naturally helps the economy balance itself.,"Prices for bread and wheat adjusting naturally based on student demand after the drought, without Mr Waugh setting a price.",The effort of two or more parties acting independently to get the business of a third party.,
3/30/2026 11:15:23,31408,Adarsha.H,"[{""term"":""Barter"",""definition"":""Trading goods or services directly for other goods without using money"",""match"":""Trading a power bank directly for a box of tissues without using any money.""},{""term"":""Double Coincidence of Wants"",""definition"":""When two people each have what the other person wants at the same time"",""match"":""Failing to trade because you have cards but the other person needs tissues, and neither of you wants what the other has.""},{""term"":""Medium of Exchange"",""definition"":""Anything used as a standard of value to make buying and selling easier"",""match"":""Using gold coins to buy an apple instead of having to find a specific trade partner who wants your spare staples.""},{""term"":""Scarcity"",""definition"":""The basic problem of having unlimited wants but limited resources"",""match"":""The fundamental problem that there wasn't enough bread printed for everyone in the room to finish their mission cards.""},{""term"":""Shortage"",""definition"":""A temporary situations where people want more of a good than is available"",""match"":""""},{""term"":""Inflation"",""definition"":""a general increase in prices and a fall in the purchasing value of money"",""match"":""A general rise in prices across the room because Mr Waugh injected more cash into the system.""},{""term"":""Deflation"",""definition"":""A decrease in the general price of goods and services "",""match"":""Prices for bookmarks dropping because Mr Waugh only had 29 gold coins and couldn't afford to pay the original price.""},{""term"":""Liquidity"",""definition"":""how quickly or easily an asset can be turned into cash to be spent"",""match"":""Mr Waugh randomly dropping extra dollar bills onto students' desks to increase the amount of cash available for trading.""},{""term"":""Monopoly"",""definition"":""when one person or group has complete control over a product or service"",""match"":""The 'Dead' students in the graveyard being the only ones left with wheat and charging whatever they wanted because there was no competition.""},{""term"":""Specialization"",""definition"":""Focusing on a specific task or skill to become more efficient"",""match"":""One student focusing only on cutting paper while another focused only on taping to increase their total output of bookmarks.""},{""term"":""Division of Labor"",""definition"":""Breaking a big job into smaller parts assigned to different people."",""match"":""Breaking the bookmark-making process into a 'factory line' where each person performed one specific task.""},{""term"":""Incentives"",""definition"":""Things that motivate a person to act in a certain way"",""match"":""Students forming 'corporations' because they realized they could earn more gold coins by working together than as individuals.""},{""term"":""Rational Self-Interest"",""definition"":""Making choices that provide the greatest personal benefit or satisfaction."",""match"":""Students focusing solely on completing their own mission cards to 'survive,' regardless of how it impacted the rest of the market.""},{""term"":""The Invisible Hand"",""definition"":""The idea that individual self-interest naturally helps the economy balance itself."",""match"":""Prices for bread and wheat adjusting naturally based on student demand after the drought, without Mr Waugh setting a price.""},{""term"":""Competition"",""definition"":""The effort of two or more parties acting independently to get the business of a third party."",""match"":""The 'Artisan' student producing a single high-quality bookmark while the 'Corporation' next to him produced ten faster, forcing everyone to consider price vs. quality.""}]","["""","""",""""]",,,,Trading goods or services directly for other goods without using money,Trading a power bank directly for a box of tissues without using any money.,When two people each have what the other person wants at the same time,"Failing to trade because you have cards but the other person needs tissues, and neither of you wants what the other has.",Anything used as a standard of value to make buying and selling easier,Using gold coins to buy an apple instead of having to find a specific trade partner who wants your spare staples.,The basic problem of having unlimited wants but limited resources,The fundamental problem that there wasn't enough bread printed for everyone in the room to finish their mission cards.,A temporary situations where people want more of a good than is available,,a general increase in prices and a fall in the purchasing value of money,A general rise in prices across the room because Mr Waugh injected more cash into the system.,A decrease in the general price of goods and services ,Prices for bookmarks dropping because Mr Waugh only had 29 gold coins and couldn't afford to pay the original price.,how quickly or easily an asset can be turned into cash to be spent,Mr Waugh randomly dropping extra dollar bills onto students' desks to increase the amount of cash available for trading.,when one person or group has complete control over a product or service,The 'Dead' students in the graveyard being the only ones left with wheat and charging whatever they wanted because there was no competition.,Focusing on a specific task or skill to become more efficient,One student focusing only on cutting paper while another focused only on taping to increase their total output of bookmarks.,Breaking a big job into smaller parts assigned to different people.,Breaking the bookmark-making process into a 'factory line' where each person performed one specific task.,Things that motivate a person to act in a certain way,Students forming 'corporations' because they realized they could earn more gold coins by working together than as individuals.,Making choices that provide the greatest personal benefit or satisfaction.,"Students focusing solely on completing their own mission cards to 'survive,' regardless of how it impacted the rest of the market.",The idea that individual self-interest naturally helps the economy balance itself.,"Prices for bread and wheat adjusting naturally based on student demand after the drought, without Mr Waugh setting a price.",The effort of two or more parties acting independently to get the business of a third party.,"The 'Artisan' student producing a single high-quality bookmark while the 'Corporation' next to him produced ten faster, forcing everyone to consider price vs. quality."
3/30/2026 11:35:17,31408,Adarsha.H,"[{""term"":""Barter"",""definition"":""Trading goods for goods without money"",""match"":""""},{""term"":""Double Coincidence of Wants"",""definition"":""Both people having exactly what the other wants to trade"",""match"":""""},{""term"":""Medium of Exchange"",""definition"":""using money to make buying and selling easier"",""match"":""""},{""term"":""Scarcity"",""definition"":""Not having enough resources for everyone’s wants "",""match"":""""},{""term"":""Shortage"",""definition"":""Not enough of specific item available right now"",""match"":""""},{""term"":""Inflation"",""definition"":""price going up across the board"",""match"":""""},{""term"":""Deflation"",""definition"":""prices going down across the board"",""match"":""""},{""term"":""Liquidity"",""definition"":""How easily an item can be turned into spendable cash"",""match"":""""},{""term"":""Monopoly"",""definition"":""one person or company controlling the whole market"",""match"":""""},{""term"":""Specialization"",""definition"":""Focusing on one specific skill or job"",""match"":""""},{""term"":""Division of Labor"",""definition"":""breaking a big job into small steps or different people"",""match"":""""},{""term"":""Incentives"",""definition"":""rewards that make people want to work more"",""match"":""""},{""term"":""Rational Self-Interest"",""definition"":""making choices that benefit you the most"",""match"":""""},{""term"":""The Invisible Hand"",""definition"":""Market balancing theme sleeves naturally without rules"",""match"":""""},{""term"":""Competition"",""definition"":""multiple sellers trying to get the same customer"",""match"":""""}]","["""","""",""""]",,,,Trading goods for goods without money,,Both people having exactly what the other wants to trade,,using money to make buying and selling easier,,Not having enough resources for everyone’s wants ,,Not enough of specific item available right now,,price going up across the board,,prices going down across the board,,How easily an item can be turned into spendable cash,,one person or company controlling the whole market,,Focusing on one specific skill or job,,breaking a big job into small steps or different people,,rewards that make people want to work more,,making choices that benefit you the most,,Market balancing theme sleeves naturally without rules,,multiple sellers trying to get the same customer,
3/30/2026 11:35:43,31408,Adarsha.H,"[{""term"":""Barter"",""definition"":""Trading goods for goods without money"",""match"":""Trading a power bank directly for a box of tissues without using any money.""},{""term"":""Double Coincidence of Wants"",""definition"":""Both people having exactly what the other wants to trade"",""match"":""""},{""term"":""Medium of Exchange"",""definition"":""using money to make buying and selling easier"",""match"":""""},{""term"":""Scarcity"",""definition"":""Not having enough resources for everyone’s wants "",""match"":""""},{""term"":""Shortage"",""definition"":""Not enough of specific item available right now"",""match"":""""},{""term"":""Inflation"",""definition"":""price going up across the board"",""match"":""""},{""term"":""Deflation"",""definition"":""prices going down across the board"",""match"":""""},{""term"":""Liquidity"",""definition"":""How easily an item can be turned into spendable cash"",""match"":""""},{""term"":""Monopoly"",""definition"":""one person or company controlling the whole market"",""match"":""""},{""term"":""Specialization"",""definition"":""Focusing on one specific skill or job"",""match"":""""},{""term"":""Division of Labor"",""definition"":""breaking a big job into small steps or different people"",""match"":""""},{""term"":""Incentives"",""definition"":""rewards that make people want to work more"",""match"":""""},{""term"":""Rational Self-Interest"",""definition"":""making choices that benefit you the most"",""match"":""""},{""term"":""The Invisible Hand"",""definition"":""Market balancing theme sleeves naturally without rules"",""match"":""""},{""term"":""Competition"",""definition"":""multiple sellers trying to get the same customer"",""match"":""""}]","["""","""",""""]",,,,Trading goods for goods without money,Trading a power bank directly for a box of tissues without using any money.,Both people having exactly what the other wants to trade,,using money to make buying and selling easier,,Not having enough resources for everyone’s wants ,,Not enough of specific item available right now,,price going up across the board,,prices going down across the board,,How easily an item can be turned into spendable cash,,one person or company controlling the whole market,,Focusing on one specific skill or job,,breaking a big job into small steps or different people,,rewards that make people want to work more,,making choices that benefit you the most,,Market balancing theme sleeves naturally without rules,,multiple sellers trying to get the same customer,
3/30/2026 11:35:58,31408,Adarsha.H,"[{""term"":""Barter"",""definition"":""Trading goods for goods without money"",""match"":""Trading a power bank directly for a box of tissues without using any money.""},{""term"":""Double Coincidence of Wants"",""definition"":""Both people having exactly what the other wants to trade"",""match"":""Failing to trade because you have cards but the other person needs tissues, and neither of you wants what the other has.""},{""term"":""Medium of Exchange"",""definition"":""using money to make buying and selling easier"",""match"":""""},{""term"":""Scarcity"",""definition"":""Not having enough resources for everyone’s wants "",""match"":""""},{""term"":""Shortage"",""definition"":""Not enough of specific item available right now"",""match"":""""},{""term"":""Inflation"",""definition"":""price going up across the board"",""match"":""""},{""term"":""Deflation"",""definition"":""prices going down across the board"",""match"":""""},{""term"":""Liquidity"",""definition"":""How easily an item can be turned into spendable cash"",""match"":""""},{""term"":""Monopoly"",""definition"":""one person or company controlling the whole market"",""match"":""""},{""term"":""Specialization"",""definition"":""Focusing on one specific skill or job"",""match"":""""},{""term"":""Division of Labor"",""definition"":""breaking a big job into small steps or different people"",""match"":""""},{""term"":""Incentives"",""definition"":""rewards that make people want to work more"",""match"":""""},{""term"":""Rational Self-Interest"",""definition"":""making choices that benefit you the most"",""match"":""""},{""term"":""The Invisible Hand"",""definition"":""Market balancing theme sleeves naturally without rules"",""match"":""""},{""term"":""Competition"",""definition"":""multiple sellers trying to get the same customer"",""match"":""""}]","["""","""",""""]",,,,Trading goods for goods without money,Trading a power bank directly for a box of tissues without using any money.,Both people having exactly what the other wants to trade,"Failing to trade because you have cards but the other person needs tissues, and neither of you wants what the other has.",using money to make buying and selling easier,,Not having enough resources for everyone’s wants ,,Not enough of specific item available right now,,price going up across the board,,prices going down across the board,,How easily an item can be turned into spendable cash,,one person or company controlling the whole market,,Focusing on one specific skill or job,,breaking a big job into small steps or different people,,rewards that make people want to work more,,making choices that benefit you the most,,Market balancing theme sleeves naturally without rules,,multiple sellers trying to get the same customer,
3/30/2026 11:36:11,31408,Adarsha.H,"[{""term"":""Barter"",""definition"":""Trading goods for goods without money"",""match"":""Trading a power bank directly for a box of tissues without using any money.""},{""term"":""Double Coincidence of Wants"",""definition"":""Both people having exactly what the other wants to trade"",""match"":""Failing to trade because you have cards but the other person needs tissues, and neither of you wants what the other has.""},{""term"":""Medium of Exchange"",""definition"":""using money to make buying and selling easier"",""match"":""Using gold coins to buy an apple instead of having to find a specific trade partner who wants your spare staples.""},{""term"":""Scarcity"",""definition"":""Not having enough resources for everyone’s wants "",""match"":""""},{""term"":""Shortage"",""definition"":""Not enough of specific item available right now"",""match"":""""},{""term"":""Inflation"",""definition"":""price going up across the board"",""match"":""""},{""term"":""Deflation"",""definition"":""prices going down across the board"",""match"":""""},{""term"":""Liquidity"",""definition"":""How easily an item can be turned into spendable cash"",""match"":""""},{""term"":""Monopoly"",""definition"":""one person or company controlling the whole market"",""match"":""""},{""term"":""Specialization"",""definition"":""Focusing on one specific skill or job"",""match"":""""},{""term"":""Division of Labor"",""definition"":""breaking a big job into small steps or different people"",""match"":""""},{""term"":""Incentives"",""definition"":""rewards that make people want to work more"",""match"":""""},{""term"":""Rational Self-Interest"",""definition"":""making choices that benefit you the most"",""match"":""""},{""term"":""The Invisible Hand"",""definition"":""Market balancing theme sleeves naturally without rules"",""match"":""""},{""term"":""Competition"",""definition"":""multiple sellers trying to get the same customer"",""match"":""""}]","["""","""",""""]",,,,Trading goods for goods without money,Trading a power bank directly for a box of tissues without using any money.,Both people having exactly what the other wants to trade,"Failing to trade because you have cards but the other person needs tissues, and neither of you wants what the other has.",using money to make buying and selling easier,Using gold coins to buy an apple instead of having to find a specific trade partner who wants your spare staples.,Not having enough resources for everyone’s wants ,,Not enough of specific item available right now,,price going up across the board,,prices going down across the board,,How easily an item can be turned into spendable cash,,one person or company controlling the whole market,,Focusing on one specific skill or job,,breaking a big job into small steps or different people,,rewards that make people want to work more,,making choices that benefit you the most,,Market balancing theme sleeves naturally without rules,,multiple sellers trying to get the same customer,
3/30/2026 11:36:29,31408,Adarsha.H,"[{""term"":""Barter"",""definition"":""Trading goods for goods without money"",""match"":""Trading a power bank directly for a box of tissues without using any money.""},{""term"":""Double Coincidence of Wants"",""definition"":""Both people having exactly what the other wants to trade"",""match"":""Failing to trade because you have cards but the other person needs tissues, and neither of you wants what the other has.""},{""term"":""Medium of Exchange"",""definition"":""using money to make buying and selling easier"",""match"":""Using gold coins to buy an apple instead of having to find a specific trade partner who wants your spare staples.""},{""term"":""Scarcity"",""definition"":""Not having enough resources for everyone’s wants "",""match"":""The fundamental problem that there wasn't enough bread printed for everyone in the room to finish their mission cards.""},{""term"":""Shortage"",""definition"":""Not enough of specific item available right now"",""match"":""""},{""term"":""Inflation"",""definition"":""price going up across the board"",""match"":""""},{""term"":""Deflation"",""definition"":""prices going down across the board"",""match"":""""},{""term"":""Liquidity"",""definition"":""How easily an item can be turned into spendable cash"",""match"":""""},{""term"":""Monopoly"",""definition"":""one person or company controlling the whole market"",""match"":""""},{""term"":""Specialization"",""definition"":""Focusing on one specific skill or job"",""match"":""""},{""term"":""Division of Labor"",""definition"":""breaking a big job into small steps or different people"",""match"":""""},{""term"":""Incentives"",""definition"":""rewards that make people want to work more"",""match"":""""},{""term"":""Rational Self-Interest"",""definition"":""making choices that benefit you the most"",""match"":""""},{""term"":""The Invisible Hand"",""definition"":""Market balancing theme sleeves naturally without rules"",""match"":""""},{""term"":""Competition"",""definition"":""multiple sellers trying to get the same customer"",""match"":""""}]","["""","""",""""]",,,,Trading goods for goods without money,Trading a power bank directly for a box of tissues without using any money.,Both people having exactly what the other wants to trade,"Failing to trade because you have cards but the other person needs tissues, and neither of you wants what the other has.",using money to make buying and selling easier,Using gold coins to buy an apple instead of having to find a specific trade partner who wants your spare staples.,Not having enough resources for everyone’s wants ,The fundamental problem that there wasn't enough bread printed for everyone in the room to finish their mission cards.,Not enough of specific item available right now,,price going up across the board,,prices going down across the board,,How easily an item can be turned into spendable cash,,one person or company controlling the whole market,,Focusing on one specific skill or job,,breaking a big job into small steps or different people,,rewards that make people want to work more,,making choices that benefit you the most,,Market balancing theme sleeves naturally without rules,,multiple sellers trying to get the same customer,
3/30/2026 11:37:39,31408,Adarsha.H,"[{""term"":""Barter"",""definition"":""Trading goods for goods without money"",""match"":""Trading a power bank directly for a box of tissues without using any money.""},{""term"":""Double Coincidence of Wants"",""definition"":""Both people having exactly what the other wants to trade"",""match"":""Failing to trade because you have cards but the other person needs tissues, and neither of you wants what the other has.""},{""term"":""Medium of Exchange"",""definition"":""using money to make buying and selling easier"",""match"":""Using gold coins to buy an apple instead of having to find a specific trade partner who wants your spare staples.""},{""term"":""Scarcity"",""definition"":""Not having enough resources for everyone’s wants "",""match"":""The fundamental problem that there wasn't enough bread printed for everyone in the room to finish their mission cards.""},{""term"":""Shortage"",""definition"":""Not enough of specific item available right now"",""match"":""""},{""term"":""Inflation"",""definition"":""price going up across the board"",""match"":""A general rise in prices across the room because Mr Waugh injected more cash into the system.""},{""term"":""Deflation"",""definition"":""prices going down across the board"",""match"":""""},{""term"":""Liquidity"",""definition"":""How easily an item can be turned into spendable cash"",""match"":""""},{""term"":""Monopoly"",""definition"":""one person or company controlling the whole market"",""match"":""""},{""term"":""Specialization"",""definition"":""Focusing on one specific skill or job"",""match"":""""},{""term"":""Division of Labor"",""definition"":""breaking a big job into small steps or different people"",""match"":""""},{""term"":""Incentives"",""definition"":""rewards that make people want to work more"",""match"":""""},{""term"":""Rational Self-Interest"",""definition"":""making choices that benefit you the most"",""match"":""""},{""term"":""The Invisible Hand"",""definition"":""Market balancing theme sleeves naturally without rules"",""match"":""""},{""term"":""Competition"",""definition"":""multiple sellers trying to get the same customer"",""match"":""""}]","["""","""",""""]",,,,Trading goods for goods without money,Trading a power bank directly for a box of tissues without using any money.,Both people having exactly what the other wants to trade,"Failing to trade because you have cards but the other person needs tissues, and neither of you wants what the other has.",using money to make buying and selling easier,Using gold coins to buy an apple instead of having to find a specific trade partner who wants your spare staples.,Not having enough resources for everyone’s wants ,The fundamental problem that there wasn't enough bread printed for everyone in the room to finish their mission cards.,Not enough of specific item available right now,,price going up across the board,A general rise in prices across the room because Mr Waugh injected more cash into the system.,prices going down across the board,,How easily an item can be turned into spendable cash,,one person or company controlling the whole market,,Focusing on one specific skill or job,,breaking a big job into small steps or different people,,rewards that make people want to work more,,making choices that benefit you the most,,Market balancing theme sleeves naturally without rules,,multiple sellers trying to get the same customer,
3/30/2026 11:37:48,31408,Adarsha.H,"[{""term"":""Barter"",""definition"":""Trading goods for goods without money"",""match"":""Trading a power bank directly for a box of tissues without using any money.""},{""term"":""Double Coincidence of Wants"",""definition"":""Both people having exactly what the other wants to trade"",""match"":""Failing to trade because you have cards but the other person needs tissues, and neither of you wants what the other has.""},{""term"":""Medium of Exchange"",""definition"":""using money to make buying and selling easier"",""match"":""Using gold coins to buy an apple instead of having to find a specific trade partner who wants your spare staples.""},{""term"":""Scarcity"",""definition"":""Not having enough resources for everyone’s wants "",""match"":""The fundamental problem that there wasn't enough bread printed for everyone in the room to finish their mission cards.""},{""term"":""Shortage"",""definition"":""Not enough of specific item available right now"",""match"":""""},{""term"":""Inflation"",""definition"":""price going up across the board"",""match"":""A general rise in prices across the room because Mr Waugh injected more cash into the system.""},{""term"":""Deflation"",""definition"":""prices going down across the board"",""match"":""Prices for bookmarks dropping because Mr Waugh only had 29 gold coins and couldn't afford to pay the original price.""},{""term"":""Liquidity"",""definition"":""How easily an item can be turned into spendable cash"",""match"":""""},{""term"":""Monopoly"",""definition"":""one person or company controlling the whole market"",""match"":""""},{""term"":""Specialization"",""definition"":""Focusing on one specific skill or job"",""match"":""""},{""term"":""Division of Labor"",""definition"":""breaking a big job into small steps or different people"",""match"":""""},{""term"":""Incentives"",""definition"":""rewards that make people want to work more"",""match"":""""},{""term"":""Rational Self-Interest"",""definition"":""making choices that benefit you the most"",""match"":""""},{""term"":""The Invisible Hand"",""definition"":""Market balancing theme sleeves naturally without rules"",""match"":""""},{""term"":""Competition"",""definition"":""multiple sellers trying to get the same customer"",""match"":""""}]","["""","""",""""]",,,,Trading goods for goods without money,Trading a power bank directly for a box of tissues without using any money.,Both people having exactly what the other wants to trade,"Failing to trade because you have cards but the other person needs tissues, and neither of you wants what the other has.",using money to make buying and selling easier,Using gold coins to buy an apple instead of having to find a specific trade partner who wants your spare staples.,Not having enough resources for everyone’s wants ,The fundamental problem that there wasn't enough bread printed for everyone in the room to finish their mission cards.,Not enough of specific item available right now,,price going up across the board,A general rise in prices across the room because Mr Waugh injected more cash into the system.,prices going down across the board,Prices for bookmarks dropping because Mr Waugh only had 29 gold coins and couldn't afford to pay the original price.,How easily an item can be turned into spendable cash,,one person or company controlling the whole market,,Focusing on one specific skill or job,,breaking a big job into small steps or different people,,rewards that make people want to work more,,making choices that benefit you the most,,Market balancing theme sleeves naturally without rules,,multiple sellers trying to get the same customer,
3/30/2026 11:37:57,31408,Adarsha.H,"[{""term"":""Barter"",""definition"":""Trading goods for goods without money"",""match"":""Trading a power bank directly for a box of tissues without using any money.""},{""term"":""Double Coincidence of Wants"",""definition"":""Both people having exactly what the other wants to trade"",""match"":""Failing to trade because you have cards but the other person needs tissues, and neither of you wants what the other has.""},{""term"":""Medium of Exchange"",""definition"":""using money to make buying and selling easier"",""match"":""Using gold coins to buy an apple instead of having to find a specific trade partner who wants your spare staples.""},{""term"":""Scarcity"",""definition"":""Not having enough resources for everyone’s wants "",""match"":""The fundamental problem that there wasn't enough bread printed for everyone in the room to finish their mission cards.""},{""term"":""Shortage"",""definition"":""Not enough of specific item available right now"",""match"":""""},{""term"":""Inflation"",""definition"":""price going up across the board"",""match"":""A general rise in prices across the room because Mr Waugh injected more cash into the system.""},{""term"":""Deflation"",""definition"":""prices going down across the board"",""match"":""Prices for bookmarks dropping because Mr Waugh only had 29 gold coins and couldn't afford to pay the original price.""},{""term"":""Liquidity"",""definition"":""How easily an item can be turned into spendable cash"",""match"":""Mr Waugh randomly dropping extra dollar bills onto students' desks to increase the amount of cash available for trading.""},{""term"":""Monopoly"",""definition"":""one person or company controlling the whole market"",""match"":""""},{""term"":""Specialization"",""definition"":""Focusing on one specific skill or job"",""match"":""""},{""term"":""Division of Labor"",""definition"":""breaking a big job into small steps or different people"",""match"":""""},{""term"":""Incentives"",""definition"":""rewards that make people want to work more"",""match"":""""},{""term"":""Rational Self-Interest"",""definition"":""making choices that benefit you the most"",""match"":""""},{""term"":""The Invisible Hand"",""definition"":""Market balancing theme sleeves naturally without rules"",""match"":""""},{""term"":""Competition"",""definition"":""multiple sellers trying to get the same customer"",""match"":""""}]","["""","""",""""]",,,,Trading goods for goods without money,Trading a power bank directly for a box of tissues without using any money.,Both people having exactly what the other wants to trade,"Failing to trade because you have cards but the other person needs tissues, and neither of you wants what the other has.",using money to make buying and selling easier,Using gold coins to buy an apple instead of having to find a specific trade partner who wants your spare staples.,Not having enough resources for everyone’s wants ,The fundamental problem that there wasn't enough bread printed for everyone in the room to finish their mission cards.,Not enough of specific item available right now,,price going up across the board,A general rise in prices across the room because Mr Waugh injected more cash into the system.,prices going down across the board,Prices for bookmarks dropping because Mr Waugh only had 29 gold coins and couldn't afford to pay the original price.,How easily an item can be turned into spendable cash,Mr Waugh randomly dropping extra dollar bills onto students' desks to increase the amount of cash available for trading.,one person or company controlling the whole market,,Focusing on one specific skill or job,,breaking a big job into small steps or different people,,rewards that make people want to work more,,making choices that benefit you the most,,Market balancing theme sleeves naturally without rules,,multiple sellers trying to get the same customer,
3/30/2026 11:38:06,31408,Adarsha.H,"[{""term"":""Barter"",""definition"":""Trading goods for goods without money"",""match"":""Trading a power bank directly for a box of tissues without using any money.""},{""term"":""Double Coincidence of Wants"",""definition"":""Both people having exactly what the other wants to trade"",""match"":""Failing to trade because you have cards but the other person needs tissues, and neither of you wants what the other has.""},{""term"":""Medium of Exchange"",""definition"":""using money to make buying and selling easier"",""match"":""Using gold coins to buy an apple instead of having to find a specific trade partner who wants your spare staples.""},{""term"":""Scarcity"",""definition"":""Not having enough resources for everyone’s wants "",""match"":""The fundamental problem that there wasn't enough bread printed for everyone in the room to finish their mission cards.""},{""term"":""Shortage"",""definition"":""Not enough of specific item available right now"",""match"":""""},{""term"":""Inflation"",""definition"":""price going up across the board"",""match"":""A general rise in prices across the room because Mr Waugh injected more cash into the system.""},{""term"":""Deflation"",""definition"":""prices going down across the board"",""match"":""Prices for bookmarks dropping because Mr Waugh only had 29 gold coins and couldn't afford to pay the original price.""},{""term"":""Liquidity"",""definition"":""How easily an item can be turned into spendable cash"",""match"":""Mr Waugh randomly dropping extra dollar bills onto students' desks to increase the amount of cash available for trading.""},{""term"":""Monopoly"",""definition"":""one person or company controlling the whole market"",""match"":""The 'Dead' students in the graveyard being the only ones left with wheat and charging whatever they wanted because there was no competition.""},{""term"":""Specialization"",""definition"":""Focusing on one specific skill or job"",""match"":""""},{""term"":""Division of Labor"",""definition"":""breaking a big job into small steps or different people"",""match"":""""},{""term"":""Incentives"",""definition"":""rewards that make people want to work more"",""match"":""""},{""term"":""Rational Self-Interest"",""definition"":""making choices that benefit you the most"",""match"":""""},{""term"":""The Invisible Hand"",""definition"":""Market balancing theme sleeves naturally without rules"",""match"":""""},{""term"":""Competition"",""definition"":""multiple sellers trying to get the same customer"",""match"":""""}]","["""","""",""""]",,,,Trading goods for goods without money,Trading a power bank directly for a box of tissues without using any money.,Both people having exactly what the other wants to trade,"Failing to trade because you have cards but the other person needs tissues, and neither of you wants what the other has.",using money to make buying and selling easier,Using gold coins to buy an apple instead of having to find a specific trade partner who wants your spare staples.,Not having enough resources for everyone’s wants ,The fundamental problem that there wasn't enough bread printed for everyone in the room to finish their mission cards.,Not enough of specific item available right now,,price going up across the board,A general rise in prices across the room because Mr Waugh injected more cash into the system.,prices going down across the board,Prices for bookmarks dropping because Mr Waugh only had 29 gold coins and couldn't afford to pay the original price.,How easily an item can be turned into spendable cash,Mr Waugh randomly dropping extra dollar bills onto students' desks to increase the amount of cash available for trading.,one person or company controlling the whole market,The 'Dead' students in the graveyard being the only ones left with wheat and charging whatever they wanted because there was no competition.,Focusing on one specific skill or job,,breaking a big job into small steps or different people,,rewards that make people want to work more,,making choices that benefit you the most,,Market balancing theme sleeves naturally without rules,,multiple sellers trying to get the same customer,
3/30/2026 11:38:14,31408,Adarsha.H,"[{""term"":""Barter"",""definition"":""Trading goods for goods without money"",""match"":""Trading a power bank directly for a box of tissues without using any money.""},{""term"":""Double Coincidence of Wants"",""definition"":""Both people having exactly what the other wants to trade"",""match"":""Failing to trade because you have cards but the other person needs tissues, and neither of you wants what the other has.""},{""term"":""Medium of Exchange"",""definition"":""using money to make buying and selling easier"",""match"":""Using gold coins to buy an apple instead of having to find a specific trade partner who wants your spare staples.""},{""term"":""Scarcity"",""definition"":""Not having enough resources for everyone’s wants "",""match"":""The fundamental problem that there wasn't enough bread printed for everyone in the room to finish their mission cards.""},{""term"":""Shortage"",""definition"":""Not enough of specific item available right now"",""match"":""""},{""term"":""Inflation"",""definition"":""price going up across the board"",""match"":""A general rise in prices across the room because Mr Waugh injected more cash into the system.""},{""term"":""Deflation"",""definition"":""prices going down across the board"",""match"":""Prices for bookmarks dropping because Mr Waugh only had 29 gold coins and couldn't afford to pay the original price.""},{""term"":""Liquidity"",""definition"":""How easily an item can be turned into spendable cash"",""match"":""Mr Waugh randomly dropping extra dollar bills onto students' desks to increase the amount of cash available for trading.""},{""term"":""Monopoly"",""definition"":""one person or company controlling the whole market"",""match"":""The 'Dead' students in the graveyard being the only ones left with wheat and charging whatever they wanted because there was no competition.""},{""term"":""Specialization"",""definition"":""Focusing on one specific skill or job"",""match"":""One student focusing only on cutting paper while another focused only on taping to increase their total output of bookmarks.""},{""term"":""Division of Labor"",""definition"":""breaking a big job into small steps or different people"",""match"":""""},{""term"":""Incentives"",""definition"":""rewards that make people want to work more"",""match"":""""},{""term"":""Rational Self-Interest"",""definition"":""making choices that benefit you the most"",""match"":""""},{""term"":""The Invisible Hand"",""definition"":""Market balancing theme sleeves naturally without rules"",""match"":""""},{""term"":""Competition"",""definition"":""multiple sellers trying to get the same customer"",""match"":""""}]","["""","""",""""]",,,,Trading goods for goods without money,Trading a power bank directly for a box of tissues without using any money.,Both people having exactly what the other wants to trade,"Failing to trade because you have cards but the other person needs tissues, and neither of you wants what the other has.",using money to make buying and selling easier,Using gold coins to buy an apple instead of having to find a specific trade partner who wants your spare staples.,Not having enough resources for everyone’s wants ,The fundamental problem that there wasn't enough bread printed for everyone in the room to finish their mission cards.,Not enough of specific item available right now,,price going up across the board,A general rise in prices across the room because Mr Waugh injected more cash into the system.,prices going down across the board,Prices for bookmarks dropping because Mr Waugh only had 29 gold coins and couldn't afford to pay the original price.,How easily an item can be turned into spendable cash,Mr Waugh randomly dropping extra dollar bills onto students' desks to increase the amount of cash available for trading.,one person or company controlling the whole market,The 'Dead' students in the graveyard being the only ones left with wheat and charging whatever they wanted because there was no competition.,Focusing on one specific skill or job,One student focusing only on cutting paper while another focused only on taping to increase their total output of bookmarks.,breaking a big job into small steps or different people,,rewards that make people want to work more,,making choices that benefit you the most,,Market balancing theme sleeves naturally without rules,,multiple sellers trying to get the same customer,
3/30/2026 11:38:21,31408,Adarsha.H,"[{""term"":""Barter"",""definition"":""Trading goods for goods without money"",""match"":""Trading a power bank directly for a box of tissues without using any money.""},{""term"":""Double Coincidence of Wants"",""definition"":""Both people having exactly what the other wants to trade"",""match"":""Failing to trade because you have cards but the other person needs tissues, and neither of you wants what the other has.""},{""term"":""Medium of Exchange"",""definition"":""using money to make buying and selling easier"",""match"":""Using gold coins to buy an apple instead of having to find a specific trade partner who wants your spare staples.""},{""term"":""Scarcity"",""definition"":""Not having enough resources for everyone’s wants "",""match"":""The fundamental problem that there wasn't enough bread printed for everyone in the room to finish their mission cards.""},{""term"":""Shortage"",""definition"":""Not enough of specific item available right now"",""match"":""""},{""term"":""Inflation"",""definition"":""price going up across the board"",""match"":""A general rise in prices across the room because Mr Waugh injected more cash into the system.""},{""term"":""Deflation"",""definition"":""prices going down across the board"",""match"":""Prices for bookmarks dropping because Mr Waugh only had 29 gold coins and couldn't afford to pay the original price.""},{""term"":""Liquidity"",""definition"":""How easily an item can be turned into spendable cash"",""match"":""Mr Waugh randomly dropping extra dollar bills onto students' desks to increase the amount of cash available for trading.""},{""term"":""Monopoly"",""definition"":""one person or company controlling the whole market"",""match"":""The 'Dead' students in the graveyard being the only ones left with wheat and charging whatever they wanted because there was no competition.""},{""term"":""Specialization"",""definition"":""Focusing on one specific skill or job"",""match"":""One student focusing only on cutting paper while another focused only on taping to increase their total output of bookmarks.""},{""term"":""Division of Labor"",""definition"":""breaking a big job into small steps or different people"",""match"":""Breaking the bookmark-making process into a 'factory line' where each person performed one specific task.""},{""term"":""Incentives"",""definition"":""rewards that make people want to work more"",""match"":""""},{""term"":""Rational Self-Interest"",""definition"":""making choices that benefit you the most"",""match"":""""},{""term"":""The Invisible Hand"",""definition"":""Market balancing theme sleeves naturally without rules"",""match"":""""},{""term"":""Competition"",""definition"":""multiple sellers trying to get the same customer"",""match"":""""}]","["""","""",""""]",,,,Trading goods for goods without money,Trading a power bank directly for a box of tissues without using any money.,Both people having exactly what the other wants to trade,"Failing to trade because you have cards but the other person needs tissues, and neither of you wants what the other has.",using money to make buying and selling easier,Using gold coins to buy an apple instead of having to find a specific trade partner who wants your spare staples.,Not having enough resources for everyone’s wants ,The fundamental problem that there wasn't enough bread printed for everyone in the room to finish their mission cards.,Not enough of specific item available right now,,price going up across the board,A general rise in prices across the room because Mr Waugh injected more cash into the system.,prices going down across the board,Prices for bookmarks dropping because Mr Waugh only had 29 gold coins and couldn't afford to pay the original price.,How easily an item can be turned into spendable cash,Mr Waugh randomly dropping extra dollar bills onto students' desks to increase the amount of cash available for trading.,one person or company controlling the whole market,The 'Dead' students in the graveyard being the only ones left with wheat and charging whatever they wanted because there was no competition.,Focusing on one specific skill or job,One student focusing only on cutting paper while another focused only on taping to increase their total output of bookmarks.,breaking a big job into small steps or different people,Breaking the bookmark-making process into a 'factory line' where each person performed one specific task.,rewards that make people want to work more,,making choices that benefit you the most,,Market balancing theme sleeves naturally without rules,,multiple sellers trying to get the same customer,
3/30/2026 11:38:33,31408,Adarsha.H,"[{""term"":""Barter"",""definition"":""Trading goods for goods without money"",""match"":""Trading a power bank directly for a box of tissues without using any money.""},{""term"":""Double Coincidence of Wants"",""definition"":""Both people having exactly what the other wants to trade"",""match"":""Failing to trade because you have cards but the other person needs tissues, and neither of you wants what the other has.""},{""term"":""Medium of Exchange"",""definition"":""using money to make buying and selling easier"",""match"":""Using gold coins to buy an apple instead of having to find a specific trade partner who wants your spare staples.""},{""term"":""Scarcity"",""definition"":""Not having enough resources for everyone’s wants "",""match"":""The fundamental problem that there wasn't enough bread printed for everyone in the room to finish their mission cards.""},{""term"":""Shortage"",""definition"":""Not enough of specific item available right now"",""match"":""""},{""term"":""Inflation"",""definition"":""price going up across the board"",""match"":""A general rise in prices across the room because Mr Waugh injected more cash into the system.""},{""term"":""Deflation"",""definition"":""prices going down across the board"",""match"":""Prices for bookmarks dropping because Mr Waugh only had 29 gold coins and couldn't afford to pay the original price.""},{""term"":""Liquidity"",""definition"":""How easily an item can be turned into spendable cash"",""match"":""Mr Waugh randomly dropping extra dollar bills onto students' desks to increase the amount of cash available for trading.""},{""term"":""Monopoly"",""definition"":""one person or company controlling the whole market"",""match"":""The 'Dead' students in the graveyard being the only ones left with wheat and charging whatever they wanted because there was no competition.""},{""term"":""Specialization"",""definition"":""Focusing on one specific skill or job"",""match"":""One student focusing only on cutting paper while another focused only on taping to increase their total output of bookmarks.""},{""term"":""Division of Labor"",""definition"":""breaking a big job into small steps or different people"",""match"":""Breaking the bookmark-making process into a 'factory line' where each person performed one specific task.""},{""term"":""Incentives"",""definition"":""rewards that make people want to work more"",""match"":""Students forming 'corporations' because they realized they could earn more gold coins by working together than as individuals.""},{""term"":""Rational Self-Interest"",""definition"":""making choices that benefit you the most"",""match"":""""},{""term"":""The Invisible Hand"",""definition"":""Market balancing theme sleeves naturally without rules"",""match"":""""},{""term"":""Competition"",""definition"":""multiple sellers trying to get the same customer"",""match"":""""}]","["""","""",""""]",,,,Trading goods for goods without money,Trading a power bank directly for a box of tissues without using any money.,Both people having exactly what the other wants to trade,"Failing to trade because you have cards but the other person needs tissues, and neither of you wants what the other has.",using money to make buying and selling easier,Using gold coins to buy an apple instead of having to find a specific trade partner who wants your spare staples.,Not having enough resources for everyone’s wants ,The fundamental problem that there wasn't enough bread printed for everyone in the room to finish their mission cards.,Not enough of specific item available right now,,price going up across the board,A general rise in prices across the room because Mr Waugh injected more cash into the system.,prices going down across the board,Prices for bookmarks dropping because Mr Waugh only had 29 gold coins and couldn't afford to pay the original price.,How easily an item can be turned into spendable cash,Mr Waugh randomly dropping extra dollar bills onto students' desks to increase the amount of cash available for trading.,one person or company controlling the whole market,The 'Dead' students in the graveyard being the only ones left with wheat and charging whatever they wanted because there was no competition.,Focusing on one specific skill or job,One student focusing only on cutting paper while another focused only on taping to increase their total output of bookmarks.,breaking a big job into small steps or different people,Breaking the bookmark-making process into a 'factory line' where each person performed one specific task.,rewards that make people want to work more,Students forming 'corporations' because they realized they could earn more gold coins by working together than as individuals.,making choices that benefit you the most,,Market balancing theme sleeves naturally without rules,,multiple sellers trying to get the same customer,
3/30/2026 11:38:43,31408,Adarsha.H,"[{""term"":""Barter"",""definition"":""Trading goods for goods without money"",""match"":""Trading a power bank directly for a box of tissues without using any money.""},{""term"":""Double Coincidence of Wants"",""definition"":""Both people having exactly what the other wants to trade"",""match"":""Failing to trade because you have cards but the other person needs tissues, and neither of you wants what the other has.""},{""term"":""Medium of Exchange"",""definition"":""using money to make buying and selling easier"",""match"":""Using gold coins to buy an apple instead of having to find a specific trade partner who wants your spare staples.""},{""term"":""Scarcity"",""definition"":""Not having enough resources for everyone’s wants "",""match"":""The fundamental problem that there wasn't enough bread printed for everyone in the room to finish their mission cards.""},{""term"":""Shortage"",""definition"":""Not enough of specific item available right now"",""match"":""""},{""term"":""Inflation"",""definition"":""price going up across the board"",""match"":""A general rise in prices across the room because Mr Waugh injected more cash into the system.""},{""term"":""Deflation"",""definition"":""prices going down across the board"",""match"":""Prices for bookmarks dropping because Mr Waugh only had 29 gold coins and couldn't afford to pay the original price.""},{""term"":""Liquidity"",""definition"":""How easily an item can be turned into spendable cash"",""match"":""Mr Waugh randomly dropping extra dollar bills onto students' desks to increase the amount of cash available for trading.""},{""term"":""Monopoly"",""definition"":""one person or company controlling the whole market"",""match"":""The 'Dead' students in the graveyard being the only ones left with wheat and charging whatever they wanted because there was no competition.""},{""term"":""Specialization"",""definition"":""Focusing on one specific skill or job"",""match"":""One student focusing only on cutting paper while another focused only on taping to increase their total output of bookmarks.""},{""term"":""Division of Labor"",""definition"":""breaking a big job into small steps or different people"",""match"":""Breaking the bookmark-making process into a 'factory line' where each person performed one specific task.""},{""term"":""Incentives"",""definition"":""rewards that make people want to work more"",""match"":""Students forming 'corporations' because they realized they could earn more gold coins by working together than as individuals.""},{""term"":""Rational Self-Interest"",""definition"":""making choices that benefit you the most"",""match"":""Students focusing solely on completing their own mission cards to 'survive,' regardless of how it impacted the rest of the market.""},{""term"":""The Invisible Hand"",""definition"":""Market balancing theme sleeves naturally without rules"",""match"":""""},{""term"":""Competition"",""definition"":""multiple sellers trying to get the same customer"",""match"":""""}]","["""","""",""""]",,,,Trading goods for goods without money,Trading a power bank directly for a box of tissues without using any money.,Both people having exactly what the other wants to trade,"Failing to trade because you have cards but the other person needs tissues, and neither of you wants what the other has.",using money to make buying and selling easier,Using gold coins to buy an apple instead of having to find a specific trade partner who wants your spare staples.,Not having enough resources for everyone’s wants ,The fundamental problem that there wasn't enough bread printed for everyone in the room to finish their mission cards.,Not enough of specific item available right now,,price going up across the board,A general rise in prices across the room because Mr Waugh injected more cash into the system.,prices going down across the board,Prices for bookmarks dropping because Mr Waugh only had 29 gold coins and couldn't afford to pay the original price.,How easily an item can be turned into spendable cash,Mr Waugh randomly dropping extra dollar bills onto students' desks to increase the amount of cash available for trading.,one person or company controlling the whole market,The 'Dead' students in the graveyard being the only ones left with wheat and charging whatever they wanted because there was no competition.,Focusing on one specific skill or job,One student focusing only on cutting paper while another focused only on taping to increase their total output of bookmarks.,breaking a big job into small steps or different people,Breaking the bookmark-making process into a 'factory line' where each person performed one specific task.,rewards that make people want to work more,Students forming 'corporations' because they realized they could earn more gold coins by working together than as individuals.,making choices that benefit you the most,"Students focusing solely on completing their own mission cards to 'survive,' regardless of how it impacted the rest of the market.",Market balancing theme sleeves naturally without rules,,multiple sellers trying to get the same customer,
3/30/2026 11:38:57,31408,Adarsha.H,"[{""term"":""Barter"",""definition"":""Trading goods for goods without money"",""match"":""Trading a power bank directly for a box of tissues without using any money.""},{""term"":""Double Coincidence of Wants"",""definition"":""Both people having exactly what the other wants to trade"",""match"":""Failing to trade because you have cards but the other person needs tissues, and neither of you wants what the other has.""},{""term"":""Medium of Exchange"",""definition"":""using money to make buying and selling easier"",""match"":""Using gold coins to buy an apple instead of having to find a specific trade partner who wants your spare staples.""},{""term"":""Scarcity"",""definition"":""Not having enough resources for everyone’s wants "",""match"":""The fundamental problem that there wasn't enough bread printed for everyone in the room to finish their mission cards.""},{""term"":""Shortage"",""definition"":""Not enough of specific item available right now"",""match"":""""},{""term"":""Inflation"",""definition"":""price going up across the board"",""match"":""A general rise in prices across the room because Mr Waugh injected more cash into the system.""},{""term"":""Deflation"",""definition"":""prices going down across the board"",""match"":""Prices for bookmarks dropping because Mr Waugh only had 29 gold coins and couldn't afford to pay the original price.""},{""term"":""Liquidity"",""definition"":""How easily an item can be turned into spendable cash"",""match"":""Mr Waugh randomly dropping extra dollar bills onto students' desks to increase the amount of cash available for trading.""},{""term"":""Monopoly"",""definition"":""one person or company controlling the whole market"",""match"":""The 'Dead' students in the graveyard being the only ones left with wheat and charging whatever they wanted because there was no competition.""},{""term"":""Specialization"",""definition"":""Focusing on one specific skill or job"",""match"":""One student focusing only on cutting paper while another focused only on taping to increase their total output of bookmarks.""},{""term"":""Division of Labor"",""definition"":""breaking a big job into small steps or different people"",""match"":""Breaking the bookmark-making process into a 'factory line' where each person performed one specific task.""},{""term"":""Incentives"",""definition"":""rewards that make people want to work more"",""match"":""Students forming 'corporations' because they realized they could earn more gold coins by working together than as individuals.""},{""term"":""Rational Self-Interest"",""definition"":""making choices that benefit you the most"",""match"":""Students focusing solely on completing their own mission cards to 'survive,' regardless of how it impacted the rest of the market.""},{""term"":""The Invisible Hand"",""definition"":""Market balancing theme sleeves naturally without rules"",""match"":""Prices for bread and wheat adjusting naturally based on student demand after the drought, without Mr Waugh setting a price.""},{""term"":""Competition"",""definition"":""multiple sellers trying to get the same customer"",""match"":""The 'Artisan' student producing a single high-quality bookmark while the 'Corporation' next to him produced ten faster, forcing everyone to consider price vs. quality.""}]","["""","""",""""]",,,,Trading goods for goods without money,Trading a power bank directly for a box of tissues without using any money.,Both people having exactly what the other wants to trade,"Failing to trade because you have cards but the other person needs tissues, and neither of you wants what the other has.",using money to make buying and selling easier,Using gold coins to buy an apple instead of having to find a specific trade partner who wants your spare staples.,Not having enough resources for everyone’s wants ,The fundamental problem that there wasn't enough bread printed for everyone in the room to finish their mission cards.,Not enough of specific item available right now,,price going up across the board,A general rise in prices across the room because Mr Waugh injected more cash into the system.,prices going down across the board,Prices for bookmarks dropping because Mr Waugh only had 29 gold coins and couldn't afford to pay the original price.,How easily an item can be turned into spendable cash,Mr Waugh randomly dropping extra dollar bills onto students' desks to increase the amount of cash available for trading.,one person or company controlling the whole market,The 'Dead' students in the graveyard being the only ones left with wheat and charging whatever they wanted because there was no competition.,Focusing on one specific skill or job,One student focusing only on cutting paper while another focused only on taping to increase their total output of bookmarks.,breaking a big job into small steps or different people,Breaking the bookmark-making process into a 'factory line' where each person performed one specific task.,rewards that make people want to work more,Students forming 'corporations' because they realized they could earn more gold coins by working together than as individuals.,making choices that benefit you the most,"Students focusing solely on completing their own mission cards to 'survive,' regardless of how it impacted the rest of the market.",Market balancing theme sleeves naturally without rules,"Prices for bread and wheat adjusting naturally based on student demand after the drought, without Mr Waugh setting a price.",multiple sellers trying to get the same customer,"The 'Artisan' student producing a single high-quality bookmark while the 'Corporation' next to him produced ten faster, forcing everyone to consider price vs. quality."
3/30/2026 11:39:07,31408,Adarsha.H,"[{""term"":""Barter"",""definition"":""Trading goods for goods without money"",""match"":""Trading a power bank directly for a box of tissues without using any money.""},{""term"":""Double Coincidence of Wants"",""definition"":""Both people having exactly what the other wants to trade"",""match"":""Failing to trade because you have cards but the other person needs tissues, and neither of you wants what the other has.""},{""term"":""Medium of Exchange"",""definition"":""using money to make buying and selling easier"",""match"":""Using gold coins to buy an apple instead of having to find a specific trade partner who wants your spare staples.""},{""term"":""Scarcity"",""definition"":""Not having enough resources for everyone’s wants "",""match"":""The fundamental problem that there wasn't enough bread printed for everyone in the room to finish their mission cards.""},{""term"":""Shortage"",""definition"":""Not enough of specific item available right now"",""match"":""The situation after the 'drought' where the sudden removal of wheat meant many students couldn't find any, despite having the money.""},{""term"":""Inflation"",""definition"":""price going up across the board"",""match"":""A general rise in prices across the room because Mr Waugh injected more cash into the system.""},{""term"":""Deflation"",""definition"":""prices going down across the board"",""match"":""Prices for bookmarks dropping because Mr Waugh only had 29 gold coins and couldn't afford to pay the original price.""},{""term"":""Liquidity"",""definition"":""How easily an item can be turned into spendable cash"",""match"":""Mr Waugh randomly dropping extra dollar bills onto students' desks to increase the amount of cash available for trading.""},{""term"":""Monopoly"",""definition"":""one person or company controlling the whole market"",""match"":""The 'Dead' students in the graveyard being the only ones left with wheat and charging whatever they wanted because there was no competition.""},{""term"":""Specialization"",""definition"":""Focusing on one specific skill or job"",""match"":""One student focusing only on cutting paper while another focused only on taping to increase their total output of bookmarks.""},{""term"":""Division of Labor"",""definition"":""breaking a big job into small steps or different people"",""match"":""Breaking the bookmark-making process into a 'factory line' where each person performed one specific task.""},{""term"":""Incentives"",""definition"":""rewards that make people want to work more"",""match"":""Students forming 'corporations' because they realized they could earn more gold coins by working together than as individuals.""},{""term"":""Rational Self-Interest"",""definition"":""making choices that benefit you the most"",""match"":""Students focusing solely on completing their own mission cards to 'survive,' regardless of how it impacted the rest of the market.""},{""term"":""The Invisible Hand"",""definition"":""Market balancing theme sleeves naturally without rules"",""match"":""Prices for bread and wheat adjusting naturally based on student demand after the drought, without Mr Waugh setting a price.""},{""term"":""Competition"",""definition"":""multiple sellers trying to get the same customer"",""match"":""The 'Artisan' student producing a single high-quality bookmark while the 'Corporation' next to him produced ten faster, forcing everyone to consider price vs. quality.""}]","["""","""",""""]",,,,Trading goods for goods without money,Trading a power bank directly for a box of tissues without using any money.,Both people having exactly what the other wants to trade,"Failing to trade because you have cards but the other person needs tissues, and neither of you wants what the other has.",using money to make buying and selling easier,Using gold coins to buy an apple instead of having to find a specific trade partner who wants your spare staples.,Not having enough resources for everyone’s wants ,The fundamental problem that there wasn't enough bread printed for everyone in the room to finish their mission cards.,Not enough of specific item available right now,"The situation after the 'drought' where the sudden removal of wheat meant many students couldn't find any, despite having the money.",price going up across the board,A general rise in prices across the room because Mr Waugh injected more cash into the system.,prices going down across the board,Prices for bookmarks dropping because Mr Waugh only had 29 gold coins and couldn't afford to pay the original price.,How easily an item can be turned into spendable cash,Mr Waugh randomly dropping extra dollar bills onto students' desks to increase the amount of cash available for trading.,one person or company controlling the whole market,The 'Dead' students in the graveyard being the only ones left with wheat and charging whatever they wanted because there was no competition.,Focusing on one specific skill or job,One student focusing only on cutting paper while another focused only on taping to increase their total output of bookmarks.,breaking a big job into small steps or different people,Breaking the bookmark-making process into a 'factory line' where each person performed one specific task.,rewards that make people want to work more,Students forming 'corporations' because they realized they could earn more gold coins by working together than as individuals.,making choices that benefit you the most,"Students focusing solely on completing their own mission cards to 'survive,' regardless of how it impacted the rest of the market.",Market balancing theme sleeves naturally without rules,"Prices for bread and wheat adjusting naturally based on student demand after the drought, without Mr Waugh setting a price.",multiple sellers trying to get the same customer,"The 'Artisan' student producing a single high-quality bookmark while the 'Corporation' next to him produced ten faster, forcing everyone to consider price vs. quality."
3/30/2026 11:40:40,31408,Adarsha.H,"[{""term"":""Barter"",""definition"":""Trading goods for goods without money"",""match"":""Trading a power bank directly for a box of tissues without using any money.""},{""term"":""Double Coincidence of Wants"",""definition"":""Both people having exactly what the other wants to trade"",""match"":""Failing to trade because you have cards but the other person needs tissues, and neither of you wants what the other has.""},{""term"":""Medium of Exchange"",""definition"":""using money to make buying and selling easier"",""match"":""Using gold coins to buy an apple instead of having to find a specific trade partner who wants your spare staples.""},{""term"":""Scarcity"",""definition"":""Not having enough resources for everyone’s wants "",""match"":""The fundamental problem that there wasn't enough bread printed for everyone in the room to finish their mission cards.""},{""term"":""Shortage"",""definition"":""Not enough of specific item available right now"",""match"":""The situation after the 'drought' where the sudden removal of wheat meant many students couldn't find any, despite having the money.""},{""term"":""Inflation"",""definition"":""price going up across the board"",""match"":""A general rise in prices across the room because Mr Waugh injected more cash into the system.""},{""term"":""Deflation"",""definition"":""prices going down across the board"",""match"":""Prices for bookmarks dropping because Mr Waugh only had 29 gold coins and couldn't afford to pay the original price.""},{""term"":""Liquidity"",""definition"":""How easily an item can be turned into spendable cash"",""match"":""Mr Waugh randomly dropping extra dollar bills onto students' desks to increase the amount of cash available for trading.""},{""term"":""Monopoly"",""definition"":""one person or company controlling the whole market"",""match"":""The 'Dead' students in the graveyard being the only ones left with wheat and charging whatever they wanted because there was no competition.""},{""term"":""Specialization"",""definition"":""Focusing on one specific skill or job"",""match"":""One student focusing only on cutting paper while another focused only on taping to increase their total output of bookmarks.""},{""term"":""Division of Labor"",""definition"":""breaking a big job into small steps or different people"",""match"":""Breaking the bookmark-making process into a 'factory line' where each person performed one specific task.""},{""term"":""Incentives"",""definition"":""rewards that make people want to work more"",""match"":""Students forming 'corporations' because they realized they could earn more gold coins by working together than as individuals.""},{""term"":""Rational Self-Interest"",""definition"":""making choices that benefit you the most"",""match"":""Students focusing solely on completing their own mission cards to 'survive,' regardless of how it impacted the rest of the market.""},{""term"":""The Invisible Hand"",""definition"":""Market balancing theme sleeves naturally without rules"",""match"":""Prices for bread and wheat adjusting naturally based on student demand after the drought, without Mr Waugh setting a price.""},{""term"":""Competition"",""definition"":""multiple sellers trying to get the same customer"",""match"":""The 'Artisan' student producing a single high-quality bookmark while the 'Corporation' next to him produced ten faster, forcing everyone to consider price vs. quality.""}]","[""It was messy at first. Prices settled naturally because buyers and sellers adjusted until they could agree. If a price was too high, no one bought; if it was too low, it sold out fast. This forced a balance."",""I became more competitive. When things got rare, I stopped sharing and focused on my own survival first. I had to grab what I needed before someone else took it."",""The team was faster. One person doing one small task (like cutting) over and over is quicker than one person trying to do every step alone. It’s like a factory line.""]","It was messy at first. Prices settled naturally because buyers and sellers adjusted until they could agree. If a price was too high, no one bought; if it was too low, it sold out fast. This forced a balance.","I became more competitive. When things got rare, I stopped sharing and focused on my own survival first. I had to grab what I needed before someone else took it.",The team was faster. One person doing one small task (like cutting) over and over is quicker than one person trying to do every step alone. It’s like a factory line.,Trading goods for goods without money,Trading a power bank directly for a box of tissues without using any money.,Both people having exactly what the other wants to trade,"Failing to trade because you have cards but the other person needs tissues, and neither of you wants what the other has.",using money to make buying and selling easier,Using gold coins to buy an apple instead of having to find a specific trade partner who wants your spare staples.,Not having enough resources for everyone’s wants ,The fundamental problem that there wasn't enough bread printed for everyone in the room to finish their mission cards.,Not enough of specific item available right now,"The situation after the 'drought' where the sudden removal of wheat meant many students couldn't find any, despite having the money.",price going up across the board,A general rise in prices across the room because Mr Waugh injected more cash into the system.,prices going down across the board,Prices for bookmarks dropping because Mr Waugh only had 29 gold coins and couldn't afford to pay the original price.,How easily an item can be turned into spendable cash,Mr Waugh randomly dropping extra dollar bills onto students' desks to increase the amount of cash available for trading.,one person or company controlling the whole market,The 'Dead' students in the graveyard being the only ones left with wheat and charging whatever they wanted because there was no competition.,Focusing on one specific skill or job,One student focusing only on cutting paper while another focused only on taping to increase their total output of bookmarks.,breaking a big job into small steps or different people,Breaking the bookmark-making process into a 'factory line' where each person performed one specific task.,rewards that make people want to work more,Students forming 'corporations' because they realized they could earn more gold coins by working together than as individuals.,making choices that benefit you the most,"Students focusing solely on completing their own mission cards to 'survive,' regardless of how it impacted the rest of the market.",Market balancing theme sleeves naturally without rules,"Prices for bread and wheat adjusting naturally based on student demand after the drought, without Mr Waugh setting a price.",multiple sellers trying to get the same customer,"The 'Artisan' student producing a single high-quality bookmark while the 'Corporation' next to him produced ten faster, forcing everyone to consider price vs. quality."
4/5/2026 17:20:37,232323,Albin,"[{""term"":""Barter"",""definition"":""The direct exchange of goods or services without using money."",""match"":""Trading a power bank directly for a box of tissues without using any money.""},{""term"":""Double Coincidence of Wants"",""definition"":""A situation where two people must each want what the other is offering in order for a trade to occur."",""match"":""Failing to trade because you have cards but the other person needs tissues, and neither of you wants what the other has.""},{""term"":""Medium of Exchange"",""definition"":""An item (eg. money) that is widely accepted for buying and selling goods and services."",""match"":""Using gold coins to buy an apple instead of having to find a specific trade partner who wants your spare staples.""},{""term"":""Scarcity"",""definition"":""The basic economic problem that resources are limited while human wants are unlimited."",""match"":""The fundamental problem that there wasn't enough bread printed for everyone in the room to finish their mission cards.""},{""term"":""Shortage"",""definition"":""A situation where the quantity demanded of a good exceeds the quantity supplied at a given price."",""match"":""The situation after the 'drought' where the sudden removal of wheat meant many students couldn't find any, despite having the money.""},{""term"":""Inflation"",""definition"":""A general increase in prices over time, which reduces the purchasing power of money."",""match"":""A general rise in prices across the room because Mr Waugh injected more cash into the system.""},{""term"":""Deflation"",""definition"":""A general decrease in prices over time, which increases the purchasing power of money."",""match"":""Prices for bookmarks dropping because Mr Waugh only had 29 gold coins and couldn't afford to pay the original price.""},{""term"":""Liquidity"",""definition"":""How easily an asset can be converted into cash without affecting its value."",""match"":""Mr Waugh randomly dropping extra dollar bills onto students' desks to increase the amount of cash available for trading.""},{""term"":""Monopoly"",""definition"":""A market structure where a single seller controls the entire supply of a good or service."",""match"":""The 'Dead' students in the graveyard being the only ones left with wheat and charging whatever they wanted because there was no competition.""},{""term"":""Specialization"",""definition"":""When individuals or businesses focus on producing one specific good or performing one task."",""match"":""Breaking the bookmark-making process into a 'factory line' where each person performed one specific task.""},{""term"":""Division of Labor"",""definition"":""The breakdown of production into smaller tasks, with each worker responsible for a specific part."",""match"":""One student focusing only on cutting paper while another focused only on taping to increase their total output of bookmarks.""},{""term"":""Incentives"",""definition"":""Rewards or penalties that influence people's decisions and behaviour."",""match"":""Students forming 'corporations' because they realized they could earn more gold coins by working together than as individuals.""},{""term"":""Rational Self-Interest"",""definition"":""The idea that individuals make decisions based on what is best for themselves."",""match"":""Students focusing solely on completing their own mission cards to 'survive,' regardless of how it impacted the rest of the market.""},{""term"":""The Invisible Hand"",""definition"":""The concept that individual self-interest in a free market leads to overall economic benefits without central control."",""match"":""Prices for bread and wheat adjusting naturally based on student demand after the drought, without Mr Waugh setting a price.""},{""term"":""Competition"",""definition"":""The rivalry between producers or sellers to attract customers by offering better prices, quality, or services."",""match"":""The 'Artisan' student producing a single high-quality bookmark while the 'Corporation' next to him produced ten faster, forcing everyone to consider price vs. quality.""}]","[""The market was chaotic at first because no one knew prices. Over time, prices balanced out through supply and demand, if the prices were too high, people didn't buy, and if too low, items sold out fast."",""When the drought hit, I became more competitive to secure resources. There was some cooperation, but overall people focused more on their own survival."",""Division of labor was more efficient because each person focused on one task, which increased speed and total production compared to working alone.""]","The market was chaotic at first because no one knew prices. Over time, prices balanced out through supply and demand, if the prices were too high, people didn't buy, and if too low, items sold out fast.","When the drought hit, I became more competitive to secure resources. There was some cooperation, but overall people focused more on their own survival.","Division of labor was more efficient because each person focused on one task, which increased speed and total production compared to working alone.",The direct exchange of goods or services without using money.,Trading a power bank directly for a box of tissues without using any money.,A situation where two people must each want what the other is offering in order for a trade to occur.,"Failing to trade because you have cards but the other person needs tissues, and neither of you wants what the other has.",An item (eg. money) that is widely accepted for buying and selling goods and services.,Using gold coins to buy an apple instead of having to find a specific trade partner who wants your spare staples.,The basic economic problem that resources are limited while human wants are unlimited.,The fundamental problem that there wasn't enough bread printed for everyone in the room to finish their mission cards.,A situation where the quantity demanded of a good exceeds the quantity supplied at a given price.,"The situation after the 'drought' where the sudden removal of wheat meant many students couldn't find any, despite having the money.","A general increase in prices over time, which reduces the purchasing power of money.",A general rise in prices across the room because Mr Waugh injected more cash into the system.,"A general decrease in prices over time, which increases the purchasing power of money.",Prices for bookmarks dropping because Mr Waugh only had 29 gold coins and couldn't afford to pay the original price.,How easily an asset can be converted into cash without affecting its value.,Mr Waugh randomly dropping extra dollar bills onto students' desks to increase the amount of cash available for trading.,A market structure where a single seller controls the entire supply of a good or service.,The 'Dead' students in the graveyard being the only ones left with wheat and charging whatever they wanted because there was no competition.,When individuals or businesses focus on producing one specific good or performing one task.,Breaking the bookmark-making process into a 'factory line' where each person performed one specific task.,"The breakdown of production into smaller tasks, with each worker responsible for a specific part.",One student focusing only on cutting paper while another focused only on taping to increase their total output of bookmarks.,Rewards or penalties that influence people's decisions and behaviour.,Students forming 'corporations' because they realized they could earn more gold coins by working together than as individuals.,The idea that individuals make decisions based on what is best for themselves.,"Students focusing solely on completing their own mission cards to 'survive,' regardless of how it impacted the rest of the market.",The concept that individual self-interest in a free market leads to overall economic benefits without central control.,"Prices for bread and wheat adjusting naturally based on student demand after the drought, without Mr Waugh setting a price.","The rivalry between producers or sellers to attract customers by offering better prices, quality, or services.","The 'Artisan' student producing a single high-quality bookmark while the 'Corporation' next to him produced ten faster, forcing everyone to consider price vs. quality."
3/27/2026 20:41:32,697420,Alex,"[{""term"":""Barter"",""definition"":""Trading with goods directly instead of using money"",""match"":""Trading a power bank directly for a box of tissues without using any money.""},{""term"":""Double Coincidence of Wants"",""definition"":""neither of the trading partners would get what they want so no trade happens"",""match"":""Failing to trade because you have cards but the other person needs tissues, and neither of you wants what the other has.""},{""term"":""Medium of Exchange"",""definition"":""using money instead of goods to trade "",""match"":""Using gold coins to buy an apple instead of having to find a specific trade partner who wants your spare staples.""},{""term"":""Scarcity"",""definition"":""There isn't enough stuff to satisfy everyone's wants"",""match"":""The fundamental problem that there wasn't enough bread printed for everyone in the room to finish their mission cards.""},{""term"":""Shortage"",""definition"":""There is a thing that happens that slows or stops production temporarily so prices will rise"",""match"":""The situation after the 'drought' where the sudden removal of wheat meant many students couldn't find any, despite having the money.""},{""term"":""Inflation"",""definition"":""when the price of most if not all goods increases making each dollar worth less"",""match"":""A general rise in prices across the room because Prof Smith injected more cash into the system.""},{""term"":""Deflation"",""definition"":""price of most or all goods going down making each good worth less and your money is worth more"",""match"":""Prices for bookmarks dropping because Prof Smith only had 29 gold coins and couldn't afford to pay the original price.""},{""term"":""Liquidity"",""definition"":""having more money on hand to buy things, instead of physical capital like machinery or goods to sell"",""match"":""Prof Smith randomly dropping extra dollar bills onto students' desks to increase the amount of cash available for trading.""},{""term"":""Monopoly"",""definition"":""A single company controlling the supply of something so they can increase the price as much as they want"",""match"":""The 'Dead' students in the graveyard being the only ones left with wheat and charging whatever they wanted because there was no competition.""},{""term"":""Specialization"",""definition"":""One person doing one specific part of a job instead of making the whole bookmark themselves"",""match"":""One student focusing only on cutting paper while another focused only on taping to increase their total output of bookmarks.""},{""term"":""Division of Labor"",""definition"":""If you want to build a ship instead of everyone building a ship you get different people to do "",""match"":""Breaking the bookmark-making process into a 'factory line' where each person performed one specific task.""},{""term"":""Incentives"",""definition"":""When the government gives you tax break when you get a heat pump over gas heating"",""match"":""Students forming 'corporations' because they realized they could earn more gold coins by working together than as individuals.""},{""term"":""Rational Self-Interest"",""definition"":""Doing something that benefits you disregarding other peoples interests "",""match"":""Students focusing solely on completing their own mission cards to 'survive,' regardless of how it impacted the rest of the market.""},{""term"":""The Invisible Hand"",""definition"":""Prices of goods naturally changing depending on how much people are willing to pay"",""match"":""Prices for bread and wheat adjusting naturally based on student demand after the drought, without Prof Smith setting a price.""},{""term"":""Competition"",""definition"":""Many companies selling the same good competing for business, each company will lower rices and increase quality to try to get you to buy their stuff"",""match"":""The 'Artisan' student producing a single high-quality bookmark while the 'Corporation' next to him produced ten faster, forcing everyone to consider price vs. quality.""}]","[""In the beginning the market was chaotic and prices were very different everywhere then prices settled and the market was easier to navigate"",""even though mr waugh took out lots of apples out of the economy bread was still most sought after and expensive, I didn't need bread so my strategy didn't change but if I had bread I could've sold it for lots.  "",""People who got in groups made many more bookmarks because each person could just keep doing the same task and make the whole process more efficient ""]",In the beginning the market was chaotic and prices were very different everywhere then prices settled and the market was easier to navigate,"even though mr waugh took out lots of apples out of the economy bread was still most sought after and expensive, I didn't need bread so my strategy didn't change but if I had bread I could've sold it for lots.  ",People who got in groups made many more bookmarks because each person could just keep doing the same task and make the whole process more efficient ,Trading with goods directly instead of using money,Trading a power bank directly for a box of tissues without using any money.,neither of the trading partners would get what they want so no trade happens,"Failing to trade because you have cards but the other person needs tissues, and neither of you wants what the other has.",using money instead of goods to trade ,Using gold coins to buy an apple instead of having to find a specific trade partner who wants your spare staples.,There isn't enough stuff to satisfy everyone's wants,The fundamental problem that there wasn't enough bread printed for everyone in the room to finish their mission cards.,There is a thing that happens that slows or stops production temporarily so prices will rise,"The situation after the 'drought' where the sudden removal of wheat meant many students couldn't find any, despite having the money.",when the price of most if not all goods increases making each dollar worth less,A general rise in prices across the room because Prof Smith injected more cash into the system.,price of most or all goods going down making each good worth less and your money is worth more,Prices for bookmarks dropping because Prof Smith only had 29 gold coins and couldn't afford to pay the original price.,"having more money on hand to buy things, instead of physical capital like machinery or goods to sell",Prof Smith randomly dropping extra dollar bills onto students' desks to increase the amount of cash available for trading.,A single company controlling the supply of something so they can increase the price as much as they want,The 'Dead' students in the graveyard being the only ones left with wheat and charging whatever they wanted because there was no competition.,One person doing one specific part of a job instead of making the whole bookmark themselves,One student focusing only on cutting paper while another focused only on taping to increase their total output of bookmarks.,If you want to build a ship instead of everyone building a ship you get different people to do ,Breaking the bookmark-making process into a 'factory line' where each person performed one specific task.,When the government gives you tax break when you get a heat pump over gas heating,Students forming 'corporations' because they realized they could earn more gold coins by working together than as individuals.,Doing something that benefits you disregarding other peoples interests ,"Students focusing solely on completing their own mission cards to 'survive,' regardless of how it impacted the rest of the market.",Prices of goods naturally changing depending on how much people are willing to pay,"Prices for bread and wheat adjusting naturally based on student demand after the drought, without Prof Smith setting a price.","Many companies selling the same good competing for business, each company will lower rices and increase quality to try to get you to buy their stuff","The 'Artisan' student producing a single high-quality bookmark while the 'Corporation' next to him produced ten faster, forcing everyone to consider price vs. quality."
3/27/2026 15:18:38,676767,Angelique,"[{""term"":""Barter"",""definition"":"""",""match"":""Trading a power bank directly for a box of tissues without using any money.""},{""term"":""Double Coincidence of Wants"",""definition"":"""",""match"":""Failing to trade because you have cards but the other person needs tissues, and neither of you wants what the other has.""},{""term"":""Medium of Exchange"",""definition"":"""",""match"":""Using gold coins to buy an apple instead of having to find a specific trade partner who wants your spare staples.""},{""term"":""Scarcity"",""definition"":"""",""match"":""The fundamental problem that there wasn't enough bread printed for everyone in the room to finish their mission cards.""},{""term"":""Shortage"",""definition"":"""",""match"":""The situation after the 'drought' where the sudden removal of wheat meant many students couldn't find any, despite having the money.""},{""term"":""Inflation"",""definition"":"""",""match"":""A general rise in prices across the room because Prof Smith injected more cash into the system.""},{""term"":""Deflation"",""definition"":"""",""match"":""Prices for bookmarks dropping because Prof Smith only had 29 gold coins and couldn't afford to pay the original price.""},{""term"":""Liquidity"",""definition"":"""",""match"":""Prof Smith randomly dropping extra dollar bills onto students' desks to increase the amount of cash available for trading.""},{""term"":""Monopoly"",""definition"":"""",""match"":""The 'Dead' students in the graveyard being the only ones left with wheat and charging whatever they wanted because there was no competition.""},{""term"":""Specialization"",""definition"":"""",""match"":""One student focusing only on cutting paper while another focused only on taping to increase their total output of bookmarks.""},{""term"":""Division of Labor"",""definition"":"""",""match"":""Breaking the bookmark-making process into a 'factory line' where each person performed one specific task.""},{""term"":""Incentives"",""definition"":"""",""match"":""Students forming 'corporations' because they realized they could earn more gold coins by working together than as individuals.""},{""term"":""Rational Self-Interest"",""definition"":"""",""match"":""Students focusing solely on completing their own mission cards to 'survive,' regardless of how it impacted the rest of the market.""},{""term"":""The Invisible Hand"",""definition"":"""",""match"":""Prices for bread and wheat adjusting naturally based on student demand after the drought, without Prof Smith setting a price.""},{""term"":""Competition"",""definition"":"""",""match"":""The 'Artisan' student producing a single high-quality bookmark while the 'Corporation' next to him produced ten faster, forcing everyone to consider price vs. quality.""}]","[""At the beginning, the market was chaotic. Everyone was trying to make a trade to complete their mission, the prices settled into a \""natural price\"" because people realized that if they charge too much no one would buy their item and other people would do the same thing which makes your mission impossible to complete. "",""When the \""Drought\"" hit, I became more competitive so I sold every item that I didn't need for medium price. I gathered all my money and bought my last item  for a very expensive price. "",""The team using division of labor was more efficient, because when 1 person made a bookmark it took a lot of time and the division of labor was more efficient because we could make more bookmarks. We could also we could gather our money all together and have more money. ""]","At the beginning, the market was chaotic. Everyone was trying to make a trade to complete their mission, the prices settled into a ""natural price"" because people realized that if they charge too much no one would buy their item and other people would do the same thing which makes your mission impossible to complete. ","When the ""Drought"" hit, I became more competitive so I sold every item that I didn't need for medium price. I gathered all my money and bought my last item  for a very expensive price. ","The team using division of labor was more efficient, because when 1 person made a bookmark it took a lot of time and the division of labor was more efficient because we could make more bookmarks. We could also we could gather our money all together and have more money. ",,Trading a power bank directly for a box of tissues without using any money.,,"Failing to trade because you have cards but the other person needs tissues, and neither of you wants what the other has.",,Using gold coins to buy an apple instead of having to find a specific trade partner who wants your spare staples.,,The fundamental problem that there wasn't enough bread printed for everyone in the room to finish their mission cards.,,"The situation after the 'drought' where the sudden removal of wheat meant many students couldn't find any, despite having the money.",,A general rise in prices across the room because Prof Smith injected more cash into the system.,,Prices for bookmarks dropping because Prof Smith only had 29 gold coins and couldn't afford to pay the original price.,,Prof Smith randomly dropping extra dollar bills onto students' desks to increase the amount of cash available for trading.,,The 'Dead' students in the graveyard being the only ones left with wheat and charging whatever they wanted because there was no competition.,,One student focusing only on cutting paper while another focused only on taping to increase their total output of bookmarks.,,Breaking the bookmark-making process into a 'factory line' where each person performed one specific task.,,Students forming 'corporations' because they realized they could earn more gold coins by working together than as individuals.,,"Students focusing solely on completing their own mission cards to 'survive,' regardless of how it impacted the rest of the market.",,"Prices for bread and wheat adjusting naturally based on student demand after the drought, without Prof Smith setting a price.",,"The 'Artisan' student producing a single high-quality bookmark while the 'Corporation' next to him produced ten faster, forcing everyone to consider price vs. quality."
3/30/2026 11:34:21,230908,anna,"[{""term"":""Barter"",""definition"":""direct exchange of goods or services for other goods or services without using money"",""match"":""Trading a power bank directly for a box of tissues without using any money.""},{""term"":""Double Coincidence of Wants"",""definition"":""when two people each hold a good or service that the other want so it allows direct exchange"",""match"":""Failing to trade because you have cards but the other person needs tissues, and neither of you wants what the other has.""},{""term"":""Medium of Exchange"",""definition"":""any accepted item - typically money - that is use to facilite the buying and selling of goods and services"",""match"":""Using gold coins to buy an apple instead of having to find a specific trade partner who wants your spare staples.""},{""term"":""Scarcity"",""definition"":""people have unlimited needs and wants, but there are limited resources to fullify all of them"",""match"":""The fundamental problem that there wasn't enough bread printed for everyone in the room to finish their mission cards.""},{""term"":""Shortage"",""definition"":""temporary lack of something"",""match"":""The situation after the 'drought' where the sudden removal of wheat meant many students couldn't find any, despite having the money.""},{""term"":""Inflation"",""definition"":""increase in prices for goods and services, reducing the value of money"",""match"":""A general rise in prices across the room because Mr Waugh injected more cash into the system.""},{""term"":""Deflation"",""definition"":""decrease in prices for goods and services"",""match"":""Prices for bookmarks dropping because Mr Waugh only had 29 gold coins and couldn't afford to pay the original price.""},{""term"":""Liquidity"",""definition"":""how easily something (usually money or an asset) can be used or converted into cash "",""match"":""Mr Waugh randomly dropping extra dollar bills onto students' desks to increase the amount of cash available for trading.""},{""term"":""Monopoly"",""definition"":""when there is just one seller on the market, there is no competition"",""match"":""The 'Dead' students in the graveyard being the only ones left with wheat and charging whatever they wanted because there was no competition.""},{""term"":""Specialization"",""definition"":""when people focuses on producing something they are best at"",""match"":""One student focusing only on cutting paper while another focused only on taping to increase their total output of bookmarks.""},{""term"":""Division of Labor"",""definition"":""separation of tasks in a production process"",""match"":""Breaking the bookmark-making process into a 'factory line' where each person performed one specific task.""},{""term"":""Incentives"",""definition"":""rewards and punishments that motive individuals and businesses"",""match"":""Students forming 'corporations' because they realized they could earn more gold coins by working together than as individuals.""},{""term"":""Rational Self-Interest"",""definition"":""people focusing on themselves, maximazing their profits and benefits"",""match"":""Students focusing solely on completing their own mission cards to 'survive,' regardless of how it impacted the rest of the market.""},{""term"":""The Invisible Hand"",""definition"":""people act in their own self-interest naturally guide the market to efficient outcomes, no one is in charge"",""match"":""Prices for bread and wheat adjusting naturally based on student demand after the drought, without Mr Waugh setting a price.""},{""term"":""Competition"",""definition"":""when multiple sellers offer similar goods or services, they force each other to lower prices or improve quality to attract buyers"",""match"":""The 'Artisan' student producing a single high-quality bookmark while the 'Corporation' next to him produced ten faster, forcing everyone to consider price vs. quality.""}]","[""In the first few minutes the market was chaotic, because everyone was trying to figure out what others had and how they can get what they need. Prices eventually settled naturally because everyone realized they could only make a sale if their price was fair - if they put the price for apple too high, people wil just go buy apples somewhere else. I think people also very quickly figured out what is in demand and what is not that much so they could set prices due to that fact."",""I was one of the people that had wheat after the drought so I sold it for very high price and then I could buy bread that i needed at the market even though the price was high. I definitely find myself becoming more competitive to ensure my own survival than cooperating with others more."",""A team using division of labor was more efficient, because each person only had to repeat one simple task, which made them faster. One person doing everything on their own had to switch between cutting the paper, drawing, standing in the line for market, selling etc. which slowed them down. The team could produce more bookmarks in the same amount of time""]","In the first few minutes the market was chaotic, because everyone was trying to figure out what others had and how they can get what they need. Prices eventually settled naturally because everyone realized they could only make a sale if their price was fair - if they put the price for apple too high, people wil just go buy apples somewhere else. I think people also very quickly figured out what is in demand and what is not that much so they could set prices due to that fact.",I was one of the people that had wheat after the drought so I sold it for very high price and then I could buy bread that i needed at the market even though the price was high. I definitely find myself becoming more competitive to ensure my own survival than cooperating with others more.,"A team using division of labor was more efficient, because each person only had to repeat one simple task, which made them faster. One person doing everything on their own had to switch between cutting the paper, drawing, standing in the line for market, selling etc. which slowed them down. The team could produce more bookmarks in the same amount of time",direct exchange of goods or services for other goods or services without using money,Trading a power bank directly for a box of tissues without using any money.,when two people each hold a good or service that the other want so it allows direct exchange,"Failing to trade because you have cards but the other person needs tissues, and neither of you wants what the other has.",any accepted item - typically money - that is use to facilite the buying and selling of goods and services,Using gold coins to buy an apple instead of having to find a specific trade partner who wants your spare staples.,"people have unlimited needs and wants, but there are limited resources to fullify all of them",The fundamental problem that there wasn't enough bread printed for everyone in the room to finish their mission cards.,temporary lack of something,"The situation after the 'drought' where the sudden removal of wheat meant many students couldn't find any, despite having the money.","increase in prices for goods and services, reducing the value of money",A general rise in prices across the room because Mr Waugh injected more cash into the system.,decrease in prices for goods and services,Prices for bookmarks dropping because Mr Waugh only had 29 gold coins and couldn't afford to pay the original price.,how easily something (usually money or an asset) can be used or converted into cash ,Mr Waugh randomly dropping extra dollar bills onto students' desks to increase the amount of cash available for trading.,"when there is just one seller on the market, there is no competition",The 'Dead' students in the graveyard being the only ones left with wheat and charging whatever they wanted because there was no competition.,when people focuses on producing something they are best at,One student focusing only on cutting paper while another focused only on taping to increase their total output of bookmarks.,separation of tasks in a production process,Breaking the bookmark-making process into a 'factory line' where each person performed one specific task.,rewards and punishments that motive individuals and businesses,Students forming 'corporations' because they realized they could earn more gold coins by working together than as individuals.,"people focusing on themselves, maximazing their profits and benefits","Students focusing solely on completing their own mission cards to 'survive,' regardless of how it impacted the rest of the market.","people act in their own self-interest naturally guide the market to efficient outcomes, no one is in charge","Prices for bread and wheat adjusting naturally based on student demand after the drought, without Mr Waugh setting a price.","when multiple sellers offer similar goods or services, they force each other to lower prices or improve quality to attract buyers","The 'Artisan' student producing a single high-quality bookmark while the 'Corporation' next to him produced ten faster, forcing everyone to consider price vs. quality."
3/27/2026 15:25:08,!4Juno1978,Cameron,"[{""term"":""Barter"",""definition"":""Trading things directly without using money."",""match"":""Trading a power bank directly for a box of tissues without using any money.""},{""term"":""Double Coincidence of Wants"",""definition"":""When two people both have what the other person wants, so a trade can happen."",""match"":""Failing to trade because you have cards but the other person needs tissues, and neither of you wants what the other has.""},{""term"":""Medium of Exchange"",""definition"":""Something like money that people use to make buying and selling easier."",""match"":""Using gold coins to buy an apple instead of having to find a specific trade partner who wants your spare staples.""},{""term"":""Scarcity"",""definition"":""When there isn’t enough of something to satisfy everyone’s needs and wants."",""match"":""The fundamental problem that there wasn't enough bread printed for everyone in the room to finish their mission cards.""},{""term"":""Shortage"",""definition"":""When there isn’t enough of a product available at a certain price, even though people want to buy it."",""match"":""The situation after the 'drought' where the sudden removal of wheat meant many students couldn't find any, despite having the money.""},{""term"":""Inflation"",""definition"":""When prices of goods and services go up over time."",""match"":""A general rise in prices across the room because Prof Smith injected more cash into the system.""},{""term"":""Deflation"",""definition"":""When prices of goods and services go down over time."",""match"":""Prices for bookmarks dropping because Prof Smith only had 29 gold coins and couldn't afford to pay the original price.""},{""term"":""Liquidity"",""definition"":""How easy it is to turn something into cash or use it to buy things."",""match"":""Students focusing solely on completing their own mission cards to 'survive,' regardless of how it impacted the rest of the market.""},{""term"":""Monopoly"",""definition"":""When one person or group controls the supply of a product and has no competition."",""match"":""The 'Dead' students in the graveyard being the only ones left with wheat and charging whatever they wanted because there was no competition.""},{""term"":""Specialization"",""definition"":""When someone focuses on one specific job or task to get better and more efficient at it."",""match"":""Prices for bread and wheat adjusting naturally based on student demand after the drought, without Prof Smith setting a price.""},{""term"":""Division of Labor"",""definition"":""When a job is split into different tasks and each person does a specific part."",""match"":""One student focusing only on cutting paper while another focused only on taping to increase their total output of bookmarks.""},{""term"":""Incentives"",""definition"":""Things that motivate people to act a certain way, like rewards or benefits."",""match"":""Prof Smith randomly dropping extra dollar bills onto students' desks to increase the amount of cash available for trading.""},{""term"":""Rational Self-Interest"",""definition"":""When people make decisions that they think will benefit themselves the most."",""match"":""Students forming 'corporations' because they realized they could earn more gold coins by working together than as individuals.""},{""term"":""The Invisible Hand"",""definition"":""The idea that people acting in their own self-interest can still help the economy work smoothly without planning it."",""match"":""Breaking the bookmark-making process into a 'factory line' where each person performed one specific task.""},{""term"":""Competition"",""definition"":""When different people or businesses try to attract customers by offering better prices, quality, or options."",""match"":""The 'Artisan' student producing a single high-quality bookmark while the 'Corporation' next to him produced ten faster, forcing everyone to consider price vs. quality.""}]","[""At the beginning, the market was chaotic because people were still figuring out how to trade and what prices made sense. Over time, prices became more consistent as more trades happened and people adjusted their offers. Prices began to stabilize without Prof Smith setting them, which made the market more organized."",""When the drought happened, there were fewer resources available, so it was harder to complete trades. I had to be more careful about what I traded and prioritize what I needed. This made trading more difficult and required adjusting my approach based on what was available."",""The group using division of labor was more efficient than one person doing everything alone. By splitting the tasks, each step of the bookmark process could be completed faster, which increased overall output compared to working individually.""]","At the beginning, the market was chaotic because people were still figuring out how to trade and what prices made sense. Over time, prices became more consistent as more trades happened and people adjusted their offers. Prices began to stabilize without Prof Smith setting them, which made the market more organized.","When the drought happened, there were fewer resources available, so it was harder to complete trades. I had to be more careful about what I traded and prioritize what I needed. This made trading more difficult and required adjusting my approach based on what was available.","The group using division of labor was more efficient than one person doing everything alone. By splitting the tasks, each step of the bookmark process could be completed faster, which increased overall output compared to working individually.",Trading things directly without using money.,Trading a power bank directly for a box of tissues without using any money.,"When two people both have what the other person wants, so a trade can happen.","Failing to trade because you have cards but the other person needs tissues, and neither of you wants what the other has.",Something like money that people use to make buying and selling easier.,Using gold coins to buy an apple instead of having to find a specific trade partner who wants your spare staples.,When there isn’t enough of something to satisfy everyone’s needs and wants.,The fundamental problem that there wasn't enough bread printed for everyone in the room to finish their mission cards.,"When there isn’t enough of a product available at a certain price, even though people want to buy it.","The situation after the 'drought' where the sudden removal of wheat meant many students couldn't find any, despite having the money.",When prices of goods and services go up over time.,A general rise in prices across the room because Prof Smith injected more cash into the system.,When prices of goods and services go down over time.,Prices for bookmarks dropping because Prof Smith only had 29 gold coins and couldn't afford to pay the original price.,How easy it is to turn something into cash or use it to buy things.,"Students focusing solely on completing their own mission cards to 'survive,' regardless of how it impacted the rest of the market.",When one person or group controls the supply of a product and has no competition.,The 'Dead' students in the graveyard being the only ones left with wheat and charging whatever they wanted because there was no competition.,When someone focuses on one specific job or task to get better and more efficient at it.,"Prices for bread and wheat adjusting naturally based on student demand after the drought, without Prof Smith setting a price.",When a job is split into different tasks and each person does a specific part.,One student focusing only on cutting paper while another focused only on taping to increase their total output of bookmarks.,"Things that motivate people to act a certain way, like rewards or benefits.",Prof Smith randomly dropping extra dollar bills onto students' desks to increase the amount of cash available for trading.,When people make decisions that they think will benefit themselves the most.,Students forming 'corporations' because they realized they could earn more gold coins by working together than as individuals.,The idea that people acting in their own self-interest can still help the economy work smoothly without planning it.,Breaking the bookmark-making process into a 'factory line' where each person performed one specific task.,"When different people or businesses try to attract customers by offering better prices, quality, or options.","The 'Artisan' student producing a single high-quality bookmark while the 'Corporation' next to him produced ten faster, forcing everyone to consider price vs. quality."
3/30/2026 11:51:26,1234qwerty1234,Daniil,"[{""term"":""Barter"",""definition"":""trading items directly withount using money"",""match"":""Trading a power bank directly for a box of tissues without using any money.""},{""term"":""Double Coincidence of Wants"",""definition"":""when two people both have what the other wants"",""match"":""Failing to trade because you have cards but the other person needs tissues, and neither of you wants what the other has.""},{""term"":""Medium of Exchange"",""definition"":""something everyone accepts as payment (money)"",""match"":""Using gold coins to buy an apple instead of having to find a specific trade partner who wants your spare staples.""},{""term"":""Scarcity"",""definition"":""when there isn't enough of something for everyone"",""match"":""The situation after the 'drought' where the sudden removal of wheat meant many students couldn't find any, despite having the money.""},{""term"":""Shortage"",""definition"":""a temporary lack of goods because the price is low"",""match"":""The fundamental problem that there wasn't enough bread printed for everyone in the room to finish their mission cards.""},{""term"":""Inflation"",""definition"":""when prices go up and money buys less"",""match"":""A general rise in prices across the room because Mr Waugh injected more cash into the system.""},{""term"":""Deflation"",""definition"":""when prices of goods start dropping"",""match"":""Prices for bookmarks dropping because Mr Waugh only had 29 gold coins and couldn't afford to pay the original price.""},{""term"":""Liquidity"",""definition"":""how easy it is to turn something into cash"",""match"":""Mr Waugh randomly dropping extra dollar bills onto students' desks to increase the amount of cash available for trading.""},{""term"":""Monopoly"",""definition"":""when one person controls all of a certain product"",""match"":""The 'Dead' students in the graveyard being the only ones left with wheat and charging whatever they wanted because there was no competition.""},{""term"":""Specialization"",""definition"":""focusing on one specific job you're good at"",""match"":""One student focusing only on cutting paper while another focused only on taping to increase their total output of bookmarks.""},{""term"":""Division of Labor"",""definition"":""breaking a big task into smaller steps for different people"",""match"":""Breaking the bookmark-making process into a 'factory line' where each person performed one specific task.""},{""term"":""Incentives"",""definition"":""thing that motivate you to do something (like profit)"",""match"":""Students forming 'corporations' because they realized they could earn more gold coins by working together than as individuals.""},{""term"":""Rational Self-Interest"",""definition"":""making choices that benefit you the most"",""match"":""Students focusing solely on completing their own mission cards to 'survive,' regardless of how it impacted the rest of the market.""},{""term"":""The Invisible Hand"",""definition"":""the idea that the market fixes itself without a boss"",""match"":""The 'Artisan' student producing a single high-quality bookmark while the 'Corporation' next to him produced ten faster, forcing everyone to consider price vs. quality.""},{""term"":""Competition"",""definition"":""sellers fighting to get more customers"",""match"":""Prices for bread and wheat adjusting naturally based on student demand after the drought, without Mr Waugh setting a price.""}]","[""In the first few minutes, the market was a little organized but still a bit messy. Prices eventually settled around $1 for apples people figured out what buyers were willing to pay without needing instructions."",""When the drought hit, I became more careful with my resources and tried to trade smartly.\nI ended up cooperating with some people but also competing to make sure I had enought."",""Working as a team using Division of Labor was waster and easier than making a whole bookmark alone. It saved time and everyone could focus on what they were best at.""]","In the first few minutes, the market was a little organized but still a bit messy. Prices eventually settled around $1 for apples people figured out what buyers were willing to pay without needing instructions.","When the drought hit, I became more careful with my resources and tried to trade smartly.
I ended up cooperating with some people but also competing to make sure I had enought.",Working as a team using Division of Labor was waster and easier than making a whole bookmark alone. It saved time and everyone could focus on what they were best at.,trading items directly withount using money,Trading a power bank directly for a box of tissues without using any money.,when two people both have what the other wants,"Failing to trade because you have cards but the other person needs tissues, and neither of you wants what the other has.",something everyone accepts as payment (money),Using gold coins to buy an apple instead of having to find a specific trade partner who wants your spare staples.,when there isn't enough of something for everyone,"The situation after the 'drought' where the sudden removal of wheat meant many students couldn't find any, despite having the money.",a temporary lack of goods because the price is low,The fundamental problem that there wasn't enough bread printed for everyone in the room to finish their mission cards.,when prices go up and money buys less,A general rise in prices across the room because Mr Waugh injected more cash into the system.,when prices of goods start dropping,Prices for bookmarks dropping because Mr Waugh only had 29 gold coins and couldn't afford to pay the original price.,how easy it is to turn something into cash,Mr Waugh randomly dropping extra dollar bills onto students' desks to increase the amount of cash available for trading.,when one person controls all of a certain product,The 'Dead' students in the graveyard being the only ones left with wheat and charging whatever they wanted because there was no competition.,focusing on one specific job you're good at,One student focusing only on cutting paper while another focused only on taping to increase their total output of bookmarks.,breaking a big task into smaller steps for different people,Breaking the bookmark-making process into a 'factory line' where each person performed one specific task.,thing that motivate you to do something (like profit),Students forming 'corporations' because they realized they could earn more gold coins by working together than as individuals.,making choices that benefit you the most,"Students focusing solely on completing their own mission cards to 'survive,' regardless of how it impacted the rest of the market.",the idea that the market fixes itself without a boss,"The 'Artisan' student producing a single high-quality bookmark while the 'Corporation' next to him produced ten faster, forcing everyone to consider price vs. quality.",sellers fighting to get more customers,"Prices for bread and wheat adjusting naturally based on student demand after the drought, without Mr Waugh setting a price."
3/30/2026 11:35:46,851420,Dyson,"[{""term"":""Barter"",""definition"":""exchange of goods or  services  without the use of money"",""match"":""Trading a power bank directly for a box of tissues without using any money.""},{""term"":""Double Coincidence of Wants"",""definition"":""where  two  parties each have items each other want so they exchange the items directly"",""match"":""Students forming 'corporations' because they realized they could earn more gold coins by working together than as individuals.""},{""term"":""Medium of Exchange"",""definition"":""an item that is widely excepted in exchange for goods  or  services (ex. money) "",""match"":""Using gold coins to buy an apple instead of having to find a specific trade partner who wants your spare staples.""},{""term"":""Scarcity"",""definition"":""Something being in short supply"",""match"":""The fundamental problem that there wasn't enough bread printed for everyone in the room to finish their mission cards.""},{""term"":""Shortage"",""definition"":""when demand for a  product or service exceeds supply"",""match"":""The situation after the 'drought' where the sudden removal of wheat meant many students couldn't find any, despite having the money.""},{""term"":""Inflation"",""definition"":""The increase of a goods price over time"",""match"":""A general rise in prices across the room because Mr Waugh injected more cash into the system.""},{""term"":""Deflation"",""definition"":""The decrease of a goods price over time. "",""match"":""Prices for bookmarks dropping because Mr Waugh only had 29 gold coins and couldn't afford to pay the original price.""},{""term"":""Liquidity"",""definition"":""The ease of which an asset can be converted into cash"",""match"":""Mr Waugh randomly dropping extra dollar bills onto students' desks to increase the amount of cash available for trading.""},{""term"":""Monopoly"",""definition"":""When only a single supplier produces and sells a certain product"",""match"":""The 'Dead' students in the graveyard being the only ones left with wheat and charging whatever they wanted because there was no competition.""},{""term"":""Specialization"",""definition"":""the production of certain kinds of goods instead of producing a wide variety  of goods"",""match"":""One student focusing only on cutting paper while another focused only on taping to increase their total output of bookmarks.""},{""term"":""Division of Labor"",""definition"":""The separation of  a work process into  a number of tasks with each task preformed by a separate person or group. "",""match"":""Breaking the bookmark-making process into a 'factory line' where each person performed one specific task.""},{""term"":""Incentives"",""definition"":""Factors that motivate individuals typically based on potential for gaining. "",""match"":""Students focusing solely on completing their own mission cards to 'survive,' regardless of how it impacted the rest of the market.""},{""term"":""Rational Self-Interest"",""definition"":""a theory that assumes two parties will make voluntary exchanges that will improve each party"",""match"":""Failing to trade because you have cards but the other person needs tissues, and neither of you wants what the other has.""},{""term"":""The Invisible Hand"",""definition"":""the  incentives in which free markets sometimes create for  self interested people to  accidently act in the public interest even when this is not something they need "",""match"":""Prices for bread and wheat adjusting naturally based on student demand after the drought, without Mr Waugh setting a price.""},{""term"":""Competition"",""definition"":""when various sellers each  try to offer better products, lower prices, and advantages to choosing their product over another's"",""match"":""The 'Artisan' student producing a single high-quality bookmark while the 'Corporation' next to him produced ten faster, forcing everyone to consider price vs. quality.""}]","[""I think that the market was more organized because it was before any droughts. I think prices naturally settled as people were willing to spend different amount of money based on how badly they needed certain items. "",""I think that once the drought hit people started having to compete more in order to get hold of the limited resources available that everyone wanted."",""I think that it was more efficient with a team using division of labour to create bookmarks. They were able to produce more in less time which resulted in more profit.""]",I think that the market was more organized because it was before any droughts. I think prices naturally settled as people were willing to spend different amount of money based on how badly they needed certain items. ,I think that once the drought hit people started having to compete more in order to get hold of the limited resources available that everyone wanted.,I think that it was more efficient with a team using division of labour to create bookmarks. They were able to produce more in less time which resulted in more profit.,exchange of goods or  services  without the use of money,Trading a power bank directly for a box of tissues without using any money.,where  two  parties each have items each other want so they exchange the items directly,Students forming 'corporations' because they realized they could earn more gold coins by working together than as individuals.,an item that is widely excepted in exchange for goods  or  services (ex. money) ,Using gold coins to buy an apple instead of having to find a specific trade partner who wants your spare staples.,Something being in short supply,The fundamental problem that there wasn't enough bread printed for everyone in the room to finish their mission cards.,when demand for a  product or service exceeds supply,"The situation after the 'drought' where the sudden removal of wheat meant many students couldn't find any, despite having the money.",The increase of a goods price over time,A general rise in prices across the room because Mr Waugh injected more cash into the system.,The decrease of a goods price over time. ,Prices for bookmarks dropping because Mr Waugh only had 29 gold coins and couldn't afford to pay the original price.,The ease of which an asset can be converted into cash,Mr Waugh randomly dropping extra dollar bills onto students' desks to increase the amount of cash available for trading.,When only a single supplier produces and sells a certain product,The 'Dead' students in the graveyard being the only ones left with wheat and charging whatever they wanted because there was no competition.,the production of certain kinds of goods instead of producing a wide variety  of goods,One student focusing only on cutting paper while another focused only on taping to increase their total output of bookmarks.,The separation of  a work process into  a number of tasks with each task preformed by a separate person or group. ,Breaking the bookmark-making process into a 'factory line' where each person performed one specific task.,Factors that motivate individuals typically based on potential for gaining. ,"Students focusing solely on completing their own mission cards to 'survive,' regardless of how it impacted the rest of the market.",a theory that assumes two parties will make voluntary exchanges that will improve each party,"Failing to trade because you have cards but the other person needs tissues, and neither of you wants what the other has.",the  incentives in which free markets sometimes create for  self interested people to  accidently act in the public interest even when this is not something they need ,"Prices for bread and wheat adjusting naturally based on student demand after the drought, without Mr Waugh setting a price.","when various sellers each  try to offer better products, lower prices, and advantages to choosing their product over another's","The 'Artisan' student producing a single high-quality bookmark while the 'Corporation' next to him produced ten faster, forcing everyone to consider price vs. quality."
3/27/2026 15:26:26,Yarrak,Efe ,"[{""term"":""Barter"",""definition"":""What we call barter is actually a reflection of the trade that took place before the Lydians discovered money. In exchange for the purchase of an item, another item is given. One of the most common examples is car exchanges."",""match"":""Trading a power bank directly for a box of tissues without using any money.""},{""term"":""Double Coincidence of Wants"",""definition"":""It is used when both parties leave the transaction satisfied and having received what they wanted."",""match"":""Failing to trade because you have cards but the other person needs tissues, and neither of you wants what the other has.""},{""term"":""Medium of Exchange"",""definition"":""This is actually the way exchange progresses today. Let's look at the car exchange example I gave before, for example, I have an upper segment car with 170 thousand miles on it, but I want to change it because I think it will cause trouble for me because its mileage has increased a lot, and I found a car on Facebook Marketplace with 70 thousand miles but one segment lower than mine and I wanted to change it with it, However, since there is a huge difference in the prices of the vehicles, I do not want to make a head-to-head exchange and I tell the man that I would be fine with the exchange for the car + 15 thousand cash. As a result, the man accepts the offer and I enjoy my new car and 15 thousand cash. The other man is enjoying his new car."",""match"":""Using gold coins to buy an apple instead of having to find a specific trade partner who wants your spare staples.""},{""term"":""Scarcity"",""definition"":""Scarcity in economics refers to the fundamental problem that human wants and needs are unlimited, while the resources required to fulfill them such as time, money, labor, and natural resources are finite. This gap between demand and available supply forces individuals, businesses, and governments to make choices, prioritize, and manage trade offs."",""match"":""The fundamental problem that there wasn't enough bread printed for everyone in the room to finish their mission cards.""},{""term"":""Shortage"",""definition"":""A shortage in economics occurs when the quantity demanded for a good or service exceeds the quantity supplied at the current market price, resulting in excess demand. Often temporary, it happens when demand rises unexpectedly, supply falls due to disruptions, or price controls keep prices artificially low."",""match"":""The situation after the 'drought' where the sudden removal of wheat meant many students couldn't find any, despite having the money.""},{""term"":""Inflation"",""definition"":"""",""match"":""A general rise in prices across the room because Prof Smith injected more cash into the system.""},{""term"":""Deflation"",""definition"":"""",""match"":""Prices for bookmarks dropping because Prof Smith only had 29 gold coins and couldn't afford to pay the original price.""},{""term"":""Liquidity"",""definition"":"""",""match"":""Prof Smith randomly dropping extra dollar bills onto students' desks to increase the amount of cash available for trading.""},{""term"":""Monopoly"",""definition"":"""",""match"":""The 'Artisan' student producing a single high-quality bookmark while the 'Corporation' next to him produced ten faster, forcing everyone to consider price vs. quality.""},{""term"":""Specialization"",""definition"":"""",""match"":""""},{""term"":""Division of Labor"",""definition"":"""",""match"":""""},{""term"":""Incentives"",""definition"":"""",""match"":""""},{""term"":""Rational Self-Interest"",""definition"":"""",""match"":""""},{""term"":""The Invisible Hand"",""definition"":"""",""match"":""Prices for bread and wheat adjusting naturally based on student demand after the drought, without Prof Smith setting a price.""},{""term"":""Competition"",""definition"":"""",""match"":""""}]","["""","""",""""]",,,,"What we call barter is actually a reflection of the trade that took place before the Lydians discovered money. In exchange for the purchase of an item, another item is given. One of the most common examples is car exchanges.",Trading a power bank directly for a box of tissues without using any money.,It is used when both parties leave the transaction satisfied and having received what they wanted.,"Failing to trade because you have cards but the other person needs tissues, and neither of you wants what the other has.","This is actually the way exchange progresses today. Let's look at the car exchange example I gave before, for example, I have an upper segment car with 170 thousand miles on it, but I want to change it because I think it will cause trouble for me because its mileage has increased a lot, and I found a car on Facebook Marketplace with 70 thousand miles but one segment lower than mine and I wanted to change it with it, However, since there is a huge difference in the prices of the vehicles, I do not want to make a head-to-head exchange and I tell the man that I would be fine with the exchange for the car + 15 thousand cash. As a result, the man accepts the offer and I enjoy my new car and 15 thousand cash. The other man is enjoying his new car.",Using gold coins to buy an apple instead of having to find a specific trade partner who wants your spare staples.,"Scarcity in economics refers to the fundamental problem that human wants and needs are unlimited, while the resources required to fulfill them such as time, money, labor, and natural resources are finite. This gap between demand and available supply forces individuals, businesses, and governments to make choices, prioritize, and manage trade offs.",The fundamental problem that there wasn't enough bread printed for everyone in the room to finish their mission cards.,"A shortage in economics occurs when the quantity demanded for a good or service exceeds the quantity supplied at the current market price, resulting in excess demand. Often temporary, it happens when demand rises unexpectedly, supply falls due to disruptions, or price controls keep prices artificially low.","The situation after the 'drought' where the sudden removal of wheat meant many students couldn't find any, despite having the money.",,A general rise in prices across the room because Prof Smith injected more cash into the system.,,Prices for bookmarks dropping because Prof Smith only had 29 gold coins and couldn't afford to pay the original price.,,Prof Smith randomly dropping extra dollar bills onto students' desks to increase the amount of cash available for trading.,,"The 'Artisan' student producing a single high-quality bookmark while the 'Corporation' next to him produced ten faster, forcing everyone to consider price vs. quality.",,,,,,,,,,"Prices for bread and wheat adjusting naturally based on student demand after the drought, without Prof Smith setting a price.",,
3/30/2026 11:56:47,superb,Jack ,"[{""term"":""Barter"",""definition"":""exchange of goods and services through contract of two sides after agreement without capitals such as money that replaces the value of other items. "",""match"":""Trading a power bank directly for a box of tissues without using any money.""},{""term"":""Double Coincidence of Wants"",""definition"":""the understanding of two sides getting satisfied from the bartering, where both of them gives up their capital for someone else's where they both gets fulfilled with their wants or requirements. "",""match"":""Failing to trade because you have cards but the other person needs tissues, and neither of you wants what the other has.""},{""term"":""Medium of Exchange"",""definition"":""any capitals that doesn't have immediate value but has the value to replace other goods or services through exchange, it is widely accepted and people can use it to gain other supplements. "",""match"":""Using gold coins to buy an apple instead of having to find a specific trade partner who wants your spare staples.""},{""term"":""Scarcity"",""definition"":""the idea of constant and permanent problem that always exists, it is the fact that people has unlimited wants and limited supplies that can be produced from the nature that can't be replaced and some day can be completely disappears from the world. "",""match"":""The fundamental problem that there wasn't enough bread printed for everyone in the room to finish their mission cards.""},{""term"":""Shortage"",""definition"":""the problem in the human society, where the supplies that are made from factories or produced through work has problem where the quantity of supply doesn't or cannot meet the consumer's number of wants, and this is temporary problem that can be solved by less wants or more production. "",""match"":""The situation after the 'drought' where the sudden removal of wheat meant many students couldn't find any, despite having the money.""},{""term"":""Inflation"",""definition"":""the individual money's worth goes down because there are more money circulating in the economy and makes price of most products to go up as they will willing to spend their money. "",""match"":""A general rise in prices across the room because Mr Waugh injected more cash into the system.""},{""term"":""Deflation"",""definition"":""the individual money's worth goes up due to lack of money circulating in the economy and this usually leads many product's price to go down since most people will less likely to spend their money. "",""match"":""Prices for bookmarks dropping because Mr Waugh only had 29 gold coins and couldn't afford to pay the original price.""},{""term"":""Liquidity"",""definition"":""how much money each company or seller makes as their net profit, this highly affects the economy and how much money circulates. "",""match"":""Mr Waugh randomly dropping extra dollar bills onto students' desks to increase the amount of cash available for trading.""},{""term"":""Monopoly"",""definition"":""one company or seller has exclusive ability to produce the specific products without any competitions, which can lead to inelastic demand from consumers due to lack of replacement. "",""match"":""The 'Dead' students in the graveyard being the only ones left with wheat and charging whatever they wanted because there was no competition.""},{""term"":""Specialization"",""definition"":""each individuals focus on one specific work and getting specialized on that field. this allows the people to work more effectively and efficiently since they will be master at their work. "",""match"":""One student focusing only on cutting paper while another focused only on taping to increase their total output of bookmarks.""},{""term"":""Division of Labor"",""definition"":""people divide the work in each parts so that they can produce more time efficiently and easily, because they can split up the hard works with others. "",""match"":""Breaking the bookmark-making process into a 'factory line' where each person performed one specific task.""},{""term"":""Incentives"",""definition"":""the reward or penalty company or businesses gives to their customers because that would force them to make certain decision that they want or can get advantage from it. "",""match"":""Students forming 'corporations' because they realized they could earn more gold coins by working together than as individuals.""},{""term"":""Rational Self-Interest"",""definition"":""any and every action done in the economy is created only because people always have their specific goal and they want to fullfill their desires and that is the reason they contribute to society. "",""match"":""Students focusing solely on completing their own mission cards to 'survive,' regardless of how it impacted the rest of the market.""},{""term"":""The Invisible Hand"",""definition"":""the idea Adam Smith theorized that people will be better off without or minimum government interfering for the production and trades, because the market will adjust itself to the demands and supplies in the economy. "",""match"":""Prices for bread and wheat adjusting naturally based on student demand after the drought, without Mr Waugh setting a price.""},{""term"":""Competition"",""definition"":""the rivalry between different companies or businesses that sells or making profit in the similar way or selling similar products. this adjusts the prices in the market price. "",""match"":""The 'Artisan' student producing a single high-quality bookmark while the 'Corporation' next to him produced ten faster, forcing everyone to consider price vs. quality.""}]","[""during the first few minutes, the market was chaotic because people didn't knew what each other had and how much circulated in the system, after few more minutes, people realized the price and value of each products and unspoken belief in price of each product was set. "",""when the drought hit, I personally stayed alone. while slowly collected what I needed, I also held onto things that were valuable like bread, having the scarce asset was still helpful for collecting other thing because I can always change it for my own needs and wants.   "",""in terms of efficiency, the team division was more efficient for production because one person doesn't had to do all the work, instead, they worked by dividing each part of their work so they can only focus on their part and this was much faster because several processes happened simutaneously.  ""]","during the first few minutes, the market was chaotic because people didn't knew what each other had and how much circulated in the system, after few more minutes, people realized the price and value of each products and unspoken belief in price of each product was set. ","when the drought hit, I personally stayed alone. while slowly collected what I needed, I also held onto things that were valuable like bread, having the scarce asset was still helpful for collecting other thing because I can always change it for my own needs and wants.   ","in terms of efficiency, the team division was more efficient for production because one person doesn't had to do all the work, instead, they worked by dividing each part of their work so they can only focus on their part and this was much faster because several processes happened simutaneously.  ",exchange of goods and services through contract of two sides after agreement without capitals such as money that replaces the value of other items. ,Trading a power bank directly for a box of tissues without using any money.,"the understanding of two sides getting satisfied from the bartering, where both of them gives up their capital for someone else's where they both gets fulfilled with their wants or requirements. ","Failing to trade because you have cards but the other person needs tissues, and neither of you wants what the other has.","any capitals that doesn't have immediate value but has the value to replace other goods or services through exchange, it is widely accepted and people can use it to gain other supplements. ",Using gold coins to buy an apple instead of having to find a specific trade partner who wants your spare staples.,"the idea of constant and permanent problem that always exists, it is the fact that people has unlimited wants and limited supplies that can be produced from the nature that can't be replaced and some day can be completely disappears from the world. ",The fundamental problem that there wasn't enough bread printed for everyone in the room to finish their mission cards.,"the problem in the human society, where the supplies that are made from factories or produced through work has problem where the quantity of supply doesn't or cannot meet the consumer's number of wants, and this is temporary problem that can be solved by less wants or more production. ","The situation after the 'drought' where the sudden removal of wheat meant many students couldn't find any, despite having the money.",the individual money's worth goes down because there are more money circulating in the economy and makes price of most products to go up as they will willing to spend their money. ,A general rise in prices across the room because Mr Waugh injected more cash into the system.,the individual money's worth goes up due to lack of money circulating in the economy and this usually leads many product's price to go down since most people will less likely to spend their money. ,Prices for bookmarks dropping because Mr Waugh only had 29 gold coins and couldn't afford to pay the original price.,"how much money each company or seller makes as their net profit, this highly affects the economy and how much money circulates. ",Mr Waugh randomly dropping extra dollar bills onto students' desks to increase the amount of cash available for trading.,"one company or seller has exclusive ability to produce the specific products without any competitions, which can lead to inelastic demand from consumers due to lack of replacement. ",The 'Dead' students in the graveyard being the only ones left with wheat and charging whatever they wanted because there was no competition.,each individuals focus on one specific work and getting specialized on that field. this allows the people to work more effectively and efficiently since they will be master at their work. ,One student focusing only on cutting paper while another focused only on taping to increase their total output of bookmarks.,"people divide the work in each parts so that they can produce more time efficiently and easily, because they can split up the hard works with others. ",Breaking the bookmark-making process into a 'factory line' where each person performed one specific task.,the reward or penalty company or businesses gives to their customers because that would force them to make certain decision that they want or can get advantage from it. ,Students forming 'corporations' because they realized they could earn more gold coins by working together than as individuals.,any and every action done in the economy is created only because people always have their specific goal and they want to fullfill their desires and that is the reason they contribute to society. ,"Students focusing solely on completing their own mission cards to 'survive,' regardless of how it impacted the rest of the market.","the idea Adam Smith theorized that people will be better off without or minimum government interfering for the production and trades, because the market will adjust itself to the demands and supplies in the economy. ","Prices for bread and wheat adjusting naturally based on student demand after the drought, without Mr Waugh setting a price.",the rivalry between different companies or businesses that sells or making profit in the similar way or selling similar products. this adjusts the prices in the market price. ,"The 'Artisan' student producing a single high-quality bookmark while the 'Corporation' next to him produced ten faster, forcing everyone to consider price vs. quality."
3/30/2026 11:53:52,78420,john,"[{""term"":""Barter"",""definition"":""trading a good or service with no money involved."",""match"":""Trading a power bank directly for a box of tissues without using any money.""},{""term"":""Double Coincidence of Wants"",""definition"":""when you want something someone else has but they don't want what you have or vise versa."",""match"":""Failing to trade because you have cards but the other person needs tissues, and neither of you wants what the other has.""},{""term"":""Medium of Exchange"",""definition"":""something that holds a set value so that you don't have to barter."",""match"":""Using gold coins to buy an apple instead of having to find a specific trade partner who wants your spare staples.""},{""term"":""Scarcity"",""definition"":""the principle that there isn't enough of something for everyone to have."",""match"":""The fundamental problem that there wasn't enough bread printed for everyone in the room to finish their mission cards.""},{""term"":""Shortage"",""definition"":""when the demand of something goes up but the supply doesn't."",""match"":""The situation after the 'drought' where the sudden removal of wheat meant many students couldn't find any, despite having the money.""},{""term"":""Inflation"",""definition"":""when more money gets put into an economy so prices rise and each dollar is worth less."",""match"":""A general rise in prices across the room because Mr Waugh injected more cash into the system.""},{""term"":""Deflation"",""definition"":""when money gets taken out of the economy so prices drop because people cant afford current prices."",""match"":""Prices for bookmarks dropping because Mr Waugh only had 29 gold coins and couldn't afford to pay the original price.""},{""term"":""Liquidity"",""definition"":"" liquidity is how fast an asset can get turned into cash."",""match"":""Mr Waugh randomly dropping extra dollar bills onto students' desks to increase the amount of cash available for trading.""},{""term"":""Monopoly"",""definition"":""when there is only one person or group offering a good or service so they can set whatever price they want."",""match"":""The 'Dead' students in the graveyard being the only ones left with wheat and charging whatever they wanted because there was no competition.""},{""term"":""Specialization"",""definition"":""picking something your good at and that you want to do to improve effeciency of a organization."",""match"":""One student focusing only on cutting paper while another focused only on taping to increase their total output of bookmarks.""},{""term"":""Division of Labor"",""definition"":""breaking up what needs to get done into littler steps handeled by different people"",""match"":""Breaking the bookmark-making process into a 'factory line' where each person performed one specific task.""},{""term"":""Incentives"",""definition"":""a reward for doing something good or a consequence for doing something bad."",""match"":""Students forming 'corporations' because they realized they could earn more gold coins by working together than as individuals.""},{""term"":""Rational Self-Interest"",""definition"":""focusing only on what matters to you to get your goals acomplished."",""match"":""Students focusing solely on completing their own mission cards to 'survive,' regardless of how it impacted the rest of the market.""},{""term"":""The Invisible Hand"",""definition"":""when a market will naturally set a price through supply and demand and not someone personally setting it."",""match"":""Prices for bread and wheat adjusting naturally based on student demand after the drought, without Mr Waugh setting a price.""},{""term"":""Competition"",""definition"":""when two organizations have to battle with each other to prove to a customer that their product is better."",""match"":""The 'Artisan' student producing a single high-quality bookmark while the 'Corporation' next to him produced ten faster, forcing everyone to consider price vs. quality.""}]","[""in the first few minutes the prices set naturally on their own because people wanted to trade and see what they could get so starting at 1$ seems reasonable before we all know what holds more value."",""I found myself competeing with others when the drought hit, i was trying to find as much bread and wheat as possible to try and accumulate power over others."",""a team using the division of labour method because with this method you can multiply how much you produce exponentially by people specializing in one field instead of doing the whole thing.""]",in the first few minutes the prices set naturally on their own because people wanted to trade and see what they could get so starting at 1$ seems reasonable before we all know what holds more value.,"I found myself competeing with others when the drought hit, i was trying to find as much bread and wheat as possible to try and accumulate power over others.",a team using the division of labour method because with this method you can multiply how much you produce exponentially by people specializing in one field instead of doing the whole thing.,trading a good or service with no money involved.,Trading a power bank directly for a box of tissues without using any money.,when you want something someone else has but they don't want what you have or vise versa.,"Failing to trade because you have cards but the other person needs tissues, and neither of you wants what the other has.",something that holds a set value so that you don't have to barter.,Using gold coins to buy an apple instead of having to find a specific trade partner who wants your spare staples.,the principle that there isn't enough of something for everyone to have.,The fundamental problem that there wasn't enough bread printed for everyone in the room to finish their mission cards.,when the demand of something goes up but the supply doesn't.,"The situation after the 'drought' where the sudden removal of wheat meant many students couldn't find any, despite having the money.",when more money gets put into an economy so prices rise and each dollar is worth less.,A general rise in prices across the room because Mr Waugh injected more cash into the system.,when money gets taken out of the economy so prices drop because people cant afford current prices.,Prices for bookmarks dropping because Mr Waugh only had 29 gold coins and couldn't afford to pay the original price., liquidity is how fast an asset can get turned into cash.,Mr Waugh randomly dropping extra dollar bills onto students' desks to increase the amount of cash available for trading.,when there is only one person or group offering a good or service so they can set whatever price they want.,The 'Dead' students in the graveyard being the only ones left with wheat and charging whatever they wanted because there was no competition.,picking something your good at and that you want to do to improve effeciency of a organization.,One student focusing only on cutting paper while another focused only on taping to increase their total output of bookmarks.,breaking up what needs to get done into littler steps handeled by different people,Breaking the bookmark-making process into a 'factory line' where each person performed one specific task.,a reward for doing something good or a consequence for doing something bad.,Students forming 'corporations' because they realized they could earn more gold coins by working together than as individuals.,focusing only on what matters to you to get your goals acomplished.,"Students focusing solely on completing their own mission cards to 'survive,' regardless of how it impacted the rest of the market.",when a market will naturally set a price through supply and demand and not someone personally setting it.,"Prices for bread and wheat adjusting naturally based on student demand after the drought, without Mr Waugh setting a price.",when two organizations have to battle with each other to prove to a customer that their product is better.,"The 'Artisan' student producing a single high-quality bookmark while the 'Corporation' next to him produced ten faster, forcing everyone to consider price vs. quality."
3/27/2026 15:07:47,78420,john,"[{""term"":""Barter"",""definition"":"""",""match"":""""},{""term"":""Double Coincidence of Wants"",""definition"":"""",""match"":""""},{""term"":""Medium of Exchange"",""definition"":"""",""match"":""Using gold coins to buy an apple instead of having to find a specific trade partner who wants your spare staples.""},{""term"":""Scarcity"",""definition"":""the principle that there isn't enough of something for everyone to have"",""match"":""The fundamental problem that there wasn't enough bread printed for everyone in the room to finish their mission cards.""},{""term"":""Shortage"",""definition"":"""",""match"":""""},{""term"":""Inflation"",""definition"":"""",""match"":""""},{""term"":""Deflation"",""definition"":"""",""match"":""""},{""term"":""Liquidity"",""definition"":"""",""match"":""""},{""term"":""Monopoly"",""definition"":"""",""match"":""""},{""term"":""Specialization"",""definition"":"""",""match"":""""},{""term"":""Division of Labor"",""definition"":"""",""match"":""""},{""term"":""Incentives"",""definition"":"""",""match"":""""},{""term"":""Rational Self-Interest"",""definition"":"""",""match"":""""},{""term"":""The Invisible Hand"",""definition"":"""",""match"":""""},{""term"":""Competition"",""definition"":"""",""match"":""""}]","["""","""",""""]",,,,,,,,,Using gold coins to buy an apple instead of having to find a specific trade partner who wants your spare staples.,the principle that there isn't enough of something for everyone to have,The fundamental problem that there wasn't enough bread printed for everyone in the room to finish their mission cards.,,,,,,,,,,,,,,,,,,,,,,
3/27/2026 15:08:01,78420,john,"[{""term"":""Barter"",""definition"":"""",""match"":""""},{""term"":""Double Coincidence of Wants"",""definition"":"""",""match"":""Failing to trade because you have cards but the other person needs tissues, and neither of you wants what the other has.""},{""term"":""Medium of Exchange"",""definition"":"""",""match"":""Using gold coins to buy an apple instead of having to find a specific trade partner who wants your spare staples.""},{""term"":""Scarcity"",""definition"":""the principle that there isn't enough of something for everyone to have"",""match"":""The fundamental problem that there wasn't enough bread printed for everyone in the room to finish their mission cards.""},{""term"":""Shortage"",""definition"":"""",""match"":""""},{""term"":""Inflation"",""definition"":"""",""match"":""""},{""term"":""Deflation"",""definition"":"""",""match"":""""},{""term"":""Liquidity"",""definition"":"""",""match"":""""},{""term"":""Monopoly"",""definition"":"""",""match"":""""},{""term"":""Specialization"",""definition"":"""",""match"":""""},{""term"":""Division of Labor"",""definition"":"""",""match"":""""},{""term"":""Incentives"",""definition"":"""",""match"":""""},{""term"":""Rational Self-Interest"",""definition"":"""",""match"":""""},{""term"":""The Invisible Hand"",""definition"":"""",""match"":""""},{""term"":""Competition"",""definition"":"""",""match"":""""}]","["""","""",""""]",,,,,,,"Failing to trade because you have cards but the other person needs tissues, and neither of you wants what the other has.",,Using gold coins to buy an apple instead of having to find a specific trade partner who wants your spare staples.,the principle that there isn't enough of something for everyone to have,The fundamental problem that there wasn't enough bread printed for everyone in the room to finish their mission cards.,,,,,,,,,,,,,,,,,,,,,,
3/27/2026 15:08:26,78420,john,"[{""term"":""Barter"",""definition"":"""",""match"":""""},{""term"":""Double Coincidence of Wants"",""definition"":"""",""match"":""Failing to trade because you have cards but the other person needs tissues, and neither of you wants what the other has.""},{""term"":""Medium of Exchange"",""definition"":"""",""match"":""Using gold coins to buy an apple instead of having to find a specific trade partner who wants your spare staples.""},{""term"":""Scarcity"",""definition"":""the principle that there isn't enough of something for everyone to have"",""match"":""The fundamental problem that there wasn't enough bread printed for everyone in the room to finish their mission cards.""},{""term"":""Shortage"",""definition"":"""",""match"":""""},{""term"":""Inflation"",""definition"":"""",""match"":""A general rise in prices across the room because Prof Smith injected more cash into the system.""},{""term"":""Deflation"",""definition"":"""",""match"":""""},{""term"":""Liquidity"",""definition"":"""",""match"":""""},{""term"":""Monopoly"",""definition"":"""",""match"":""""},{""term"":""Specialization"",""definition"":"""",""match"":""""},{""term"":""Division of Labor"",""definition"":"""",""match"":""""},{""term"":""Incentives"",""definition"":"""",""match"":""""},{""term"":""Rational Self-Interest"",""definition"":"""",""match"":""""},{""term"":""The Invisible Hand"",""definition"":"""",""match"":""""},{""term"":""Competition"",""definition"":"""",""match"":""""}]","["""","""",""""]",,,,,,,"Failing to trade because you have cards but the other person needs tissues, and neither of you wants what the other has.",,Using gold coins to buy an apple instead of having to find a specific trade partner who wants your spare staples.,the principle that there isn't enough of something for everyone to have,The fundamental problem that there wasn't enough bread printed for everyone in the room to finish their mission cards.,,,,A general rise in prices across the room because Prof Smith injected more cash into the system.,,,,,,,,,,,,,,,,,,
3/27/2026 15:08:53,78420,john,"[{""term"":""Barter"",""definition"":"""",""match"":""""},{""term"":""Double Coincidence of Wants"",""definition"":"""",""match"":""Failing to trade because you have cards but the other person needs tissues, and neither of you wants what the other has.""},{""term"":""Medium of Exchange"",""definition"":"""",""match"":""Using gold coins to buy an apple instead of having to find a specific trade partner who wants your spare staples.""},{""term"":""Scarcity"",""definition"":""the principle that there isn't enough of something for everyone to have"",""match"":""The fundamental problem that there wasn't enough bread printed for everyone in the room to finish their mission cards.""},{""term"":""Shortage"",""definition"":"""",""match"":""""},{""term"":""Inflation"",""definition"":"""",""match"":""A general rise in prices across the room because Prof Smith injected more cash into the system.""},{""term"":""Deflation"",""definition"":"""",""match"":""""},{""term"":""Liquidity"",""definition"":"""",""match"":""""},{""term"":""Monopoly"",""definition"":"""",""match"":""The 'Dead' students in the graveyard being the only ones left with wheat and charging whatever they wanted because there was no competition.""},{""term"":""Specialization"",""definition"":"""",""match"":""""},{""term"":""Division of Labor"",""definition"":"""",""match"":""""},{""term"":""Incentives"",""definition"":"""",""match"":""""},{""term"":""Rational Self-Interest"",""definition"":"""",""match"":""""},{""term"":""The Invisible Hand"",""definition"":"""",""match"":""""},{""term"":""Competition"",""definition"":"""",""match"":""""}]","["""","""",""""]",,,,,,,"Failing to trade because you have cards but the other person needs tissues, and neither of you wants what the other has.",,Using gold coins to buy an apple instead of having to find a specific trade partner who wants your spare staples.,the principle that there isn't enough of something for everyone to have,The fundamental problem that there wasn't enough bread printed for everyone in the room to finish their mission cards.,,,,A general rise in prices across the room because Prof Smith injected more cash into the system.,,,,,,The 'Dead' students in the graveyard being the only ones left with wheat and charging whatever they wanted because there was no competition.,,,,,,,,,,,,
3/27/2026 15:09:05,78420,john,"[{""term"":""Barter"",""definition"":"""",""match"":""""},{""term"":""Double Coincidence of Wants"",""definition"":"""",""match"":""Failing to trade because you have cards but the other person needs tissues, and neither of you wants what the other has.""},{""term"":""Medium of Exchange"",""definition"":"""",""match"":""Using gold coins to buy an apple instead of having to find a specific trade partner who wants your spare staples.""},{""term"":""Scarcity"",""definition"":""the principle that there isn't enough of something for everyone to have"",""match"":""The fundamental problem that there wasn't enough bread printed for everyone in the room to finish their mission cards.""},{""term"":""Shortage"",""definition"":"""",""match"":""""},{""term"":""Inflation"",""definition"":"""",""match"":""A general rise in prices across the room because Prof Smith injected more cash into the system.""},{""term"":""Deflation"",""definition"":"""",""match"":""""},{""term"":""Liquidity"",""definition"":"""",""match"":""""},{""term"":""Monopoly"",""definition"":"""",""match"":""The 'Dead' students in the graveyard being the only ones left with wheat and charging whatever they wanted because there was no competition.""},{""term"":""Specialization"",""definition"":"""",""match"":""One student focusing only on cutting paper while another focused only on taping to increase their total output of bookmarks.""},{""term"":""Division of Labor"",""definition"":"""",""match"":""""},{""term"":""Incentives"",""definition"":"""",""match"":""""},{""term"":""Rational Self-Interest"",""definition"":"""",""match"":""""},{""term"":""The Invisible Hand"",""definition"":"""",""match"":""""},{""term"":""Competition"",""definition"":"""",""match"":""""}]","["""","""",""""]",,,,,,,"Failing to trade because you have cards but the other person needs tissues, and neither of you wants what the other has.",,Using gold coins to buy an apple instead of having to find a specific trade partner who wants your spare staples.,the principle that there isn't enough of something for everyone to have,The fundamental problem that there wasn't enough bread printed for everyone in the room to finish their mission cards.,,,,A general rise in prices across the room because Prof Smith injected more cash into the system.,,,,,,The 'Dead' students in the graveyard being the only ones left with wheat and charging whatever they wanted because there was no competition.,,One student focusing only on cutting paper while another focused only on taping to increase their total output of bookmarks.,,,,,,,,,,
3/27/2026 15:10:26,78420,john,"[{""term"":""Barter"",""definition"":"""",""match"":""""},{""term"":""Double Coincidence of Wants"",""definition"":"""",""match"":""Failing to trade because you have cards but the other person needs tissues, and neither of you wants what the other has.""},{""term"":""Medium of Exchange"",""definition"":"""",""match"":""Using gold coins to buy an apple instead of having to find a specific trade partner who wants your spare staples.""},{""term"":""Scarcity"",""definition"":""the principle that there isn't enough of something for everyone to have"",""match"":""The fundamental problem that there wasn't enough bread printed for everyone in the room to finish their mission cards.""},{""term"":""Shortage"",""definition"":"""",""match"":""""},{""term"":""Inflation"",""definition"":"""",""match"":""A general rise in prices across the room because Prof Smith injected more cash into the system.""},{""term"":""Deflation"",""definition"":"""",""match"":""""},{""term"":""Liquidity"",""definition"":"""",""match"":""""},{""term"":""Monopoly"",""definition"":"""",""match"":""The 'Dead' students in the graveyard being the only ones left with wheat and charging whatever they wanted because there was no competition.""},{""term"":""Specialization"",""definition"":"""",""match"":""One student focusing only on cutting paper while another focused only on taping to increase their total output of bookmarks.""},{""term"":""Division of Labor"",""definition"":"""",""match"":""""},{""term"":""Incentives"",""definition"":"""",""match"":""""},{""term"":""Rational Self-Interest"",""definition"":"""",""match"":""""},{""term"":""The Invisible Hand"",""definition"":"""",""match"":""""},{""term"":""Competition"",""definition"":"""",""match"":""The 'Artisan' student producing a single high-quality bookmark while the 'Corporation' next to him produced ten faster, forcing everyone to consider price vs. quality.""}]","["""","""",""""]",,,,,,,"Failing to trade because you have cards but the other person needs tissues, and neither of you wants what the other has.",,Using gold coins to buy an apple instead of having to find a specific trade partner who wants your spare staples.,the principle that there isn't enough of something for everyone to have,The fundamental problem that there wasn't enough bread printed for everyone in the room to finish their mission cards.,,,,A general rise in prices across the room because Prof Smith injected more cash into the system.,,,,,,The 'Dead' students in the graveyard being the only ones left with wheat and charging whatever they wanted because there was no competition.,,One student focusing only on cutting paper while another focused only on taping to increase their total output of bookmarks.,,,,,,,,,,"The 'Artisan' student producing a single high-quality bookmark while the 'Corporation' next to him produced ten faster, forcing everyone to consider price vs. quality."
3/27/2026 15:10:34,78420,john,"[{""term"":""Barter"",""definition"":"""",""match"":""""},{""term"":""Double Coincidence of Wants"",""definition"":"""",""match"":""Failing to trade because you have cards but the other person needs tissues, and neither of you wants what the other has.""},{""term"":""Medium of Exchange"",""definition"":"""",""match"":""Using gold coins to buy an apple instead of having to find a specific trade partner who wants your spare staples.""},{""term"":""Scarcity"",""definition"":""the principle that there isn't enough of something for everyone to have"",""match"":""The fundamental problem that there wasn't enough bread printed for everyone in the room to finish their mission cards.""},{""term"":""Shortage"",""definition"":"""",""match"":""""},{""term"":""Inflation"",""definition"":"""",""match"":""A general rise in prices across the room because Prof Smith injected more cash into the system.""},{""term"":""Deflation"",""definition"":"""",""match"":""""},{""term"":""Liquidity"",""definition"":"""",""match"":""""},{""term"":""Monopoly"",""definition"":"""",""match"":""The 'Dead' students in the graveyard being the only ones left with wheat and charging whatever they wanted because there was no competition.""},{""term"":""Specialization"",""definition"":"""",""match"":""One student focusing only on cutting paper while another focused only on taping to increase their total output of bookmarks.""},{""term"":""Division of Labor"",""definition"":"""",""match"":""""},{""term"":""Incentives"",""definition"":"""",""match"":""""},{""term"":""Rational Self-Interest"",""definition"":"""",""match"":""""},{""term"":""The Invisible Hand"",""definition"":"""",""match"":""Students forming 'corporations' because they realized they could earn more gold coins by working together than as individuals.""},{""term"":""Competition"",""definition"":"""",""match"":""The 'Artisan' student producing a single high-quality bookmark while the 'Corporation' next to him produced ten faster, forcing everyone to consider price vs. quality.""}]","["""","""",""""]",,,,,,,"Failing to trade because you have cards but the other person needs tissues, and neither of you wants what the other has.",,Using gold coins to buy an apple instead of having to find a specific trade partner who wants your spare staples.,the principle that there isn't enough of something for everyone to have,The fundamental problem that there wasn't enough bread printed for everyone in the room to finish their mission cards.,,,,A general rise in prices across the room because Prof Smith injected more cash into the system.,,,,,,The 'Dead' students in the graveyard being the only ones left with wheat and charging whatever they wanted because there was no competition.,,One student focusing only on cutting paper while another focused only on taping to increase their total output of bookmarks.,,,,,,,,Students forming 'corporations' because they realized they could earn more gold coins by working together than as individuals.,,"The 'Artisan' student producing a single high-quality bookmark while the 'Corporation' next to him produced ten faster, forcing everyone to consider price vs. quality."
3/27/2026 15:10:42,78420,john,"[{""term"":""Barter"",""definition"":"""",""match"":""""},{""term"":""Double Coincidence of Wants"",""definition"":"""",""match"":""Failing to trade because you have cards but the other person needs tissues, and neither of you wants what the other has.""},{""term"":""Medium of Exchange"",""definition"":"""",""match"":""Using gold coins to buy an apple instead of having to find a specific trade partner who wants your spare staples.""},{""term"":""Scarcity"",""definition"":""the principle that there isn't enough of something for everyone to have"",""match"":""The fundamental problem that there wasn't enough bread printed for everyone in the room to finish their mission cards.""},{""term"":""Shortage"",""definition"":"""",""match"":""""},{""term"":""Inflation"",""definition"":"""",""match"":""A general rise in prices across the room because Prof Smith injected more cash into the system.""},{""term"":""Deflation"",""definition"":"""",""match"":""""},{""term"":""Liquidity"",""definition"":"""",""match"":""""},{""term"":""Monopoly"",""definition"":"""",""match"":""The 'Dead' students in the graveyard being the only ones left with wheat and charging whatever they wanted because there was no competition.""},{""term"":""Specialization"",""definition"":"""",""match"":""One student focusing only on cutting paper while another focused only on taping to increase their total output of bookmarks.""},{""term"":""Division of Labor"",""definition"":"""",""match"":""""},{""term"":""Incentives"",""definition"":"""",""match"":""""},{""term"":""Rational Self-Interest"",""definition"":"""",""match"":""""},{""term"":""The Invisible Hand"",""definition"":"""",""match"":""""},{""term"":""Competition"",""definition"":"""",""match"":""""}]","["""","""",""""]",,,,,,,"Failing to trade because you have cards but the other person needs tissues, and neither of you wants what the other has.",,Using gold coins to buy an apple instead of having to find a specific trade partner who wants your spare staples.,the principle that there isn't enough of something for everyone to have,The fundamental problem that there wasn't enough bread printed for everyone in the room to finish their mission cards.,,,,A general rise in prices across the room because Prof Smith injected more cash into the system.,,,,,,The 'Dead' students in the graveyard being the only ones left with wheat and charging whatever they wanted because there was no competition.,,One student focusing only on cutting paper while another focused only on taping to increase their total output of bookmarks.,,,,,,,,,,
3/27/2026 15:13:05,78420,john,"[{""term"":""Barter"",""definition"":"""",""match"":""""},{""term"":""Double Coincidence of Wants"",""definition"":"""",""match"":""Failing to trade because you have cards but the other person needs tissues, and neither of you wants what the other has.""},{""term"":""Medium of Exchange"",""definition"":"""",""match"":""Using gold coins to buy an apple instead of having to find a specific trade partner who wants your spare staples.""},{""term"":""Scarcity"",""definition"":""the principle that there isn't enough of something for everyone to have"",""match"":""The fundamental problem that there wasn't enough bread printed for everyone in the room to finish their mission cards.""},{""term"":""Shortage"",""definition"":"""",""match"":""The situation after the 'drought' where the sudden removal of wheat meant many students couldn't find any, despite having the money.""},{""term"":""Inflation"",""definition"":"""",""match"":""A general rise in prices across the room because Prof Smith injected more cash into the system.""},{""term"":""Deflation"",""definition"":"""",""match"":""""},{""term"":""Liquidity"",""definition"":"""",""match"":""""},{""term"":""Monopoly"",""definition"":"""",""match"":""The 'Dead' students in the graveyard being the only ones left with wheat and charging whatever they wanted because there was no competition.""},{""term"":""Specialization"",""definition"":"""",""match"":""One student focusing only on cutting paper while another focused only on taping to increase their total output of bookmarks.""},{""term"":""Division of Labor"",""definition"":"""",""match"":""""},{""term"":""Incentives"",""definition"":"""",""match"":""""},{""term"":""Rational Self-Interest"",""definition"":"""",""match"":""""},{""term"":""The Invisible Hand"",""definition"":"""",""match"":""""},{""term"":""Competition"",""definition"":"""",""match"":""""}]","["""","""",""""]",,,,,,,"Failing to trade because you have cards but the other person needs tissues, and neither of you wants what the other has.",,Using gold coins to buy an apple instead of having to find a specific trade partner who wants your spare staples.,the principle that there isn't enough of something for everyone to have,The fundamental problem that there wasn't enough bread printed for everyone in the room to finish their mission cards.,,"The situation after the 'drought' where the sudden removal of wheat meant many students couldn't find any, despite having the money.",,A general rise in prices across the room because Prof Smith injected more cash into the system.,,,,,,The 'Dead' students in the graveyard being the only ones left with wheat and charging whatever they wanted because there was no competition.,,One student focusing only on cutting paper while another focused only on taping to increase their total output of bookmarks.,,,,,,,,,,
3/27/2026 15:13:37,78420,john,"[{""term"":""Barter"",""definition"":"""",""match"":""""},{""term"":""Double Coincidence of Wants"",""definition"":"""",""match"":""Failing to trade because you have cards but the other person needs tissues, and neither of you wants what the other has.""},{""term"":""Medium of Exchange"",""definition"":"""",""match"":""Using gold coins to buy an apple instead of having to find a specific trade partner who wants your spare staples.""},{""term"":""Scarcity"",""definition"":""the principle that there isn't enough of something for everyone to have"",""match"":""The fundamental problem that there wasn't enough bread printed for everyone in the room to finish their mission cards.""},{""term"":""Shortage"",""definition"":"""",""match"":""The situation after the 'drought' where the sudden removal of wheat meant many students couldn't find any, despite having the money.""},{""term"":""Inflation"",""definition"":"""",""match"":""A general rise in prices across the room because Prof Smith injected more cash into the system.""},{""term"":""Deflation"",""definition"":"""",""match"":""""},{""term"":""Liquidity"",""definition"":"""",""match"":""""},{""term"":""Monopoly"",""definition"":"""",""match"":""The 'Dead' students in the graveyard being the only ones left with wheat and charging whatever they wanted because there was no competition.""},{""term"":""Specialization"",""definition"":"""",""match"":""""},{""term"":""Division of Labor"",""definition"":"""",""match"":""""},{""term"":""Incentives"",""definition"":"""",""match"":""""},{""term"":""Rational Self-Interest"",""definition"":"""",""match"":""""},{""term"":""The Invisible Hand"",""definition"":"""",""match"":""""},{""term"":""Competition"",""definition"":"""",""match"":""""}]","["""","""",""""]",,,,,,,"Failing to trade because you have cards but the other person needs tissues, and neither of you wants what the other has.",,Using gold coins to buy an apple instead of having to find a specific trade partner who wants your spare staples.,the principle that there isn't enough of something for everyone to have,The fundamental problem that there wasn't enough bread printed for everyone in the room to finish their mission cards.,,"The situation after the 'drought' where the sudden removal of wheat meant many students couldn't find any, despite having the money.",,A general rise in prices across the room because Prof Smith injected more cash into the system.,,,,,,The 'Dead' students in the graveyard being the only ones left with wheat and charging whatever they wanted because there was no competition.,,,,,,,,,,,,
3/27/2026 15:13:44,78420,john,"[{""term"":""Barter"",""definition"":"""",""match"":""""},{""term"":""Double Coincidence of Wants"",""definition"":"""",""match"":""Failing to trade because you have cards but the other person needs tissues, and neither of you wants what the other has.""},{""term"":""Medium of Exchange"",""definition"":"""",""match"":""Using gold coins to buy an apple instead of having to find a specific trade partner who wants your spare staples.""},{""term"":""Scarcity"",""definition"":""the principle that there isn't enough of something for everyone to have"",""match"":""The fundamental problem that there wasn't enough bread printed for everyone in the room to finish their mission cards.""},{""term"":""Shortage"",""definition"":"""",""match"":""The situation after the 'drought' where the sudden removal of wheat meant many students couldn't find any, despite having the money.""},{""term"":""Inflation"",""definition"":"""",""match"":""A general rise in prices across the room because Prof Smith injected more cash into the system.""},{""term"":""Deflation"",""definition"":"""",""match"":""""},{""term"":""Liquidity"",""definition"":"""",""match"":""""},{""term"":""Monopoly"",""definition"":"""",""match"":""The 'Dead' students in the graveyard being the only ones left with wheat and charging whatever they wanted because there was no competition.""},{""term"":""Specialization"",""definition"":"""",""match"":""""},{""term"":""Division of Labor"",""definition"":"""",""match"":""One student focusing only on cutting paper while another focused only on taping to increase their total output of bookmarks.""},{""term"":""Incentives"",""definition"":"""",""match"":""""},{""term"":""Rational Self-Interest"",""definition"":"""",""match"":""""},{""term"":""The Invisible Hand"",""definition"":"""",""match"":""""},{""term"":""Competition"",""definition"":"""",""match"":""""}]","["""","""",""""]",,,,,,,"Failing to trade because you have cards but the other person needs tissues, and neither of you wants what the other has.",,Using gold coins to buy an apple instead of having to find a specific trade partner who wants your spare staples.,the principle that there isn't enough of something for everyone to have,The fundamental problem that there wasn't enough bread printed for everyone in the room to finish their mission cards.,,"The situation after the 'drought' where the sudden removal of wheat meant many students couldn't find any, despite having the money.",,A general rise in prices across the room because Prof Smith injected more cash into the system.,,,,,,The 'Dead' students in the graveyard being the only ones left with wheat and charging whatever they wanted because there was no competition.,,,,One student focusing only on cutting paper while another focused only on taping to increase their total output of bookmarks.,,,,,,,,
3/27/2026 15:14:58,78420,john,"[{""term"":""Barter"",""definition"":"""",""match"":""""},{""term"":""Double Coincidence of Wants"",""definition"":"""",""match"":""Failing to trade because you have cards but the other person needs tissues, and neither of you wants what the other has.""},{""term"":""Medium of Exchange"",""definition"":"""",""match"":""Using gold coins to buy an apple instead of having to find a specific trade partner who wants your spare staples.""},{""term"":""Scarcity"",""definition"":""the principle that there isn't enough of something for everyone to have"",""match"":""The fundamental problem that there wasn't enough bread printed for everyone in the room to finish their mission cards.""},{""term"":""Shortage"",""definition"":"""",""match"":""The situation after the 'drought' where the sudden removal of wheat meant many students couldn't find any, despite having the money.""},{""term"":""Inflation"",""definition"":"""",""match"":""A general rise in prices across the room because Prof Smith injected more cash into the system.""},{""term"":""Deflation"",""definition"":"""",""match"":""""},{""term"":""Liquidity"",""definition"":"""",""match"":""""},{""term"":""Monopoly"",""definition"":"""",""match"":""The 'Dead' students in the graveyard being the only ones left with wheat and charging whatever they wanted because there was no competition.""},{""term"":""Specialization"",""definition"":"""",""match"":""The 'Artisan' student producing a single high-quality bookmark while the 'Corporation' next to him produced ten faster, forcing everyone to consider price vs. quality.""},{""term"":""Division of Labor"",""definition"":"""",""match"":""One student focusing only on cutting paper while another focused only on taping to increase their total output of bookmarks.""},{""term"":""Incentives"",""definition"":"""",""match"":""""},{""term"":""Rational Self-Interest"",""definition"":"""",""match"":""""},{""term"":""The Invisible Hand"",""definition"":"""",""match"":""""},{""term"":""Competition"",""definition"":"""",""match"":""""}]","["""","""",""""]",,,,,,,"Failing to trade because you have cards but the other person needs tissues, and neither of you wants what the other has.",,Using gold coins to buy an apple instead of having to find a specific trade partner who wants your spare staples.,the principle that there isn't enough of something for everyone to have,The fundamental problem that there wasn't enough bread printed for everyone in the room to finish their mission cards.,,"The situation after the 'drought' where the sudden removal of wheat meant many students couldn't find any, despite having the money.",,A general rise in prices across the room because Prof Smith injected more cash into the system.,,,,,,The 'Dead' students in the graveyard being the only ones left with wheat and charging whatever they wanted because there was no competition.,,"The 'Artisan' student producing a single high-quality bookmark while the 'Corporation' next to him produced ten faster, forcing everyone to consider price vs. quality.",,One student focusing only on cutting paper while another focused only on taping to increase their total output of bookmarks.,,,,,,,,
3/27/2026 15:15:18,78420,john,"[{""term"":""Barter"",""definition"":"""",""match"":""""},{""term"":""Double Coincidence of Wants"",""definition"":"""",""match"":""Failing to trade because you have cards but the other person needs tissues, and neither of you wants what the other has.""},{""term"":""Medium of Exchange"",""definition"":"""",""match"":""Using gold coins to buy an apple instead of having to find a specific trade partner who wants your spare staples.""},{""term"":""Scarcity"",""definition"":""the principle that there isn't enough of something for everyone to have"",""match"":""The fundamental problem that there wasn't enough bread printed for everyone in the room to finish their mission cards.""},{""term"":""Shortage"",""definition"":"""",""match"":""The situation after the 'drought' where the sudden removal of wheat meant many students couldn't find any, despite having the money.""},{""term"":""Inflation"",""definition"":"""",""match"":""A general rise in prices across the room because Prof Smith injected more cash into the system.""},{""term"":""Deflation"",""definition"":"""",""match"":""""},{""term"":""Liquidity"",""definition"":"""",""match"":""""},{""term"":""Monopoly"",""definition"":"""",""match"":""The 'Dead' students in the graveyard being the only ones left with wheat and charging whatever they wanted because there was no competition.""},{""term"":""Specialization"",""definition"":"""",""match"":""The 'Artisan' student producing a single high-quality bookmark while the 'Corporation' next to him produced ten faster, forcing everyone to consider price vs. quality.""},{""term"":""Division of Labor"",""definition"":"""",""match"":""One student focusing only on cutting paper while another focused only on taping to increase their total output of bookmarks.""},{""term"":""Incentives"",""definition"":"""",""match"":""""},{""term"":""Rational Self-Interest"",""definition"":"""",""match"":""""},{""term"":""The Invisible Hand"",""definition"":"""",""match"":""Prices for bread and wheat adjusting naturally based on student demand after the drought, without Prof Smith setting a price.""},{""term"":""Competition"",""definition"":"""",""match"":""""}]","["""","""",""""]",,,,,,,"Failing to trade because you have cards but the other person needs tissues, and neither of you wants what the other has.",,Using gold coins to buy an apple instead of having to find a specific trade partner who wants your spare staples.,the principle that there isn't enough of something for everyone to have,The fundamental problem that there wasn't enough bread printed for everyone in the room to finish their mission cards.,,"The situation after the 'drought' where the sudden removal of wheat meant many students couldn't find any, despite having the money.",,A general rise in prices across the room because Prof Smith injected more cash into the system.,,,,,,The 'Dead' students in the graveyard being the only ones left with wheat and charging whatever they wanted because there was no competition.,,"The 'Artisan' student producing a single high-quality bookmark while the 'Corporation' next to him produced ten faster, forcing everyone to consider price vs. quality.",,One student focusing only on cutting paper while another focused only on taping to increase their total output of bookmarks.,,,,,,"Prices for bread and wheat adjusting naturally based on student demand after the drought, without Prof Smith setting a price.",,
3/27/2026 15:16:59,78420,john,"[{""term"":""Barter"",""definition"":"""",""match"":""""},{""term"":""Double Coincidence of Wants"",""definition"":"""",""match"":""Failing to trade because you have cards but the other person needs tissues, and neither of you wants what the other has.""},{""term"":""Medium of Exchange"",""definition"":"""",""match"":""Using gold coins to buy an apple instead of having to find a specific trade partner who wants your spare staples.""},{""term"":""Scarcity"",""definition"":""the principle that there isn't enough of something for everyone to have"",""match"":""The fundamental problem that there wasn't enough bread printed for everyone in the room to finish their mission cards.""},{""term"":""Shortage"",""definition"":"""",""match"":""The situation after the 'drought' where the sudden removal of wheat meant many students couldn't find any, despite having the money.""},{""term"":""Inflation"",""definition"":"""",""match"":""A general rise in prices across the room because Prof Smith injected more cash into the system.""},{""term"":""Deflation"",""definition"":"""",""match"":""""},{""term"":""Liquidity"",""definition"":"""",""match"":""""},{""term"":""Monopoly"",""definition"":"""",""match"":""The 'Dead' students in the graveyard being the only ones left with wheat and charging whatever they wanted because there was no competition.""},{""term"":""Specialization"",""definition"":"""",""match"":""The 'Artisan' student producing a single high-quality bookmark while the 'Corporation' next to him produced ten faster, forcing everyone to consider price vs. quality.""},{""term"":""Division of Labor"",""definition"":"""",""match"":""One student focusing only on cutting paper while another focused only on taping to increase their total output of bookmarks.""},{""term"":""Incentives"",""definition"":"""",""match"":""""},{""term"":""Rational Self-Interest"",""definition"":"""",""match"":""Students focusing solely on completing their own mission cards to 'survive,' regardless of how it impacted the rest of the market.""},{""term"":""The Invisible Hand"",""definition"":"""",""match"":""Prices for bread and wheat adjusting naturally based on student demand after the drought, without Prof Smith setting a price.""},{""term"":""Competition"",""definition"":"""",""match"":""""}]","["""","""",""""]",,,,,,,"Failing to trade because you have cards but the other person needs tissues, and neither of you wants what the other has.",,Using gold coins to buy an apple instead of having to find a specific trade partner who wants your spare staples.,the principle that there isn't enough of something for everyone to have,The fundamental problem that there wasn't enough bread printed for everyone in the room to finish their mission cards.,,"The situation after the 'drought' where the sudden removal of wheat meant many students couldn't find any, despite having the money.",,A general rise in prices across the room because Prof Smith injected more cash into the system.,,,,,,The 'Dead' students in the graveyard being the only ones left with wheat and charging whatever they wanted because there was no competition.,,"The 'Artisan' student producing a single high-quality bookmark while the 'Corporation' next to him produced ten faster, forcing everyone to consider price vs. quality.",,One student focusing only on cutting paper while another focused only on taping to increase their total output of bookmarks.,,,,"Students focusing solely on completing their own mission cards to 'survive,' regardless of how it impacted the rest of the market.",,"Prices for bread and wheat adjusting naturally based on student demand after the drought, without Prof Smith setting a price.",,
3/27/2026 15:17:15,78420,john,"[{""term"":""Barter"",""definition"":"""",""match"":""""},{""term"":""Double Coincidence of Wants"",""definition"":"""",""match"":""Failing to trade because you have cards but the other person needs tissues, and neither of you wants what the other has.""},{""term"":""Medium of Exchange"",""definition"":"""",""match"":""Using gold coins to buy an apple instead of having to find a specific trade partner who wants your spare staples.""},{""term"":""Scarcity"",""definition"":""the principle that there isn't enough of something for everyone to have"",""match"":""The fundamental problem that there wasn't enough bread printed for everyone in the room to finish their mission cards.""},{""term"":""Shortage"",""definition"":"""",""match"":""The situation after the 'drought' where the sudden removal of wheat meant many students couldn't find any, despite having the money.""},{""term"":""Inflation"",""definition"":"""",""match"":""A general rise in prices across the room because Prof Smith injected more cash into the system.""},{""term"":""Deflation"",""definition"":"""",""match"":""""},{""term"":""Liquidity"",""definition"":"""",""match"":""""},{""term"":""Monopoly"",""definition"":"""",""match"":""The 'Dead' students in the graveyard being the only ones left with wheat and charging whatever they wanted because there was no competition.""},{""term"":""Specialization"",""definition"":"""",""match"":""The 'Artisan' student producing a single high-quality bookmark while the 'Corporation' next to him produced ten faster, forcing everyone to consider price vs. quality.""},{""term"":""Division of Labor"",""definition"":"""",""match"":""Breaking the bookmark-making process into a 'factory line' where each person performed one specific task.""},{""term"":""Incentives"",""definition"":"""",""match"":""""},{""term"":""Rational Self-Interest"",""definition"":"""",""match"":""Students focusing solely on completing their own mission cards to 'survive,' regardless of how it impacted the rest of the market.""},{""term"":""The Invisible Hand"",""definition"":"""",""match"":""Prices for bread and wheat adjusting naturally based on student demand after the drought, without Prof Smith setting a price.""},{""term"":""Competition"",""definition"":"""",""match"":""""}]","["""","""",""""]",,,,,,,"Failing to trade because you have cards but the other person needs tissues, and neither of you wants what the other has.",,Using gold coins to buy an apple instead of having to find a specific trade partner who wants your spare staples.,the principle that there isn't enough of something for everyone to have,The fundamental problem that there wasn't enough bread printed for everyone in the room to finish their mission cards.,,"The situation after the 'drought' where the sudden removal of wheat meant many students couldn't find any, despite having the money.",,A general rise in prices across the room because Prof Smith injected more cash into the system.,,,,,,The 'Dead' students in the graveyard being the only ones left with wheat and charging whatever they wanted because there was no competition.,,"The 'Artisan' student producing a single high-quality bookmark while the 'Corporation' next to him produced ten faster, forcing everyone to consider price vs. quality.",,Breaking the bookmark-making process into a 'factory line' where each person performed one specific task.,,,,"Students focusing solely on completing their own mission cards to 'survive,' regardless of how it impacted the rest of the market.",,"Prices for bread and wheat adjusting naturally based on student demand after the drought, without Prof Smith setting a price.",,
3/27/2026 15:17:23,78420,john,"[{""term"":""Barter"",""definition"":"""",""match"":""""},{""term"":""Double Coincidence of Wants"",""definition"":"""",""match"":""Failing to trade because you have cards but the other person needs tissues, and neither of you wants what the other has.""},{""term"":""Medium of Exchange"",""definition"":"""",""match"":""Using gold coins to buy an apple instead of having to find a specific trade partner who wants your spare staples.""},{""term"":""Scarcity"",""definition"":""the principle that there isn't enough of something for everyone to have"",""match"":""The fundamental problem that there wasn't enough bread printed for everyone in the room to finish their mission cards.""},{""term"":""Shortage"",""definition"":"""",""match"":""The situation after the 'drought' where the sudden removal of wheat meant many students couldn't find any, despite having the money.""},{""term"":""Inflation"",""definition"":"""",""match"":""A general rise in prices across the room because Prof Smith injected more cash into the system.""},{""term"":""Deflation"",""definition"":"""",""match"":""""},{""term"":""Liquidity"",""definition"":"""",""match"":""""},{""term"":""Monopoly"",""definition"":"""",""match"":""The 'Dead' students in the graveyard being the only ones left with wheat and charging whatever they wanted because there was no competition.""},{""term"":""Specialization"",""definition"":"""",""match"":""""},{""term"":""Division of Labor"",""definition"":"""",""match"":""""},{""term"":""Incentives"",""definition"":"""",""match"":""""},{""term"":""Rational Self-Interest"",""definition"":"""",""match"":""Students focusing solely on completing their own mission cards to 'survive,' regardless of how it impacted the rest of the market.""},{""term"":""The Invisible Hand"",""definition"":"""",""match"":""Prices for bread and wheat adjusting naturally based on student demand after the drought, without Prof Smith setting a price.""},{""term"":""Competition"",""definition"":"""",""match"":""""}]","["""","""",""""]",,,,,,,"Failing to trade because you have cards but the other person needs tissues, and neither of you wants what the other has.",,Using gold coins to buy an apple instead of having to find a specific trade partner who wants your spare staples.,the principle that there isn't enough of something for everyone to have,The fundamental problem that there wasn't enough bread printed for everyone in the room to finish their mission cards.,,"The situation after the 'drought' where the sudden removal of wheat meant many students couldn't find any, despite having the money.",,A general rise in prices across the room because Prof Smith injected more cash into the system.,,,,,,The 'Dead' students in the graveyard being the only ones left with wheat and charging whatever they wanted because there was no competition.,,,,,,,,"Students focusing solely on completing their own mission cards to 'survive,' regardless of how it impacted the rest of the market.",,"Prices for bread and wheat adjusting naturally based on student demand after the drought, without Prof Smith setting a price.",,
3/27/2026 15:17:31,78420,john,"[{""term"":""Barter"",""definition"":"""",""match"":""""},{""term"":""Double Coincidence of Wants"",""definition"":"""",""match"":""Failing to trade because you have cards but the other person needs tissues, and neither of you wants what the other has.""},{""term"":""Medium of Exchange"",""definition"":"""",""match"":""Using gold coins to buy an apple instead of having to find a specific trade partner who wants your spare staples.""},{""term"":""Scarcity"",""definition"":""the principle that there isn't enough of something for everyone to have"",""match"":""The fundamental problem that there wasn't enough bread printed for everyone in the room to finish their mission cards.""},{""term"":""Shortage"",""definition"":"""",""match"":""The situation after the 'drought' where the sudden removal of wheat meant many students couldn't find any, despite having the money.""},{""term"":""Inflation"",""definition"":"""",""match"":""A general rise in prices across the room because Prof Smith injected more cash into the system.""},{""term"":""Deflation"",""definition"":"""",""match"":""""},{""term"":""Liquidity"",""definition"":"""",""match"":""""},{""term"":""Monopoly"",""definition"":"""",""match"":""The 'Dead' students in the graveyard being the only ones left with wheat and charging whatever they wanted because there was no competition.""},{""term"":""Specialization"",""definition"":"""",""match"":""Breaking the bookmark-making process into a 'factory line' where each person performed one specific task.""},{""term"":""Division of Labor"",""definition"":"""",""match"":""""},{""term"":""Incentives"",""definition"":"""",""match"":""""},{""term"":""Rational Self-Interest"",""definition"":"""",""match"":""Students focusing solely on completing their own mission cards to 'survive,' regardless of how it impacted the rest of the market.""},{""term"":""The Invisible Hand"",""definition"":"""",""match"":""Prices for bread and wheat adjusting naturally based on student demand after the drought, without Prof Smith setting a price.""},{""term"":""Competition"",""definition"":"""",""match"":""""}]","["""","""",""""]",,,,,,,"Failing to trade because you have cards but the other person needs tissues, and neither of you wants what the other has.",,Using gold coins to buy an apple instead of having to find a specific trade partner who wants your spare staples.,the principle that there isn't enough of something for everyone to have,The fundamental problem that there wasn't enough bread printed for everyone in the room to finish their mission cards.,,"The situation after the 'drought' where the sudden removal of wheat meant many students couldn't find any, despite having the money.",,A general rise in prices across the room because Prof Smith injected more cash into the system.,,,,,,The 'Dead' students in the graveyard being the only ones left with wheat and charging whatever they wanted because there was no competition.,,Breaking the bookmark-making process into a 'factory line' where each person performed one specific task.,,,,,,"Students focusing solely on completing their own mission cards to 'survive,' regardless of how it impacted the rest of the market.",,"Prices for bread and wheat adjusting naturally based on student demand after the drought, without Prof Smith setting a price.",,
3/27/2026 15:18:01,78420,john,"[{""term"":""Barter"",""definition"":"""",""match"":""""},{""term"":""Double Coincidence of Wants"",""definition"":"""",""match"":""Failing to trade because you have cards but the other person needs tissues, and neither of you wants what the other has.""},{""term"":""Medium of Exchange"",""definition"":"""",""match"":""Using gold coins to buy an apple instead of having to find a specific trade partner who wants your spare staples.""},{""term"":""Scarcity"",""definition"":""the principle that there isn't enough of something for everyone to have"",""match"":""The fundamental problem that there wasn't enough bread printed for everyone in the room to finish their mission cards.""},{""term"":""Shortage"",""definition"":"""",""match"":""The situation after the 'drought' where the sudden removal of wheat meant many students couldn't find any, despite having the money.""},{""term"":""Inflation"",""definition"":"""",""match"":""A general rise in prices across the room because Prof Smith injected more cash into the system.""},{""term"":""Deflation"",""definition"":"""",""match"":""""},{""term"":""Liquidity"",""definition"":"""",""match"":""""},{""term"":""Monopoly"",""definition"":"""",""match"":""The 'Dead' students in the graveyard being the only ones left with wheat and charging whatever they wanted because there was no competition.""},{""term"":""Specialization"",""definition"":"""",""match"":""One student focusing only on cutting paper while another focused only on taping to increase their total output of bookmarks.""},{""term"":""Division of Labor"",""definition"":"""",""match"":""""},{""term"":""Incentives"",""definition"":"""",""match"":""""},{""term"":""Rational Self-Interest"",""definition"":"""",""match"":""Students focusing solely on completing their own mission cards to 'survive,' regardless of how it impacted the rest of the market.""},{""term"":""The Invisible Hand"",""definition"":"""",""match"":""Prices for bread and wheat adjusting naturally based on student demand after the drought, without Prof Smith setting a price.""},{""term"":""Competition"",""definition"":"""",""match"":""""}]","["""","""",""""]",,,,,,,"Failing to trade because you have cards but the other person needs tissues, and neither of you wants what the other has.",,Using gold coins to buy an apple instead of having to find a specific trade partner who wants your spare staples.,the principle that there isn't enough of something for everyone to have,The fundamental problem that there wasn't enough bread printed for everyone in the room to finish their mission cards.,,"The situation after the 'drought' where the sudden removal of wheat meant many students couldn't find any, despite having the money.",,A general rise in prices across the room because Prof Smith injected more cash into the system.,,,,,,The 'Dead' students in the graveyard being the only ones left with wheat and charging whatever they wanted because there was no competition.,,One student focusing only on cutting paper while another focused only on taping to increase their total output of bookmarks.,,,,,,"Students focusing solely on completing their own mission cards to 'survive,' regardless of how it impacted the rest of the market.",,"Prices for bread and wheat adjusting naturally based on student demand after the drought, without Prof Smith setting a price.",,
3/27/2026 15:18:16,78420,john,"[{""term"":""Barter"",""definition"":"""",""match"":""""},{""term"":""Double Coincidence of Wants"",""definition"":"""",""match"":""Failing to trade because you have cards but the other person needs tissues, and neither of you wants what the other has.""},{""term"":""Medium of Exchange"",""definition"":"""",""match"":""Using gold coins to buy an apple instead of having to find a specific trade partner who wants your spare staples.""},{""term"":""Scarcity"",""definition"":""the principle that there isn't enough of something for everyone to have"",""match"":""The fundamental problem that there wasn't enough bread printed for everyone in the room to finish their mission cards.""},{""term"":""Shortage"",""definition"":"""",""match"":""The situation after the 'drought' where the sudden removal of wheat meant many students couldn't find any, despite having the money.""},{""term"":""Inflation"",""definition"":"""",""match"":""A general rise in prices across the room because Prof Smith injected more cash into the system.""},{""term"":""Deflation"",""definition"":"""",""match"":""""},{""term"":""Liquidity"",""definition"":"""",""match"":""""},{""term"":""Monopoly"",""definition"":"""",""match"":""The 'Dead' students in the graveyard being the only ones left with wheat and charging whatever they wanted because there was no competition.""},{""term"":""Specialization"",""definition"":"""",""match"":""One student focusing only on cutting paper while another focused only on taping to increase their total output of bookmarks.""},{""term"":""Division of Labor"",""definition"":"""",""match"":""Breaking the bookmark-making process into a 'factory line' where each person performed one specific task.""},{""term"":""Incentives"",""definition"":"""",""match"":""""},{""term"":""Rational Self-Interest"",""definition"":"""",""match"":""Students focusing solely on completing their own mission cards to 'survive,' regardless of how it impacted the rest of the market.""},{""term"":""The Invisible Hand"",""definition"":"""",""match"":""Prices for bread and wheat adjusting naturally based on student demand after the drought, without Prof Smith setting a price.""},{""term"":""Competition"",""definition"":"""",""match"":""""}]","["""","""",""""]",,,,,,,"Failing to trade because you have cards but the other person needs tissues, and neither of you wants what the other has.",,Using gold coins to buy an apple instead of having to find a specific trade partner who wants your spare staples.,the principle that there isn't enough of something for everyone to have,The fundamental problem that there wasn't enough bread printed for everyone in the room to finish their mission cards.,,"The situation after the 'drought' where the sudden removal of wheat meant many students couldn't find any, despite having the money.",,A general rise in prices across the room because Prof Smith injected more cash into the system.,,,,,,The 'Dead' students in the graveyard being the only ones left with wheat and charging whatever they wanted because there was no competition.,,One student focusing only on cutting paper while another focused only on taping to increase their total output of bookmarks.,,Breaking the bookmark-making process into a 'factory line' where each person performed one specific task.,,,,"Students focusing solely on completing their own mission cards to 'survive,' regardless of how it impacted the rest of the market.",,"Prices for bread and wheat adjusting naturally based on student demand after the drought, without Prof Smith setting a price.",,
3/27/2026 15:18:44,78420,john,"[{""term"":""Barter"",""definition"":"""",""match"":""""},{""term"":""Double Coincidence of Wants"",""definition"":"""",""match"":""Failing to trade because you have cards but the other person needs tissues, and neither of you wants what the other has.""},{""term"":""Medium of Exchange"",""definition"":"""",""match"":""Using gold coins to buy an apple instead of having to find a specific trade partner who wants your spare staples.""},{""term"":""Scarcity"",""definition"":""the principle that there isn't enough of something for everyone to have"",""match"":""The fundamental problem that there wasn't enough bread printed for everyone in the room to finish their mission cards.""},{""term"":""Shortage"",""definition"":"""",""match"":""The situation after the 'drought' where the sudden removal of wheat meant many students couldn't find any, despite having the money.""},{""term"":""Inflation"",""definition"":"""",""match"":""A general rise in prices across the room because Prof Smith injected more cash into the system.""},{""term"":""Deflation"",""definition"":"""",""match"":""""},{""term"":""Liquidity"",""definition"":"""",""match"":""""},{""term"":""Monopoly"",""definition"":"""",""match"":""The 'Dead' students in the graveyard being the only ones left with wheat and charging whatever they wanted because there was no competition.""},{""term"":""Specialization"",""definition"":"""",""match"":""One student focusing only on cutting paper while another focused only on taping to increase their total output of bookmarks.""},{""term"":""Division of Labor"",""definition"":"""",""match"":""Breaking the bookmark-making process into a 'factory line' where each person performed one specific task.""},{""term"":""Incentives"",""definition"":"""",""match"":""Students forming 'corporations' because they realized they could earn more gold coins by working together than as individuals.""},{""term"":""Rational Self-Interest"",""definition"":"""",""match"":""Students focusing solely on completing their own mission cards to 'survive,' regardless of how it impacted the rest of the market.""},{""term"":""The Invisible Hand"",""definition"":"""",""match"":""Prices for bread and wheat adjusting naturally based on student demand after the drought, without Prof Smith setting a price.""},{""term"":""Competition"",""definition"":"""",""match"":""""}]","["""","""",""""]",,,,,,,"Failing to trade because you have cards but the other person needs tissues, and neither of you wants what the other has.",,Using gold coins to buy an apple instead of having to find a specific trade partner who wants your spare staples.,the principle that there isn't enough of something for everyone to have,The fundamental problem that there wasn't enough bread printed for everyone in the room to finish their mission cards.,,"The situation after the 'drought' where the sudden removal of wheat meant many students couldn't find any, despite having the money.",,A general rise in prices across the room because Prof Smith injected more cash into the system.,,,,,,The 'Dead' students in the graveyard being the only ones left with wheat and charging whatever they wanted because there was no competition.,,One student focusing only on cutting paper while another focused only on taping to increase their total output of bookmarks.,,Breaking the bookmark-making process into a 'factory line' where each person performed one specific task.,,Students forming 'corporations' because they realized they could earn more gold coins by working together than as individuals.,,"Students focusing solely on completing their own mission cards to 'survive,' regardless of how it impacted the rest of the market.",,"Prices for bread and wheat adjusting naturally based on student demand after the drought, without Prof Smith setting a price.",,
3/27/2026 15:18:57,78420,john,"[{""term"":""Barter"",""definition"":"""",""match"":""""},{""term"":""Double Coincidence of Wants"",""definition"":"""",""match"":""Failing to trade because you have cards but the other person needs tissues, and neither of you wants what the other has.""},{""term"":""Medium of Exchange"",""definition"":"""",""match"":""Using gold coins to buy an apple instead of having to find a specific trade partner who wants your spare staples.""},{""term"":""Scarcity"",""definition"":""the principle that there isn't enough of something for everyone to have"",""match"":""The fundamental problem that there wasn't enough bread printed for everyone in the room to finish their mission cards.""},{""term"":""Shortage"",""definition"":"""",""match"":""The situation after the 'drought' where the sudden removal of wheat meant many students couldn't find any, despite having the money.""},{""term"":""Inflation"",""definition"":"""",""match"":""A general rise in prices across the room because Prof Smith injected more cash into the system.""},{""term"":""Deflation"",""definition"":"""",""match"":""Prices for bookmarks dropping because Prof Smith only had 29 gold coins and couldn't afford to pay the original price.""},{""term"":""Liquidity"",""definition"":"""",""match"":""""},{""term"":""Monopoly"",""definition"":"""",""match"":""The 'Dead' students in the graveyard being the only ones left with wheat and charging whatever they wanted because there was no competition.""},{""term"":""Specialization"",""definition"":"""",""match"":""One student focusing only on cutting paper while another focused only on taping to increase their total output of bookmarks.""},{""term"":""Division of Labor"",""definition"":"""",""match"":""Breaking the bookmark-making process into a 'factory line' where each person performed one specific task.""},{""term"":""Incentives"",""definition"":"""",""match"":""Students forming 'corporations' because they realized they could earn more gold coins by working together than as individuals.""},{""term"":""Rational Self-Interest"",""definition"":"""",""match"":""Students focusing solely on completing their own mission cards to 'survive,' regardless of how it impacted the rest of the market.""},{""term"":""The Invisible Hand"",""definition"":"""",""match"":""Prices for bread and wheat adjusting naturally based on student demand after the drought, without Prof Smith setting a price.""},{""term"":""Competition"",""definition"":"""",""match"":""""}]","["""","""",""""]",,,,,,,"Failing to trade because you have cards but the other person needs tissues, and neither of you wants what the other has.",,Using gold coins to buy an apple instead of having to find a specific trade partner who wants your spare staples.,the principle that there isn't enough of something for everyone to have,The fundamental problem that there wasn't enough bread printed for everyone in the room to finish their mission cards.,,"The situation after the 'drought' where the sudden removal of wheat meant many students couldn't find any, despite having the money.",,A general rise in prices across the room because Prof Smith injected more cash into the system.,,Prices for bookmarks dropping because Prof Smith only had 29 gold coins and couldn't afford to pay the original price.,,,,The 'Dead' students in the graveyard being the only ones left with wheat and charging whatever they wanted because there was no competition.,,One student focusing only on cutting paper while another focused only on taping to increase their total output of bookmarks.,,Breaking the bookmark-making process into a 'factory line' where each person performed one specific task.,,Students forming 'corporations' because they realized they could earn more gold coins by working together than as individuals.,,"Students focusing solely on completing their own mission cards to 'survive,' regardless of how it impacted the rest of the market.",,"Prices for bread and wheat adjusting naturally based on student demand after the drought, without Prof Smith setting a price.",,
3/27/2026 15:19:29,78420,john,"[{""term"":""Barter"",""definition"":"""",""match"":""Trading a power bank directly for a box of tissues without using any money.""},{""term"":""Double Coincidence of Wants"",""definition"":"""",""match"":""Failing to trade because you have cards but the other person needs tissues, and neither of you wants what the other has.""},{""term"":""Medium of Exchange"",""definition"":"""",""match"":""Using gold coins to buy an apple instead of having to find a specific trade partner who wants your spare staples.""},{""term"":""Scarcity"",""definition"":""the principle that there isn't enough of something for everyone to have"",""match"":""The fundamental problem that there wasn't enough bread printed for everyone in the room to finish their mission cards.""},{""term"":""Shortage"",""definition"":"""",""match"":""The situation after the 'drought' where the sudden removal of wheat meant many students couldn't find any, despite having the money.""},{""term"":""Inflation"",""definition"":"""",""match"":""A general rise in prices across the room because Prof Smith injected more cash into the system.""},{""term"":""Deflation"",""definition"":"""",""match"":""Prices for bookmarks dropping because Prof Smith only had 29 gold coins and couldn't afford to pay the original price.""},{""term"":""Liquidity"",""definition"":"""",""match"":""""},{""term"":""Monopoly"",""definition"":"""",""match"":""The 'Dead' students in the graveyard being the only ones left with wheat and charging whatever they wanted because there was no competition.""},{""term"":""Specialization"",""definition"":"""",""match"":""One student focusing only on cutting paper while another focused only on taping to increase their total output of bookmarks.""},{""term"":""Division of Labor"",""definition"":"""",""match"":""Breaking the bookmark-making process into a 'factory line' where each person performed one specific task.""},{""term"":""Incentives"",""definition"":"""",""match"":""Students forming 'corporations' because they realized they could earn more gold coins by working together than as individuals.""},{""term"":""Rational Self-Interest"",""definition"":"""",""match"":""Students focusing solely on completing their own mission cards to 'survive,' regardless of how it impacted the rest of the market.""},{""term"":""The Invisible Hand"",""definition"":"""",""match"":""Prices for bread and wheat adjusting naturally based on student demand after the drought, without Prof Smith setting a price.""},{""term"":""Competition"",""definition"":"""",""match"":""""}]","["""","""",""""]",,,,,Trading a power bank directly for a box of tissues without using any money.,,"Failing to trade because you have cards but the other person needs tissues, and neither of you wants what the other has.",,Using gold coins to buy an apple instead of having to find a specific trade partner who wants your spare staples.,the principle that there isn't enough of something for everyone to have,The fundamental problem that there wasn't enough bread printed for everyone in the room to finish their mission cards.,,"The situation after the 'drought' where the sudden removal of wheat meant many students couldn't find any, despite having the money.",,A general rise in prices across the room because Prof Smith injected more cash into the system.,,Prices for bookmarks dropping because Prof Smith only had 29 gold coins and couldn't afford to pay the original price.,,,,The 'Dead' students in the graveyard being the only ones left with wheat and charging whatever they wanted because there was no competition.,,One student focusing only on cutting paper while another focused only on taping to increase their total output of bookmarks.,,Breaking the bookmark-making process into a 'factory line' where each person performed one specific task.,,Students forming 'corporations' because they realized they could earn more gold coins by working together than as individuals.,,"Students focusing solely on completing their own mission cards to 'survive,' regardless of how it impacted the rest of the market.",,"Prices for bread and wheat adjusting naturally based on student demand after the drought, without Prof Smith setting a price.",,
3/27/2026 15:19:40,78420,john,"[{""term"":""Barter"",""definition"":"""",""match"":""Trading a power bank directly for a box of tissues without using any money.""},{""term"":""Double Coincidence of Wants"",""definition"":"""",""match"":""Failing to trade because you have cards but the other person needs tissues, and neither of you wants what the other has.""},{""term"":""Medium of Exchange"",""definition"":"""",""match"":""Using gold coins to buy an apple instead of having to find a specific trade partner who wants your spare staples.""},{""term"":""Scarcity"",""definition"":""the principle that there isn't enough of something for everyone to have"",""match"":""The fundamental problem that there wasn't enough bread printed for everyone in the room to finish their mission cards.""},{""term"":""Shortage"",""definition"":"""",""match"":""The situation after the 'drought' where the sudden removal of wheat meant many students couldn't find any, despite having the money.""},{""term"":""Inflation"",""definition"":"""",""match"":""A general rise in prices across the room because Prof Smith injected more cash into the system.""},{""term"":""Deflation"",""definition"":"""",""match"":""Prices for bookmarks dropping because Prof Smith only had 29 gold coins and couldn't afford to pay the original price.""},{""term"":""Liquidity"",""definition"":"""",""match"":""""},{""term"":""Monopoly"",""definition"":"""",""match"":""The 'Dead' students in the graveyard being the only ones left with wheat and charging whatever they wanted because there was no competition.""},{""term"":""Specialization"",""definition"":"""",""match"":""One student focusing only on cutting paper while another focused only on taping to increase their total output of bookmarks.""},{""term"":""Division of Labor"",""definition"":"""",""match"":""Breaking the bookmark-making process into a 'factory line' where each person performed one specific task.""},{""term"":""Incentives"",""definition"":"""",""match"":""Students forming 'corporations' because they realized they could earn more gold coins by working together than as individuals.""},{""term"":""Rational Self-Interest"",""definition"":"""",""match"":""Students focusing solely on completing their own mission cards to 'survive,' regardless of how it impacted the rest of the market.""},{""term"":""The Invisible Hand"",""definition"":"""",""match"":""Prices for bread and wheat adjusting naturally based on student demand after the drought, without Prof Smith setting a price.""},{""term"":""Competition"",""definition"":"""",""match"":""The 'Artisan' student producing a single high-quality bookmark while the 'Corporation' next to him produced ten faster, forcing everyone to consider price vs. quality.""}]","["""","""",""""]",,,,,Trading a power bank directly for a box of tissues without using any money.,,"Failing to trade because you have cards but the other person needs tissues, and neither of you wants what the other has.",,Using gold coins to buy an apple instead of having to find a specific trade partner who wants your spare staples.,the principle that there isn't enough of something for everyone to have,The fundamental problem that there wasn't enough bread printed for everyone in the room to finish their mission cards.,,"The situation after the 'drought' where the sudden removal of wheat meant many students couldn't find any, despite having the money.",,A general rise in prices across the room because Prof Smith injected more cash into the system.,,Prices for bookmarks dropping because Prof Smith only had 29 gold coins and couldn't afford to pay the original price.,,,,The 'Dead' students in the graveyard being the only ones left with wheat and charging whatever they wanted because there was no competition.,,One student focusing only on cutting paper while another focused only on taping to increase their total output of bookmarks.,,Breaking the bookmark-making process into a 'factory line' where each person performed one specific task.,,Students forming 'corporations' because they realized they could earn more gold coins by working together than as individuals.,,"Students focusing solely on completing their own mission cards to 'survive,' regardless of how it impacted the rest of the market.",,"Prices for bread and wheat adjusting naturally based on student demand after the drought, without Prof Smith setting a price.",,"The 'Artisan' student producing a single high-quality bookmark while the 'Corporation' next to him produced ten faster, forcing everyone to consider price vs. quality."
3/27/2026 15:19:51,78420,john,"[{""term"":""Barter"",""definition"":"""",""match"":""Trading a power bank directly for a box of tissues without using any money.""},{""term"":""Double Coincidence of Wants"",""definition"":"""",""match"":""Failing to trade because you have cards but the other person needs tissues, and neither of you wants what the other has.""},{""term"":""Medium of Exchange"",""definition"":"""",""match"":""Using gold coins to buy an apple instead of having to find a specific trade partner who wants your spare staples.""},{""term"":""Scarcity"",""definition"":""the principle that there isn't enough of something for everyone to have"",""match"":""The fundamental problem that there wasn't enough bread printed for everyone in the room to finish their mission cards.""},{""term"":""Shortage"",""definition"":"""",""match"":""The situation after the 'drought' where the sudden removal of wheat meant many students couldn't find any, despite having the money.""},{""term"":""Inflation"",""definition"":"""",""match"":""A general rise in prices across the room because Prof Smith injected more cash into the system.""},{""term"":""Deflation"",""definition"":"""",""match"":""Prices for bookmarks dropping because Prof Smith only had 29 gold coins and couldn't afford to pay the original price.""},{""term"":""Liquidity"",""definition"":"""",""match"":""Prof Smith randomly dropping extra dollar bills onto students' desks to increase the amount of cash available for trading.""},{""term"":""Monopoly"",""definition"":"""",""match"":""The 'Dead' students in the graveyard being the only ones left with wheat and charging whatever they wanted because there was no competition.""},{""term"":""Specialization"",""definition"":"""",""match"":""One student focusing only on cutting paper while another focused only on taping to increase their total output of bookmarks.""},{""term"":""Division of Labor"",""definition"":"""",""match"":""Breaking the bookmark-making process into a 'factory line' where each person performed one specific task.""},{""term"":""Incentives"",""definition"":"""",""match"":""Students forming 'corporations' because they realized they could earn more gold coins by working together than as individuals.""},{""term"":""Rational Self-Interest"",""definition"":"""",""match"":""Students focusing solely on completing their own mission cards to 'survive,' regardless of how it impacted the rest of the market.""},{""term"":""The Invisible Hand"",""definition"":"""",""match"":""Prices for bread and wheat adjusting naturally based on student demand after the drought, without Prof Smith setting a price.""},{""term"":""Competition"",""definition"":"""",""match"":""The 'Artisan' student producing a single high-quality bookmark while the 'Corporation' next to him produced ten faster, forcing everyone to consider price vs. quality.""}]","["""","""",""""]",,,,,Trading a power bank directly for a box of tissues without using any money.,,"Failing to trade because you have cards but the other person needs tissues, and neither of you wants what the other has.",,Using gold coins to buy an apple instead of having to find a specific trade partner who wants your spare staples.,the principle that there isn't enough of something for everyone to have,The fundamental problem that there wasn't enough bread printed for everyone in the room to finish their mission cards.,,"The situation after the 'drought' where the sudden removal of wheat meant many students couldn't find any, despite having the money.",,A general rise in prices across the room because Prof Smith injected more cash into the system.,,Prices for bookmarks dropping because Prof Smith only had 29 gold coins and couldn't afford to pay the original price.,,Prof Smith randomly dropping extra dollar bills onto students' desks to increase the amount of cash available for trading.,,The 'Dead' students in the graveyard being the only ones left with wheat and charging whatever they wanted because there was no competition.,,One student focusing only on cutting paper while another focused only on taping to increase their total output of bookmarks.,,Breaking the bookmark-making process into a 'factory line' where each person performed one specific task.,,Students forming 'corporations' because they realized they could earn more gold coins by working together than as individuals.,,"Students focusing solely on completing their own mission cards to 'survive,' regardless of how it impacted the rest of the market.",,"Prices for bread and wheat adjusting naturally based on student demand after the drought, without Prof Smith setting a price.",,"The 'Artisan' student producing a single high-quality bookmark while the 'Corporation' next to him produced ten faster, forcing everyone to consider price vs. quality."
3/27/2026 15:31:00,78420,john,"[{""term"":""Barter"",""definition"":""trading only goods or services before the invention of money or without using money."",""match"":""Trading a power bank directly for a box of tissues without using any money.""},{""term"":""Double Coincidence of Wants"",""definition"":""failing to trade because the person that has what you want dosent want what you have or vise versa"",""match"":""Failing to trade because you have cards but the other person needs tissues, and neither of you wants what the other has.""},{""term"":""Medium of Exchange"",""definition"":""something that represents value throughout a economy so that you don't need to barter."",""match"":""Using gold coins to buy an apple instead of having to find a specific trade partner who wants your spare staples.""},{""term"":""Scarcity"",""definition"":""the principle that there isn't enough of something for everyone to have"",""match"":""The fundamental problem that there wasn't enough bread printed for everyone in the room to finish their mission cards.""},{""term"":""Shortage"",""definition"":""when the amount of something demanded is greater than the amount supplied "",""match"":""The situation after the 'drought' where the sudden removal of wheat meant many students couldn't find any, despite having the money.""},{""term"":""Inflation"",""definition"":""when more money comes into an economy so prices rise because people have more money"",""match"":""A general rise in prices across the room because Prof Smith injected more cash into the system.""},{""term"":""Deflation"",""definition"":""when people cant afford to pay the prices so suppliers have to drop prices"",""match"":""Prices for bookmarks dropping because Prof Smith only had 29 gold coins and couldn't afford to pay the original price.""},{""term"":""Liquidity"",""definition"":"""",""match"":""""},{""term"":""Monopoly"",""definition"":"""",""match"":""The 'Dead' students in the graveyard being the only ones left with wheat and charging whatever they wanted because there was no competition.""},{""term"":""Specialization"",""definition"":"""",""match"":""One student focusing only on cutting paper while another focused only on taping to increase their total output of bookmarks.""},{""term"":""Division of Labor"",""definition"":"""",""match"":""Breaking the bookmark-making process into a 'factory line' where each person performed one specific task.""},{""term"":""Incentives"",""definition"":"""",""match"":""Students forming 'corporations' because they realized they could earn more gold coins by working together than as individuals.""},{""term"":""Rational Self-Interest"",""definition"":"""",""match"":""Students focusing solely on completing their own mission cards to 'survive,' regardless of how it impacted the rest of the market.""},{""term"":""The Invisible Hand"",""definition"":"""",""match"":""Prices for bread and wheat adjusting naturally based on student demand after the drought, without Prof Smith setting a price.""},{""term"":""Competition"",""definition"":"""",""match"":""The 'Artisan' student producing a single high-quality bookmark while the 'Corporation' next to him produced ten faster, forcing everyone to consider price vs. quality.""}]","["""","""",""""]",,,,trading only goods or services before the invention of money or without using money.,Trading a power bank directly for a box of tissues without using any money.,failing to trade because the person that has what you want dosent want what you have or vise versa,"Failing to trade because you have cards but the other person needs tissues, and neither of you wants what the other has.",something that represents value throughout a economy so that you don't need to barter.,Using gold coins to buy an apple instead of having to find a specific trade partner who wants your spare staples.,the principle that there isn't enough of something for everyone to have,The fundamental problem that there wasn't enough bread printed for everyone in the room to finish their mission cards.,when the amount of something demanded is greater than the amount supplied ,"The situation after the 'drought' where the sudden removal of wheat meant many students couldn't find any, despite having the money.",when more money comes into an economy so prices rise because people have more money,A general rise in prices across the room because Prof Smith injected more cash into the system.,when people cant afford to pay the prices so suppliers have to drop prices,Prices for bookmarks dropping because Prof Smith only had 29 gold coins and couldn't afford to pay the original price.,,,,The 'Dead' students in the graveyard being the only ones left with wheat and charging whatever they wanted because there was no competition.,,One student focusing only on cutting paper while another focused only on taping to increase their total output of bookmarks.,,Breaking the bookmark-making process into a 'factory line' where each person performed one specific task.,,Students forming 'corporations' because they realized they could earn more gold coins by working together than as individuals.,,"Students focusing solely on completing their own mission cards to 'survive,' regardless of how it impacted the rest of the market.",,"Prices for bread and wheat adjusting naturally based on student demand after the drought, without Prof Smith setting a price.",,"The 'Artisan' student producing a single high-quality bookmark while the 'Corporation' next to him produced ten faster, forcing everyone to consider price vs. quality."
3/27/2026 15:32:14,78420,john,"[{""term"":""Barter"",""definition"":""trading only goods or services before the invention of money or without using money."",""match"":""Trading a power bank directly for a box of tissues without using any money.""},{""term"":""Double Coincidence of Wants"",""definition"":""failing to trade because the person that has what you want dosent want what you have or vise versa"",""match"":""Failing to trade because you have cards but the other person needs tissues, and neither of you wants what the other has.""},{""term"":""Medium of Exchange"",""definition"":""something that represents value throughout a economy so that you don't need to barter."",""match"":""Using gold coins to buy an apple instead of having to find a specific trade partner who wants your spare staples.""},{""term"":""Scarcity"",""definition"":""the principle that there isn't enough of something for everyone to have"",""match"":""The fundamental problem that there wasn't enough bread printed for everyone in the room to finish their mission cards.""},{""term"":""Shortage"",""definition"":""when the amount of something demanded is greater than the amount supplied "",""match"":""The situation after the 'drought' where the sudden removal of wheat meant many students couldn't find any, despite having the money.""},{""term"":""Inflation"",""definition"":""when more money comes into an economy so prices rise because people have more money"",""match"":""A general rise in prices across the room because Prof Smith injected more cash into the system.""},{""term"":""Deflation"",""definition"":""when people cant afford to pay the prices so suppliers have to drop prices"",""match"":""Prices for bookmarks dropping because Prof Smith only had 29 gold coins and couldn't afford to pay the original price.""},{""term"":""Liquidity"",""definition"":""liquidity is how "",""match"":""Prof Smith randomly dropping extra dollar bills onto students' desks to increase the amount of cash available for trading.""},{""term"":""Monopoly"",""definition"":"""",""match"":""The 'Dead' students in the graveyard being the only ones left with wheat and charging whatever they wanted because there was no competition.""},{""term"":""Specialization"",""definition"":"""",""match"":""One student focusing only on cutting paper while another focused only on taping to increase their total output of bookmarks.""},{""term"":""Division of Labor"",""definition"":"""",""match"":""Breaking the bookmark-making process into a 'factory line' where each person performed one specific task.""},{""term"":""Incentives"",""definition"":"""",""match"":""Students forming 'corporations' because they realized they could earn more gold coins by working together than as individuals.""},{""term"":""Rational Self-Interest"",""definition"":"""",""match"":""Students focusing solely on completing their own mission cards to 'survive,' regardless of how it impacted the rest of the market.""},{""term"":""The Invisible Hand"",""definition"":"""",""match"":""Prices for bread and wheat adjusting naturally based on student demand after the drought, without Prof Smith setting a price.""},{""term"":""Competition"",""definition"":"""",""match"":""The 'Artisan' student producing a single high-quality bookmark while the 'Corporation' next to him produced ten faster, forcing everyone to consider price vs. quality.""}]","["""","""",""""]",,,,trading only goods or services before the invention of money or without using money.,Trading a power bank directly for a box of tissues without using any money.,failing to trade because the person that has what you want dosent want what you have or vise versa,"Failing to trade because you have cards but the other person needs tissues, and neither of you wants what the other has.",something that represents value throughout a economy so that you don't need to barter.,Using gold coins to buy an apple instead of having to find a specific trade partner who wants your spare staples.,the principle that there isn't enough of something for everyone to have,The fundamental problem that there wasn't enough bread printed for everyone in the room to finish their mission cards.,when the amount of something demanded is greater than the amount supplied ,"The situation after the 'drought' where the sudden removal of wheat meant many students couldn't find any, despite having the money.",when more money comes into an economy so prices rise because people have more money,A general rise in prices across the room because Prof Smith injected more cash into the system.,when people cant afford to pay the prices so suppliers have to drop prices,Prices for bookmarks dropping because Prof Smith only had 29 gold coins and couldn't afford to pay the original price.,liquidity is how ,Prof Smith randomly dropping extra dollar bills onto students' desks to increase the amount of cash available for trading.,,The 'Dead' students in the graveyard being the only ones left with wheat and charging whatever they wanted because there was no competition.,,One student focusing only on cutting paper while another focused only on taping to increase their total output of bookmarks.,,Breaking the bookmark-making process into a 'factory line' where each person performed one specific task.,,Students forming 'corporations' because they realized they could earn more gold coins by working together than as individuals.,,"Students focusing solely on completing their own mission cards to 'survive,' regardless of how it impacted the rest of the market.",,"Prices for bread and wheat adjusting naturally based on student demand after the drought, without Prof Smith setting a price.",,"The 'Artisan' student producing a single high-quality bookmark while the 'Corporation' next to him produced ten faster, forcing everyone to consider price vs. quality."
3/30/2026 11:12:43,241922,Josh Gillego ,"[{""term"":""Barter"",""definition"":""Trading something in exchange for something else. "",""match"":""Trading a power bank directly for a box of tissues without using any money.""},{""term"":""Double Coincidence of Wants"",""definition"":""2 people trade together and supply each other with what they need, it is a trade in which the other one needs the one you have and that person also has the thing you need, so you both do a trade to switch your goods "",""match"":""Failing to trade because you have cards but the other person needs tissues, and neither of you wants what the other has.""},{""term"":""Medium of Exchange"",""definition"":""Anything that you use to buy/trade what you have for something else. Money is an example, we pay money for different products/goods "",""match"":""Using gold coins to buy an apple instead of having to find a specific trade partner who wants your spare staples.""},{""term"":""Scarcity"",""definition"":""Scarcity is everywhere and it is permanent because everybody has unlimited wants and needs but resources are limited "",""match"":""The situation after the 'drought' where the sudden removal of wheat meant many students couldn't find any, despite having the money.""},{""term"":""Shortage"",""definition"":""It is temporary, it is when supply doesn’t meet demand  and demand exceeds its available supply, resulting in shortages "",""match"":""The fundamental problem that there wasn't enough bread printed for everyone in the room to finish their mission cards.""},{""term"":""Inflation"",""definition"":""When prices increase/boom to a price that is not fairly affordable because of certain situations such as natural disasters, conflicts/war, shortage, and scarcity. It lessens the value of money when purchasing something. "",""match"":""The 'Dead' students in the graveyard being the only ones left with wheat and charging whatever they wanted because there was no competition.""},{""term"":""Deflation"",""definition"":""When the general level of prices in an economy decreases/reduces "",""match"":""Prices for bookmarks dropping because Mr Waugh only had 29 gold coins and couldn't afford to pay the original price.""},{""term"":""Liquidity"",""definition"":""How fast or like how instant you can get or earn cash when you’re in need of it "",""match"":""Mr Waugh randomly dropping extra dollar bills onto students' desks to increase the amount of cash available for trading.""},{""term"":""Monopoly"",""definition"":""When there’s only one supplier/seller of something so they are in charge of making choices about their products and they also have the decision to set the price"",""match"":""Prices for bread and wheat adjusting naturally based on student demand after the drought, without Mr Waugh setting a price.""},{""term"":""Specialization"",""definition"":""When you have the proper skills and requirements to create or make something, it is when you specialize in doing something to increase productivity and save time "",""match"":""One student focusing only on cutting paper while another focused only on taping to increase their total output of bookmarks.""},{""term"":""Division of Labor"",""definition"":""When every individual has a job to fulfill to save time and to increase productivity and production "",""match"":""Breaking the bookmark-making process into a 'factory line' where each person performed one specific task.""},{""term"":""Incentives"",""definition"":""The extra benefit that you encourages and motivates somebody to do more and to be better at what they’re working at "",""match"":""Students forming 'corporations' because they realized they could earn more gold coins by working together than as individuals.""},{""term"":""Rational Self-Interest"",""definition"":""The decisions that we make to gain more benefits that is efficient for us and it’ll help us "",""match"":""The 'Artisan' student producing a single high-quality bookmark while the 'Corporation' next to him produced ten faster, forcing everyone to consider price vs. quality.""},{""term"":""The Invisible Hand"",""definition"":""When somebody does something that doesn’t only benefit himself but it’ll also benefit and help everybody else "",""match"":""A general rise in prices across the room because Mr Waugh injected more cash into the system.""},{""term"":""Competition"",""definition"":""When sellers compete to sell and market their products to earn a higher profit. They compete because they have a goal. "",""match"":""Students focusing solely on completing their own mission cards to 'survive,' regardless of how it impacted the rest of the market.""}]","[""In the first few minutes, the market was organized because everybody is just trading and making deals peacefully without any chaos and problems. The prices eventually settled into a natural price which is $1 because everybody has their goods distributed fairly, meaning that everybody has staples, they don’t need to sell it for a high price or they can just trade it for something else that they might need. There were no droughts or shortages and scarcity during the first few minutes so the chaos was prevented and the market was running smoothly. "",""My strategy when the drought hit was to keep my scarce product and sell  my 2 goods that aren’t scarce in exchange for money. I did this to earn money and cooperate with others that needed my apple. I sold it first so I can earn more money and buy again from others for a fair and lower price (I had a profit and my $5 increased). During the shortage, I am 50% cooperating and 50% competing. I was 50% cooperating because I sold my 2 apples and I helped the others get the apple that they need, but at the same time I’m also being competitive because I don’t wanna let go of my wheat. "",""A team using division of labor was more efficient because they each have their own specializations, so they were producing a lot more compared to one person making everything. It is much efficient because they divided the work and let each person work on what they specialize. \n""]","In the first few minutes, the market was organized because everybody is just trading and making deals peacefully without any chaos and problems. The prices eventually settled into a natural price which is $1 because everybody has their goods distributed fairly, meaning that everybody has staples, they don’t need to sell it for a high price or they can just trade it for something else that they might need. There were no droughts or shortages and scarcity during the first few minutes so the chaos was prevented and the market was running smoothly. ","My strategy when the drought hit was to keep my scarce product and sell  my 2 goods that aren’t scarce in exchange for money. I did this to earn money and cooperate with others that needed my apple. I sold it first so I can earn more money and buy again from others for a fair and lower price (I had a profit and my $5 increased). During the shortage, I am 50% cooperating and 50% competing. I was 50% cooperating because I sold my 2 apples and I helped the others get the apple that they need, but at the same time I’m also being competitive because I don’t wanna let go of my wheat. ","A team using division of labor was more efficient because they each have their own specializations, so they were producing a lot more compared to one person making everything. It is much efficient because they divided the work and let each person work on what they specialize. 
",Trading something in exchange for something else. ,Trading a power bank directly for a box of tissues without using any money.,"2 people trade together and supply each other with what they need, it is a trade in which the other one needs the one you have and that person also has the thing you need, so you both do a trade to switch your goods ","Failing to trade because you have cards but the other person needs tissues, and neither of you wants what the other has.","Anything that you use to buy/trade what you have for something else. Money is an example, we pay money for different products/goods ",Using gold coins to buy an apple instead of having to find a specific trade partner who wants your spare staples.,Scarcity is everywhere and it is permanent because everybody has unlimited wants and needs but resources are limited ,"The situation after the 'drought' where the sudden removal of wheat meant many students couldn't find any, despite having the money.","It is temporary, it is when supply doesn’t meet demand  and demand exceeds its available supply, resulting in shortages ",The fundamental problem that there wasn't enough bread printed for everyone in the room to finish their mission cards.,"When prices increase/boom to a price that is not fairly affordable because of certain situations such as natural disasters, conflicts/war, shortage, and scarcity. It lessens the value of money when purchasing something. ",The 'Dead' students in the graveyard being the only ones left with wheat and charging whatever they wanted because there was no competition.,When the general level of prices in an economy decreases/reduces ,Prices for bookmarks dropping because Mr Waugh only had 29 gold coins and couldn't afford to pay the original price.,How fast or like how instant you can get or earn cash when you’re in need of it ,Mr Waugh randomly dropping extra dollar bills onto students' desks to increase the amount of cash available for trading.,When there’s only one supplier/seller of something so they are in charge of making choices about their products and they also have the decision to set the price,"Prices for bread and wheat adjusting naturally based on student demand after the drought, without Mr Waugh setting a price.","When you have the proper skills and requirements to create or make something, it is when you specialize in doing something to increase productivity and save time ",One student focusing only on cutting paper while another focused only on taping to increase their total output of bookmarks.,When every individual has a job to fulfill to save time and to increase productivity and production ,Breaking the bookmark-making process into a 'factory line' where each person performed one specific task.,The extra benefit that you encourages and motivates somebody to do more and to be better at what they’re working at ,Students forming 'corporations' because they realized they could earn more gold coins by working together than as individuals.,The decisions that we make to gain more benefits that is efficient for us and it’ll help us ,"The 'Artisan' student producing a single high-quality bookmark while the 'Corporation' next to him produced ten faster, forcing everyone to consider price vs. quality.",When somebody does something that doesn’t only benefit himself but it’ll also benefit and help everybody else ,A general rise in prices across the room because Mr Waugh injected more cash into the system.,When sellers compete to sell and market their products to earn a higher profit. They compete because they have a goal. ,"Students focusing solely on completing their own mission cards to 'survive,' regardless of how it impacted the rest of the market."
3/27/2026 15:31:50,201109,Kendrake Lorenz Gaamil,"[{""term"":""Barter"",""definition"":""It’s an original handshake economy, where a someone's skill or a basket of apples matters more than the balance in a bank account. Bartering is a conversation that turns \""I have\"" and \""you need\"" into a shared moment of trust."",""match"":""Trading a power bank directly for a box of tissues without using any money.""},{""term"":""Double Coincidence of Wants"",""definition"":""It means that when you have something that you need but cannot be able to obtain doubling the want of the item from other people to buy it out from them."",""match"":""The fundamental problem that there wasn't enough bread printed for everyone in the room to finish their mission cards.""},{""term"":""Medium of Exchange"",""definition"":""It's the middleman of the economy that thing we all agree has value like cash so we can just buy what we need without having to trade a bread for a apple."",""match"":""Using gold coins to buy an apple instead of having to find a specific trade partner who wants your spare staples.""},{""term"":""Scarcity"",""definition"":""It’s a struggle where  leaving us to make tough choices because there simply isn't enough time or money to do every single thing we want."",""match"":""Failing to trade because you have cards but the other person needs tissues, and neither of you wants what the other has.""},{""term"":""Shortage"",""definition"":""Its where the item is lack on production and people needs it but there isn't enough made in production"",""match"":""The situation after the 'drought' where the sudden removal of wheat meant many students couldn't find any, despite having the money.""},{""term"":""Inflation"",""definition"":""Where products starts to become expensive like when oil price rises its a chain effect that all other products rises"",""match"":""A general rise in prices across the room because Prof Smith injected more cash into the system.""},{""term"":""Deflation"",""definition"":""\nIt's a rare situation where your money actually buys more today than it did yesterday because prices keep dropping."",""match"":""Prices for bookmarks dropping because Prof Smith only had 29 gold coins and couldn't afford to pay the original price.""},{""term"":""Liquidity"",""definition"":""It’s basically how fast you can turn what you own into cold hard cash without losing money in a sale rush like a black Friday sale in a store."",""match"":""Prices for bread and wheat adjusting naturally based on student demand after the drought, without Prof Smith setting a price.""},{""term"":""Monopoly"",""definition"":""It’s a scenario where one company calls all the shots because they have no real rivals and you can't just go buy a knockoff version somewhere else."",""match"":""Prof Smith randomly dropping extra dollar bills onto students' desks to increase the amount of cash available for trading.""},{""term"":""Specialization"",""definition"":""It’s basically master of one approach where you double down on what you’re best at to get faster and better rather than trying to do everything and being just okay at it."",""match"":""One student focusing only on cutting paper while another focused only on taping to increase their total output of bookmarks.""},{""term"":""Division of Labor"",""definition"":""It’s basically an assembly line  where instead of one person making a whole shoe, everyone masters one small part to get the job done way faster."",""match"":""Breaking the bookmark-making process into a 'factory line' where each person performed one specific task.""},{""term"":""Incentives"",""definition"":""It’s basically nudges you to do something, whether it’s a cash bonus for hitting a goal or just the satisfaction of getting a gold star."",""match"":""The 'Artisan' student producing a single high-quality bookmark while the 'Corporation' next to him produced ten faster, forcing everyone to consider price vs. quality.""},{""term"":""Rational Self-Interest"",""definition"":""It’s basically look out for number one mindset, where you weigh your options and choose the path that gives you the most benefit or happiness in the long run"",""match"":""Students focusing solely on completing their own mission cards to 'survive,' regardless of how it impacted the rest of the market.""},{""term"":""The Invisible Hand"",""definition"":""Gemini said\nIt’s the invisible guide of the economy the idea that by just doing what’s best for yourself, you end up helping everyone else by providing exactly what they want to buy."",""match"":""Students forming 'corporations' because they realized they could earn more gold coins by working together than as individuals.""},{""term"":""Competition"",""definition"":""More on to compete to get the product first by like an auction type to have the item or like to compete who earns more money"",""match"":""The 'Dead' students in the graveyard being the only ones left with wheat and charging whatever they wanted because there was no competition.""}]","["""","""",""""]",,,,"It’s an original handshake economy, where a someone's skill or a basket of apples matters more than the balance in a bank account. Bartering is a conversation that turns ""I have"" and ""you need"" into a shared moment of trust.",Trading a power bank directly for a box of tissues without using any money.,It means that when you have something that you need but cannot be able to obtain doubling the want of the item from other people to buy it out from them.,The fundamental problem that there wasn't enough bread printed for everyone in the room to finish their mission cards.,It's the middleman of the economy that thing we all agree has value like cash so we can just buy what we need without having to trade a bread for a apple.,Using gold coins to buy an apple instead of having to find a specific trade partner who wants your spare staples.,It’s a struggle where  leaving us to make tough choices because there simply isn't enough time or money to do every single thing we want.,"Failing to trade because you have cards but the other person needs tissues, and neither of you wants what the other has.",Its where the item is lack on production and people needs it but there isn't enough made in production,"The situation after the 'drought' where the sudden removal of wheat meant many students couldn't find any, despite having the money.",Where products starts to become expensive like when oil price rises its a chain effect that all other products rises,A general rise in prices across the room because Prof Smith injected more cash into the system.,"
It's a rare situation where your money actually buys more today than it did yesterday because prices keep dropping.",Prices for bookmarks dropping because Prof Smith only had 29 gold coins and couldn't afford to pay the original price.,It’s basically how fast you can turn what you own into cold hard cash without losing money in a sale rush like a black Friday sale in a store.,"Prices for bread and wheat adjusting naturally based on student demand after the drought, without Prof Smith setting a price.",It’s a scenario where one company calls all the shots because they have no real rivals and you can't just go buy a knockoff version somewhere else.,Prof Smith randomly dropping extra dollar bills onto students' desks to increase the amount of cash available for trading.,It’s basically master of one approach where you double down on what you’re best at to get faster and better rather than trying to do everything and being just okay at it.,One student focusing only on cutting paper while another focused only on taping to increase their total output of bookmarks.,"It’s basically an assembly line  where instead of one person making a whole shoe, everyone masters one small part to get the job done way faster.",Breaking the bookmark-making process into a 'factory line' where each person performed one specific task.,"It’s basically nudges you to do something, whether it’s a cash bonus for hitting a goal or just the satisfaction of getting a gold star.","The 'Artisan' student producing a single high-quality bookmark while the 'Corporation' next to him produced ten faster, forcing everyone to consider price vs. quality.","It’s basically look out for number one mindset, where you weigh your options and choose the path that gives you the most benefit or happiness in the long run","Students focusing solely on completing their own mission cards to 'survive,' regardless of how it impacted the rest of the market.","Gemini said
It’s the invisible guide of the economy the idea that by just doing what’s best for yourself, you end up helping everyone else by providing exactly what they want to buy.",Students forming 'corporations' because they realized they could earn more gold coins by working together than as individuals.,More on to compete to get the product first by like an auction type to have the item or like to compete who earns more money,The 'Dead' students in the graveyard being the only ones left with wheat and charging whatever they wanted because there was no competition.
3/30/2026 11:33:31,640318,Luca Pomaski,"[{""term"":""Barter"",""definition"":""Giving something for something else."",""match"":""Trading a power bank directly for a box of tissues without using any money.""},{""term"":""Double Coincidence of Wants"",""definition"":""Finding someone that both wants something you have and you also wanting what they have."",""match"":""Failing to trade because you have cards but the other person needs tissues, and neither of you wants what the other has.""},{""term"":""Medium of Exchange"",""definition"":""Giving money for an item."",""match"":""Using gold coins to buy an apple instead of having to find a specific trade partner who wants your spare staples.""},{""term"":""Scarcity"",""definition"":""Having unlimited wants but not unlimited resources."",""match"":""The fundamental problem that there wasn't enough bread printed for everyone in the room to finish their mission cards.""},{""term"":""Shortage"",""definition"":""Running out of the item that is in demand."",""match"":""The situation after the 'drought' where the sudden removal of wheat meant many students couldn't find any, despite having the money.""},{""term"":""Inflation"",""definition"":""The increase in how much something costs due to a higher demand or less supply."",""match"":""A general rise in prices across the room because Mr Waugh injected more cash into the system.""},{""term"":""Deflation"",""definition"":""The decrease in how much something costs due to a higher demand or less supply."",""match"":""Prices for bookmarks dropping because Mr Waugh only had 29 gold coins and couldn't afford to pay the original price.""},{""term"":""Liquidity"",""definition"":""How much money you have on hand."",""match"":""Mr Waugh randomly dropping extra dollar bills onto students' desks to increase the amount of cash available for trading.""},{""term"":""Monopoly"",""definition"":""A single company setting all the prices since there is no competition against them to make them set competitive prices."",""match"":""The 'Dead' students in the graveyard being the only ones left with wheat and charging whatever they wanted because there was no competition.""},{""term"":""Specialization"",""definition"":""When someone specializes in doing one thing instead of doing more than one."",""match"":""One student focusing only on cutting paper while another focused only on taping to increase their total output of bookmarks.""},{""term"":""Division of Labor"",""definition"":""Putting one person at each station to make something."",""match"":""Breaking the bookmark-making process into a 'factory line' where each person performed one specific task.""},{""term"":""Incentives"",""definition"":""Getting something for choosing a certain option."",""match"":""Students forming 'corporations' because they realized they could earn more gold coins by working together than as individuals.""},{""term"":""Rational Self-Interest"",""definition"":""Choosing to do something for yourself and not caring about the consequences for others."",""match"":""Students focusing solely on completing their own mission cards to 'survive,' regardless of how it impacted the rest of the market.""},{""term"":""The Invisible Hand"",""definition"":""The government not doing anything and just letting the market fix itself."",""match"":""Prices for bread and wheat adjusting naturally based on student demand after the drought, without Mr Waugh setting a price.""},{""term"":""Competition"",""definition"":""Multiple people or companies trying to make the best of one product."",""match"":""The 'Artisan' student producing a single high-quality bookmark while the 'Corporation' next to him produced ten faster, forcing everyone to consider price vs. quality.""}]","[""It was chaotic. They eventually settled because everyone in the class ended up on silently agreeing to consensual prices for each individual objects. "",""A little bit of both, I was asked if someone could borrow my scissors and I agreed and ended up working with them, but I also said no to someone else because I didn't want everyone to be able to use my scissors for free and making it easier for the competition."",""Using a team and making one person cut, one person colour and a last person to go sell the book marks.""]",It was chaotic. They eventually settled because everyone in the class ended up on silently agreeing to consensual prices for each individual objects. ,"A little bit of both, I was asked if someone could borrow my scissors and I agreed and ended up working with them, but I also said no to someone else because I didn't want everyone to be able to use my scissors for free and making it easier for the competition.","Using a team and making one person cut, one person colour and a last person to go sell the book marks.",Giving something for something else.,Trading a power bank directly for a box of tissues without using any money.,Finding someone that both wants something you have and you also wanting what they have.,"Failing to trade because you have cards but the other person needs tissues, and neither of you wants what the other has.",Giving money for an item.,Using gold coins to buy an apple instead of having to find a specific trade partner who wants your spare staples.,Having unlimited wants but not unlimited resources.,The fundamental problem that there wasn't enough bread printed for everyone in the room to finish their mission cards.,Running out of the item that is in demand.,"The situation after the 'drought' where the sudden removal of wheat meant many students couldn't find any, despite having the money.",The increase in how much something costs due to a higher demand or less supply.,A general rise in prices across the room because Mr Waugh injected more cash into the system.,The decrease in how much something costs due to a higher demand or less supply.,Prices for bookmarks dropping because Mr Waugh only had 29 gold coins and couldn't afford to pay the original price.,How much money you have on hand.,Mr Waugh randomly dropping extra dollar bills onto students' desks to increase the amount of cash available for trading.,A single company setting all the prices since there is no competition against them to make them set competitive prices.,The 'Dead' students in the graveyard being the only ones left with wheat and charging whatever they wanted because there was no competition.,When someone specializes in doing one thing instead of doing more than one.,One student focusing only on cutting paper while another focused only on taping to increase their total output of bookmarks.,Putting one person at each station to make something.,Breaking the bookmark-making process into a 'factory line' where each person performed one specific task.,Getting something for choosing a certain option.,Students forming 'corporations' because they realized they could earn more gold coins by working together than as individuals.,Choosing to do something for yourself and not caring about the consequences for others.,"Students focusing solely on completing their own mission cards to 'survive,' regardless of how it impacted the rest of the market.",The government not doing anything and just letting the market fix itself.,"Prices for bread and wheat adjusting naturally based on student demand after the drought, without Mr Waugh setting a price.",Multiple people or companies trying to make the best of one product.,"The 'Artisan' student producing a single high-quality bookmark while the 'Corporation' next to him produced ten faster, forcing everyone to consider price vs. quality."
3/30/2026 11:53:20,20088,Maggie,"[{""term"":""Barter"",""definition"":""A Barter is an exchange of goods or services for other goods or services without using any money. "",""match"":""Trading a power bank directly for a box of tissues without using any money.""},{""term"":""Double Coincidence of Wants"",""definition"":""A double coincidence of wants happens in a barter system when two people each have a good or service that the other person wants, allowing a direct trade to occur. "",""match"":""Failing to trade because you have cards but the other person needs tissues, and neither of you wants what the other has.""},{""term"":""Medium of Exchange"",""definition"":""A medium of exchange is any item (usually money) that is commonly accepted as payment for goods or services. "",""match"":""Using gold coins to buy an apple instead of having to find a specific trade partner who wants your spare staples.""},{""term"":""Scarcity"",""definition"":""Scarcity is the economic problem of having limited resources but unlimited wants and or needs. "",""match"":""The situation after the 'drought' where the sudden removal of wheat meant many students couldn't find any, despite having the money.""},{""term"":""Shortage"",""definition"":""A shortage is a situation where the demand for a product, service, or resource is higher than the supply that is available. "",""match"":""The fundamental problem that there wasn't enough bread printed for everyone in the room to finish their mission cards.""},{""term"":""Inflation"",""definition"":""Inflation is the increase of prices for goods or services over a certain period of time."",""match"":""Prices for bread and wheat adjusting naturally based on student demand after the drought, without Mr Waugh setting a price.""},{""term"":""Deflation"",""definition"":""Deflation is the decrease of prices in an economy over time. "",""match"":""Prices for bookmarks dropping because Mr Waugh only had 29 gold coins and couldn't afford to pay the original price.""},{""term"":""Liquidity"",""definition"":""Liquidity measures how quickly and easily an asset can be turned into cash without losing value. "",""match"":""A general rise in prices across the room because Mr Waugh injected more cash into the system.""},{""term"":""Monopoly"",""definition"":""A monopoly is when a single company or person is the main seller of a product or service, with little to no competition. "",""match"":""The 'Dead' students in the graveyard being the only ones left with wheat and charging whatever they wanted because there was no competition.""},{""term"":""Specialization"",""definition"":""Specialization is the concentration of efforts on a limited variety of tasks or goods. "",""match"":""Breaking the bookmark-making process into a 'factory line' where each person performed one specific task.""},{""term"":""Division of Labor"",""definition"":""Division of Labor is breaking a large, complex job into smaller specialized tasks that are assigned to different people."",""match"":""One student focusing only on cutting paper while another focused only on taping to increase their total output of bookmarks.""},{""term"":""Incentives"",""definition"":""An incentive is something, such as a reward, that motivates someone to do something. "",""match"":""Students forming 'corporations' because they realized they could earn more gold coins by working together than as individuals.""},{""term"":""Rational Self-Interest"",""definition"":""Rational self-interest is the idea that individuals make decisions that benefit  themselves in one way or another. "",""match"":""Students focusing solely on completing their own mission cards to 'survive,' regardless of how it impacted the rest of the market.""},{""term"":""The Invisible Hand"",""definition"":""The invisible hand is the idea that individuals who act in their own self-interest unintentionally benefit society."",""match"":""""},{""term"":""Competition"",""definition"":""Competition in economics is the rivalry between sellers. "",""match"":""The 'Artisan' student producing a single high-quality bookmark while the 'Corporation' next to him produced ten faster, forcing everyone to consider price vs. quality.""}]","[""In the first few minutes, the market was chaotic because people were setting their own prices for things. After a while, most people started charging about the same price (natural price) because buyers and sellers figured out what price worked best. This is how the invisible hand works. "",""When the Drought hit and resources became scarce, my strategy changed because there was fewer resources. I feel like I became more competitive and tried harder to find bread that I had needed to complete my mission. This showed how scarcity can change people's behaviour and choices in the market. "",""Using division of labor was more efficient because each person had one specific job, so the 'teams' could create bookmarks quicker and easier than one individual doing the whole thing by themselves. ""]","In the first few minutes, the market was chaotic because people were setting their own prices for things. After a while, most people started charging about the same price (natural price) because buyers and sellers figured out what price worked best. This is how the invisible hand works. ","When the Drought hit and resources became scarce, my strategy changed because there was fewer resources. I feel like I became more competitive and tried harder to find bread that I had needed to complete my mission. This showed how scarcity can change people's behaviour and choices in the market. ","Using division of labor was more efficient because each person had one specific job, so the 'teams' could create bookmarks quicker and easier than one individual doing the whole thing by themselves. ",A Barter is an exchange of goods or services for other goods or services without using any money. ,Trading a power bank directly for a box of tissues without using any money.,"A double coincidence of wants happens in a barter system when two people each have a good or service that the other person wants, allowing a direct trade to occur. ","Failing to trade because you have cards but the other person needs tissues, and neither of you wants what the other has.",A medium of exchange is any item (usually money) that is commonly accepted as payment for goods or services. ,Using gold coins to buy an apple instead of having to find a specific trade partner who wants your spare staples.,Scarcity is the economic problem of having limited resources but unlimited wants and or needs. ,"The situation after the 'drought' where the sudden removal of wheat meant many students couldn't find any, despite having the money.","A shortage is a situation where the demand for a product, service, or resource is higher than the supply that is available. ",The fundamental problem that there wasn't enough bread printed for everyone in the room to finish their mission cards.,Inflation is the increase of prices for goods or services over a certain period of time.,"Prices for bread and wheat adjusting naturally based on student demand after the drought, without Mr Waugh setting a price.",Deflation is the decrease of prices in an economy over time. ,Prices for bookmarks dropping because Mr Waugh only had 29 gold coins and couldn't afford to pay the original price.,Liquidity measures how quickly and easily an asset can be turned into cash without losing value. ,A general rise in prices across the room because Mr Waugh injected more cash into the system.,"A monopoly is when a single company or person is the main seller of a product or service, with little to no competition. ",The 'Dead' students in the graveyard being the only ones left with wheat and charging whatever they wanted because there was no competition.,Specialization is the concentration of efforts on a limited variety of tasks or goods. ,Breaking the bookmark-making process into a 'factory line' where each person performed one specific task.,"Division of Labor is breaking a large, complex job into smaller specialized tasks that are assigned to different people.",One student focusing only on cutting paper while another focused only on taping to increase their total output of bookmarks.,"An incentive is something, such as a reward, that motivates someone to do something. ",Students forming 'corporations' because they realized they could earn more gold coins by working together than as individuals.,Rational self-interest is the idea that individuals make decisions that benefit  themselves in one way or another. ,"Students focusing solely on completing their own mission cards to 'survive,' regardless of how it impacted the rest of the market.",The invisible hand is the idea that individuals who act in their own self-interest unintentionally benefit society.,,Competition in economics is the rivalry between sellers. ,"The 'Artisan' student producing a single high-quality bookmark while the 'Corporation' next to him produced ten faster, forcing everyone to consider price vs. quality."
3/27/2026 15:21:39,101010,Marshall,"[{""term"":""Barter"",""definition"":""Exchanging goods or services between parties without any additional money involved."",""match"":""Trading a power bank directly for a box of tissues without using any money.""},{""term"":""Double Coincidence of Wants"",""definition"":""When two parties have what the other wants to they can have an even exchange without the use of money."",""match"":""Failing to trade because you have cards but the other person needs tissues, and neither of you wants what the other has.""},{""term"":""Medium of Exchange"",""definition"":""The form of money used to facilitate the exchange or trade of a a good or service."",""match"":""Using gold coins to buy an apple instead of having to find a specific trade partner who wants your spare staples.""},{""term"":""Scarcity"",""definition"":""The notion that there are only limited resources but there are unlimited wants in the world and people have to consider whether to satisfy wants or needs."",""match"":""The fundamental problem that there wasn't enough bread printed for everyone in the room to finish their mission cards.""},{""term"":""Shortage"",""definition"":""The temporary disruption of a supply of an item with a constant demand that makes supply run out."",""match"":""The situation after the 'drought' where the sudden removal of wheat meant many students couldn't find any, despite having the money.""},{""term"":""Inflation"",""definition"":""When the price of a good, service or currency is devalued because it is so widely available and constantly produced making it easier to obtain."",""match"":""A general rise in prices across the room because Prof Smith injected more cash into the system.""},{""term"":""Deflation"",""definition"":""When the price of a good, service or currency increases in value because of a reduction in availability making it harder to obtain."",""match"":""Prices for bookmarks dropping because Prof Smith only had 29 gold coins and couldn't afford to pay the original price.""},{""term"":""Liquidity"",""definition"":""How quickly and easily a good or service can be sold or traded in order to benefit the owner."",""match"":""Prof Smith randomly dropping extra dollar bills onto students' desks to increase the amount of cash available for trading.""},{""term"":""Monopoly"",""definition"":""When one person or enterprise has complete control over an industry or sector resulting in them dictating prices and availability."",""match"":""The 'Dead' students in the graveyard being the only ones left with wheat and charging whatever they wanted because there was no competition.""},{""term"":""Specialization"",""definition"":""Separating workers into their individual areas of expertise in order to increase quality and efficiency of workers."",""match"":""One student focusing only on cutting paper while another focused only on taping to increase their total output of bookmarks.""},{""term"":""Division of Labor"",""definition"":""Delegating tasks so that workers perform specific tasks in an effort to increase production."",""match"":""Breaking the bookmark-making process into a 'factory line' where each person performed one specific task.""},{""term"":""Incentives"",""definition"":""The positive or negative motivation given to people in an effort to persuade them to do or not do something."",""match"":""Students forming 'corporations' because they realized they could earn more gold coins by working together than as individuals.""},{""term"":""Rational Self-Interest"",""definition"":""The notion of putting yourself first in the interest of self-preservation."",""match"":""Students focusing solely on completing their own mission cards to 'survive,' regardless of how it impacted the rest of the market.""},{""term"":""The Invisible Hand"",""definition"":""How a market will correct itself through supply and demand of the people without interference from a government."",""match"":""Prices for bread and wheat adjusting naturally based on student demand after the drought, without Prof Smith setting a price.""},{""term"":""Competition"",""definition"":""Rival entities trying to accomplish the same thing whether it's producing or selling the same product."",""match"":""The 'Artisan' student producing a single high-quality bookmark while the 'Corporation' next to him produced ten faster, forcing everyone to consider price vs. quality.""}]","[""Once it became apparent that certain items were more common than others and the initial frenzy ended, there was a sense of order instilled within those who were still in need of their respective items."",""When the Drought hit, I found myself stranded, the supply of bread was already sparse, but with the drought, the supply of bread all but dried up so i sold all of my surplus from the non-important things I had and decided to wait for an increase of supply."",""The team of people producing more bookmarks was more efficient because the rate at which they could produce was much higher than that of the artisan, however, the artisan produced higher quality products because of their dedication to each and every bookmark.""]","Once it became apparent that certain items were more common than others and the initial frenzy ended, there was a sense of order instilled within those who were still in need of their respective items.","When the Drought hit, I found myself stranded, the supply of bread was already sparse, but with the drought, the supply of bread all but dried up so i sold all of my surplus from the non-important things I had and decided to wait for an increase of supply.","The team of people producing more bookmarks was more efficient because the rate at which they could produce was much higher than that of the artisan, however, the artisan produced higher quality products because of their dedication to each and every bookmark.",Exchanging goods or services between parties without any additional money involved.,Trading a power bank directly for a box of tissues without using any money.,When two parties have what the other wants to they can have an even exchange without the use of money.,"Failing to trade because you have cards but the other person needs tissues, and neither of you wants what the other has.",The form of money used to facilitate the exchange or trade of a a good or service.,Using gold coins to buy an apple instead of having to find a specific trade partner who wants your spare staples.,The notion that there are only limited resources but there are unlimited wants in the world and people have to consider whether to satisfy wants or needs.,The fundamental problem that there wasn't enough bread printed for everyone in the room to finish their mission cards.,The temporary disruption of a supply of an item with a constant demand that makes supply run out.,"The situation after the 'drought' where the sudden removal of wheat meant many students couldn't find any, despite having the money.","When the price of a good, service or currency is devalued because it is so widely available and constantly produced making it easier to obtain.",A general rise in prices across the room because Prof Smith injected more cash into the system.,"When the price of a good, service or currency increases in value because of a reduction in availability making it harder to obtain.",Prices for bookmarks dropping because Prof Smith only had 29 gold coins and couldn't afford to pay the original price.,How quickly and easily a good or service can be sold or traded in order to benefit the owner.,Prof Smith randomly dropping extra dollar bills onto students' desks to increase the amount of cash available for trading.,When one person or enterprise has complete control over an industry or sector resulting in them dictating prices and availability.,The 'Dead' students in the graveyard being the only ones left with wheat and charging whatever they wanted because there was no competition.,Separating workers into their individual areas of expertise in order to increase quality and efficiency of workers.,One student focusing only on cutting paper while another focused only on taping to increase their total output of bookmarks.,Delegating tasks so that workers perform specific tasks in an effort to increase production.,Breaking the bookmark-making process into a 'factory line' where each person performed one specific task.,The positive or negative motivation given to people in an effort to persuade them to do or not do something.,Students forming 'corporations' because they realized they could earn more gold coins by working together than as individuals.,The notion of putting yourself first in the interest of self-preservation.,"Students focusing solely on completing their own mission cards to 'survive,' regardless of how it impacted the rest of the market.",How a market will correct itself through supply and demand of the people without interference from a government.,"Prices for bread and wheat adjusting naturally based on student demand after the drought, without Prof Smith setting a price.",Rival entities trying to accomplish the same thing whether it's producing or selling the same product.,"The 'Artisan' student producing a single high-quality bookmark while the 'Corporation' next to him produced ten faster, forcing everyone to consider price vs. quality."
3/28/2026 17:17:10,HAHAHA,Mr Waugh,"[{""term"":""Barter"",""definition"":"""",""match"":""Trading a power bank directly for a box of tissues without using any money.""},{""term"":""Double Coincidence of Wants"",""definition"":"""",""match"":""Failing to trade because you have cards but the other person needs tissues, and neither of you wants what the other has.""},{""term"":""Medium of Exchange"",""definition"":"""",""match"":""Using gold coins to buy an apple instead of having to find a specific trade partner who wants your spare staples.""},{""term"":""Scarcity"",""definition"":"""",""match"":""The fundamental problem that there wasn't enough bread printed for everyone in the room to finish their mission cards.""},{""term"":""Shortage"",""definition"":"""",""match"":""The situation after the 'drought' where the sudden removal of wheat meant many students couldn't find any, despite having the money.""},{""term"":""Inflation"",""definition"":"""",""match"":""A general rise in prices across the room because Prof Smith injected more cash into the system.""},{""term"":""Deflation"",""definition"":"""",""match"":""Prices for bookmarks dropping because Prof Smith only had 29 gold coins and couldn't afford to pay the original price.""},{""term"":""Liquidity"",""definition"":"""",""match"":""Prof Smith randomly dropping extra dollar bills onto students' desks to increase the amount of cash available for trading.""},{""term"":""Monopoly"",""definition"":"""",""match"":""The 'Dead' students in the graveyard being the only ones left with wheat and charging whatever they wanted because there was no competition.""},{""term"":""Specialization"",""definition"":"""",""match"":""Breaking the bookmark-making process into a 'factory line' where each person performed one specific task.""},{""term"":""Division of Labor"",""definition"":"""",""match"":""One student focusing only on cutting paper while another focused only on taping to increase their total output of bookmarks.""},{""term"":""Incentives"",""definition"":"""",""match"":""Students forming 'corporations' because they realized they could earn more gold coins by working together than as individuals.""},{""term"":""Rational Self-Interest"",""definition"":"""",""match"":""Students focusing solely on completing their own mission cards to 'survive,' regardless of how it impacted the rest of the market.""},{""term"":""The Invisible Hand"",""definition"":"""",""match"":""Prices for bread and wheat adjusting naturally based on student demand after the drought, without Prof Smith setting a price.""},{""term"":""Competition"",""definition"":"""",""match"":""The 'Artisan' student producing a single high-quality bookmark while the 'Corporation' next to him produced ten faster, forcing everyone to consider price vs. quality.""}]","["""","""",""""]",,,,,Trading a power bank directly for a box of tissues without using any money.,,"Failing to trade because you have cards but the other person needs tissues, and neither of you wants what the other has.",,Using gold coins to buy an apple instead of having to find a specific trade partner who wants your spare staples.,,The fundamental problem that there wasn't enough bread printed for everyone in the room to finish their mission cards.,,"The situation after the 'drought' where the sudden removal of wheat meant many students couldn't find any, despite having the money.",,A general rise in prices across the room because Prof Smith injected more cash into the system.,,Prices for bookmarks dropping because Prof Smith only had 29 gold coins and couldn't afford to pay the original price.,,Prof Smith randomly dropping extra dollar bills onto students' desks to increase the amount of cash available for trading.,,The 'Dead' students in the graveyard being the only ones left with wheat and charging whatever they wanted because there was no competition.,,Breaking the bookmark-making process into a 'factory line' where each person performed one specific task.,,One student focusing only on cutting paper while another focused only on taping to increase their total output of bookmarks.,,Students forming 'corporations' because they realized they could earn more gold coins by working together than as individuals.,,"Students focusing solely on completing their own mission cards to 'survive,' regardless of how it impacted the rest of the market.",,"Prices for bread and wheat adjusting naturally based on student demand after the drought, without Prof Smith setting a price.",,"The 'Artisan' student producing a single high-quality bookmark while the 'Corporation' next to him produced ten faster, forcing everyone to consider price vs. quality."
3/27/2026 15:24:55,808090,Nahla,"[{""term"":""Barter"",""definition"":""A direct exchange of goods without using any money."",""match"":""Trading a power bank directly for a box of tissues without using any money.""},{""term"":""Double Coincidence of Wants"",""definition"":""The coincidence of having something someone wants, in exchange for something you want (the perfect match)"",""match"":""Failing to trade because you have cards but the other person needs tissues, and neither of you wants what the other has.""},{""term"":""Medium of Exchange"",""definition"":""A medium (material) that can be used in exchange for other goods."",""match"":""Using gold coins to buy an apple instead of having to find a specific trade partner who wants your spare staples.""},{""term"":""Scarcity"",""definition"":""The issue of not having enough resources for the unlimited wants of the people."",""match"":""The fundamental problem that there wasn't enough bread printed for everyone in the room to finish their mission cards.""},{""term"":""Shortage"",""definition"":""A temporary issue of running out of a product due to underproduction."",""match"":""The situation after the 'drought' where the sudden removal of wheat meant many students couldn't find any, despite having the money.""},{""term"":""Inflation"",""definition"":""An increase in prices due to an increase in demand and decrease in supply."",""match"":""A general rise in prices across the room because Prof Smith injected more cash into the system.""},{""term"":""Deflation"",""definition"":""The decrease of prices due to a decrease in demand and increase in supply."",""match"":""Prices for bookmarks dropping because Prof Smith only had 29 gold coins and couldn't afford to pay the original price.""},{""term"":""Liquidity"",""definition"":""A good/product that can always be exchanged into money (liquidized)."",""match"":""Prof Smith randomly dropping extra dollar bills onto students' desks to increase the amount of cash available for trading.""},{""term"":""Monopoly"",""definition"":""When their is only one party that can produce, or offer a serv ice from something. In doing so, this party is able to completely control prices due to lack of competition. (people have no other choice)"",""match"":""The 'Dead' students in the graveyard being the only ones left with wheat and charging whatever they wanted because there was no competition.""},{""term"":""Specialization"",""definition"":""Having specific tasks go to people that specialize in those things to be more efficient, rather then them doing multiple tasks of less quality."",""match"":""One student focusing only on cutting paper while another focused only on taping to increase their total output of bookmarks.""},{""term"":""Division of Labor"",""definition"":""The \""dividig and conquering\"" theory, which is to separate multiple tasks one person could do, into one tasks for multiple people, which becomes forr efficient."",""match"":""Breaking the bookmark-making process into a 'factory line' where each person performed one specific task.""},{""term"":""Incentives"",""definition"":""Materials or forms of money given as rewards completing tasks."",""match"":""The 'Artisan' student producing a single high-quality bookmark while the 'Corporation' next to him produced ten faster, forcing everyone to consider price vs. quality.""},{""term"":""Rational Self-Interest"",""definition"":""The choices and decisions people make to solely benefit their self interest."",""match"":""Students focusing solely on completing their own mission cards to 'survive,' regardless of how it impacted the rest of the market.""},{""term"":""The Invisible Hand"",""definition"":""The idea of an economy naturally figuring out the inner workings and prices of things, due to human transactions."",""match"":""Prices for bread and wheat adjusting naturally based on student demand after the drought, without Prof Smith setting a price.""},{""term"":""Competition"",""definition"":""When two or more parties compete to achieve something."",""match"":""Students forming 'corporations' because they realized they could earn more gold coins by working together than as individuals.""}]","[""In the first few minutes, the market was extremely chaotic, as people had many different ideas of the ideal price for goods, and struggled to find what they needed. Eventually, as people learned a reasonable price for goods (through competition and supply/demand) people adjusted to prices and were able to exchange more things for money ,ect."",""After the drought I realized that certain products were very rare, and would have to be sold for much more. Due to the fact that I already had what I needed, I realized if I wanted to make more money, I could sell my rare products for a much higher price then I was before. When I did not have my product and needed bread after the shortage, I settled for prices I orginially protested, because I had no other choice. This is how low supplies can benefit and damage the economy."",""Looking back, building a team to work on many different areas at once was much more efficient and made much more money. This is primarily due to time, a personal bookmark of quality would take very long tol put a lot of effort in to the many different tasks of making a bookmark. Versus a team spending quality time on just one tasks, can be of quality and much faster in making multiple book marks of quality.""]","In the first few minutes, the market was extremely chaotic, as people had many different ideas of the ideal price for goods, and struggled to find what they needed. Eventually, as people learned a reasonable price for goods (through competition and supply/demand) people adjusted to prices and were able to exchange more things for money ,ect.","After the drought I realized that certain products were very rare, and would have to be sold for much more. Due to the fact that I already had what I needed, I realized if I wanted to make more money, I could sell my rare products for a much higher price then I was before. When I did not have my product and needed bread after the shortage, I settled for prices I orginially protested, because I had no other choice. This is how low supplies can benefit and damage the economy.","Looking back, building a team to work on many different areas at once was much more efficient and made much more money. This is primarily due to time, a personal bookmark of quality would take very long tol put a lot of effort in to the many different tasks of making a bookmark. Versus a team spending quality time on just one tasks, can be of quality and much faster in making multiple book marks of quality.",A direct exchange of goods without using any money.,Trading a power bank directly for a box of tissues without using any money.,"The coincidence of having something someone wants, in exchange for something you want (the perfect match)","Failing to trade because you have cards but the other person needs tissues, and neither of you wants what the other has.",A medium (material) that can be used in exchange for other goods.,Using gold coins to buy an apple instead of having to find a specific trade partner who wants your spare staples.,The issue of not having enough resources for the unlimited wants of the people.,The fundamental problem that there wasn't enough bread printed for everyone in the room to finish their mission cards.,A temporary issue of running out of a product due to underproduction.,"The situation after the 'drought' where the sudden removal of wheat meant many students couldn't find any, despite having the money.",An increase in prices due to an increase in demand and decrease in supply.,A general rise in prices across the room because Prof Smith injected more cash into the system.,The decrease of prices due to a decrease in demand and increase in supply.,Prices for bookmarks dropping because Prof Smith only had 29 gold coins and couldn't afford to pay the original price.,A good/product that can always be exchanged into money (liquidized).,Prof Smith randomly dropping extra dollar bills onto students' desks to increase the amount of cash available for trading.,"When their is only one party that can produce, or offer a serv ice from something. In doing so, this party is able to completely control prices due to lack of competition. (people have no other choice)",The 'Dead' students in the graveyard being the only ones left with wheat and charging whatever they wanted because there was no competition.,"Having specific tasks go to people that specialize in those things to be more efficient, rather then them doing multiple tasks of less quality.",One student focusing only on cutting paper while another focused only on taping to increase their total output of bookmarks.,"The ""dividig and conquering"" theory, which is to separate multiple tasks one person could do, into one tasks for multiple people, which becomes forr efficient.",Breaking the bookmark-making process into a 'factory line' where each person performed one specific task.,Materials or forms of money given as rewards completing tasks.,"The 'Artisan' student producing a single high-quality bookmark while the 'Corporation' next to him produced ten faster, forcing everyone to consider price vs. quality.",The choices and decisions people make to solely benefit their self interest.,"Students focusing solely on completing their own mission cards to 'survive,' regardless of how it impacted the rest of the market.","The idea of an economy naturally figuring out the inner workings and prices of things, due to human transactions.","Prices for bread and wheat adjusting naturally based on student demand after the drought, without Prof Smith setting a price.",When two or more parties compete to achieve something.,Students forming 'corporations' because they realized they could earn more gold coins by working together than as individuals.
3/31/2026 9:49:53,27777,Peyton C,"[{""term"":""Barter"",""definition"":""The type of trade using no money."",""match"":""Trading a power bank directly for a box of tissues without using any money.""},{""term"":""Double Coincidence of Wants"",""definition"":""In a trade both parties have to be interested in a good or the trade will not happen. Both sides have to be happy."",""match"":""Failing to trade because you have cards but the other person needs tissues, and neither of you wants what the other has.""},{""term"":""Medium of Exchange"",""definition"":""Medium of exchange is the type of currency you are using to buy or trade with."",""match"":""Using gold coins to buy an apple instead of having to find a specific trade partner who wants your spare staples.""},{""term"":""Scarcity"",""definition"":""The fundamental concept there is never enough of everything to satisfy everything."",""match"":""The fundamental problem that there wasn't enough bread printed for everyone in the room to finish their mission cards.""},{""term"":""Shortage"",""definition"":""When there is not more de,and then their is supply"",""match"":""The situation after the 'drought' where the sudden removal of wheat meant many students couldn't find any, despite having the money.""},{""term"":""Inflation"",""definition"":""When money goes put in an economy so the prices go up and the dollar is worth less"",""match"":""A general rise in prices across the room because Mr Waugh injected more cash into the system.""},{""term"":""Deflation"",""definition"":""When money gets taken out of the economy prices drop because people cant afford anything."",""match"":""Prices for bookmarks dropping because Mr Waugh only had 29 gold coins and couldn't afford to pay the original price.""},{""term"":""Liquidity"",""definition"":""How fast something like a stock or business could turn to cash without significantly affecting its price."",""match"":""Mr Waugh randomly dropping extra dollar bills onto students' desks to increase the amount of cash available for trading.""},{""term"":""Monopoly"",""definition"":""There is only a single person or group that provides goods or services."",""match"":""The 'Dead' students in the graveyard being the only ones left with wheat and charging whatever they wanted because there was no competition.""},{""term"":""Specialization"",""definition"":""When you give someone a specialized task instead of doing the whole thing for quality of the goods"",""match"":""One student focusing only on cutting paper while another focused only on taping to increase their total output of bookmarks.""},{""term"":""Division of Labor"",""definition"":""when you devide the process up into a factory line for efficiency."",""match"":""Breaking the bookmark-making process into a 'factory line' where each person performed one specific task.""},{""term"":""Incentives"",""definition"":""Something that motivates a person to do something"",""match"":""Students forming 'corporations' because they realized they could earn more gold coins by working together than as individuals.""},{""term"":""Rational Self-Interest"",""definition"":""When people are "",""match"":""Students focusing solely on completing their own mission cards to 'survive,' regardless of how it impacted the rest of the market.""},{""term"":""The Invisible Hand"",""definition"":""Individuals act on their own well being and what is good for them."",""match"":""Prices for bread and wheat adjusting naturally based on student demand after the drought, without Mr Waugh setting a price.""},{""term"":""Competition"",""definition"":""When two companies battle with each other to prove that their product, service or price is better."",""match"":""The 'Artisan' student producing a single high-quality bookmark while the 'Corporation' next to him produced ten faster, forcing everyone to consider price vs. quality.""}]","[""It was a bit chaotic at first. Prices eventually settled when people found out the scarcity of some items compared to others."",""I had teamed up and started what was almost like an apple farm. We had lots of apples between the two of us. Once my partner got out I used apples to finish my own goals. People thought sense I was giving a high quanity of apples it was worth a lot even though they didn't really help."",""I found that if we had  2 people doing one jon and 2 doing another, we were most efficient.""]",It was a bit chaotic at first. Prices eventually settled when people found out the scarcity of some items compared to others.,I had teamed up and started what was almost like an apple farm. We had lots of apples between the two of us. Once my partner got out I used apples to finish my own goals. People thought sense I was giving a high quanity of apples it was worth a lot even though they didn't really help.,"I found that if we had  2 people doing one jon and 2 doing another, we were most efficient.",The type of trade using no money.,Trading a power bank directly for a box of tissues without using any money.,In a trade both parties have to be interested in a good or the trade will not happen. Both sides have to be happy.,"Failing to trade because you have cards but the other person needs tissues, and neither of you wants what the other has.",Medium of exchange is the type of currency you are using to buy or trade with.,Using gold coins to buy an apple instead of having to find a specific trade partner who wants your spare staples.,The fundamental concept there is never enough of everything to satisfy everything.,The fundamental problem that there wasn't enough bread printed for everyone in the room to finish their mission cards.,"When there is not more de,and then their is supply","The situation after the 'drought' where the sudden removal of wheat meant many students couldn't find any, despite having the money.",When money goes put in an economy so the prices go up and the dollar is worth less,A general rise in prices across the room because Mr Waugh injected more cash into the system.,When money gets taken out of the economy prices drop because people cant afford anything.,Prices for bookmarks dropping because Mr Waugh only had 29 gold coins and couldn't afford to pay the original price.,How fast something like a stock or business could turn to cash without significantly affecting its price.,Mr Waugh randomly dropping extra dollar bills onto students' desks to increase the amount of cash available for trading.,There is only a single person or group that provides goods or services.,The 'Dead' students in the graveyard being the only ones left with wheat and charging whatever they wanted because there was no competition.,When you give someone a specialized task instead of doing the whole thing for quality of the goods,One student focusing only on cutting paper while another focused only on taping to increase their total output of bookmarks.,when you devide the process up into a factory line for efficiency.,Breaking the bookmark-making process into a 'factory line' where each person performed one specific task.,Something that motivates a person to do something,Students forming 'corporations' because they realized they could earn more gold coins by working together than as individuals.,When people are ,"Students focusing solely on completing their own mission cards to 'survive,' regardless of how it impacted the rest of the market.",Individuals act on their own well being and what is good for them.,"Prices for bread and wheat adjusting naturally based on student demand after the drought, without Mr Waugh setting a price.","When two companies battle with each other to prove that their product, service or price is better.","The 'Artisan' student producing a single high-quality bookmark while the 'Corporation' next to him produced ten faster, forcing everyone to consider price vs. quality."
3/27/2026 15:15:43,27777,Peyton C,"[{""term"":""Barter"",""definition"":"""",""match"":""""},{""term"":""Double Coincidence of Wants"",""definition"":"""",""match"":""Failing to trade because you have cards but the other person needs tissues, and neither of you wants what the other has.""},{""term"":""Medium of Exchange"",""definition"":"""",""match"":""""},{""term"":""Scarcity"",""definition"":"""",""match"":""""},{""term"":""Shortage"",""definition"":"""",""match"":""""},{""term"":""Inflation"",""definition"":"""",""match"":""""},{""term"":""Deflation"",""definition"":"""",""match"":""""},{""term"":""Liquidity"",""definition"":"""",""match"":""""},{""term"":""Monopoly"",""definition"":"""",""match"":""""},{""term"":""Specialization"",""definition"":"""",""match"":""""},{""term"":""Division of Labor"",""definition"":"""",""match"":""""},{""term"":""Incentives"",""definition"":"""",""match"":""""},{""term"":""Rational Self-Interest"",""definition"":"""",""match"":""""},{""term"":""The Invisible Hand"",""definition"":"""",""match"":""Prices for bread and wheat adjusting naturally based on student demand after the drought, without Prof Smith setting a price.""},{""term"":""Competition"",""definition"":"""",""match"":""""}]","["""","""",""""]",,,,,,,"Failing to trade because you have cards but the other person needs tissues, and neither of you wants what the other has.",,,,,,,,,,,,,,,,,,,,,,,,"Prices for bread and wheat adjusting naturally based on student demand after the drought, without Prof Smith setting a price.",,
3/27/2026 15:16:03,27777,Peyton C,"[{""term"":""Barter"",""definition"":"""",""match"":""""},{""term"":""Double Coincidence of Wants"",""definition"":"""",""match"":""Failing to trade because you have cards but the other person needs tissues, and neither of you wants what the other has.""},{""term"":""Medium of Exchange"",""definition"":"""",""match"":""Using gold coins to buy an apple instead of having to find a specific trade partner who wants your spare staples.""},{""term"":""Scarcity"",""definition"":"""",""match"":""""},{""term"":""Shortage"",""definition"":"""",""match"":""""},{""term"":""Inflation"",""definition"":"""",""match"":""""},{""term"":""Deflation"",""definition"":"""",""match"":""""},{""term"":""Liquidity"",""definition"":"""",""match"":""""},{""term"":""Monopoly"",""definition"":"""",""match"":""""},{""term"":""Specialization"",""definition"":"""",""match"":""""},{""term"":""Division of Labor"",""definition"":"""",""match"":""""},{""term"":""Incentives"",""definition"":"""",""match"":""""},{""term"":""Rational Self-Interest"",""definition"":"""",""match"":""""},{""term"":""The Invisible Hand"",""definition"":"""",""match"":""Prices for bread and wheat adjusting naturally based on student demand after the drought, without Prof Smith setting a price.""},{""term"":""Competition"",""definition"":"""",""match"":""""}]","["""","""",""""]",,,,,,,"Failing to trade because you have cards but the other person needs tissues, and neither of you wants what the other has.",,Using gold coins to buy an apple instead of having to find a specific trade partner who wants your spare staples.,,,,,,,,,,,,,,,,,,,,,,"Prices for bread and wheat adjusting naturally based on student demand after the drought, without Prof Smith setting a price.",,
3/27/2026 15:18:33,27777,Peyton C,"[{""term"":""Barter"",""definition"":"""",""match"":""""},{""term"":""Double Coincidence of Wants"",""definition"":"""",""match"":""Failing to trade because you have cards but the other person needs tissues, and neither of you wants what the other has.""},{""term"":""Medium of Exchange"",""definition"":"""",""match"":""Using gold coins to buy an apple instead of having to find a specific trade partner who wants your spare staples.""},{""term"":""Scarcity"",""definition"":"""",""match"":""""},{""term"":""Shortage"",""definition"":"""",""match"":""""},{""term"":""Inflation"",""definition"":"""",""match"":""""},{""term"":""Deflation"",""definition"":"""",""match"":""""},{""term"":""Liquidity"",""definition"":"""",""match"":""""},{""term"":""Monopoly"",""definition"":"""",""match"":""""},{""term"":""Specialization"",""definition"":"""",""match"":""""},{""term"":""Division of Labor"",""definition"":"""",""match"":""""},{""term"":""Incentives"",""definition"":"""",""match"":""""},{""term"":""Rational Self-Interest"",""definition"":"""",""match"":""Students focusing solely on completing their own mission cards to 'survive,' regardless of how it impacted the rest of the market.""},{""term"":""The Invisible Hand"",""definition"":"""",""match"":""Prices for bread and wheat adjusting naturally based on student demand after the drought, without Prof Smith setting a price.""},{""term"":""Competition"",""definition"":"""",""match"":""""}]","["""","""",""""]",,,,,,,"Failing to trade because you have cards but the other person needs tissues, and neither of you wants what the other has.",,Using gold coins to buy an apple instead of having to find a specific trade partner who wants your spare staples.,,,,,,,,,,,,,,,,,,,,"Students focusing solely on completing their own mission cards to 'survive,' regardless of how it impacted the rest of the market.",,"Prices for bread and wheat adjusting naturally based on student demand after the drought, without Prof Smith setting a price.",,
3/27/2026 15:20:22,27777,Peyton C,"[{""term"":""Barter"",""definition"":"""",""match"":""Trading a power bank directly for a box of tissues without using any money.""},{""term"":""Double Coincidence of Wants"",""definition"":"""",""match"":""Failing to trade because you have cards but the other person needs tissues, and neither of you wants what the other has.""},{""term"":""Medium of Exchange"",""definition"":"""",""match"":""Using gold coins to buy an apple instead of having to find a specific trade partner who wants your spare staples.""},{""term"":""Scarcity"",""definition"":"""",""match"":""""},{""term"":""Shortage"",""definition"":"""",""match"":""""},{""term"":""Inflation"",""definition"":"""",""match"":""""},{""term"":""Deflation"",""definition"":"""",""match"":""""},{""term"":""Liquidity"",""definition"":"""",""match"":""""},{""term"":""Monopoly"",""definition"":"""",""match"":""""},{""term"":""Specialization"",""definition"":"""",""match"":""""},{""term"":""Division of Labor"",""definition"":"""",""match"":""""},{""term"":""Incentives"",""definition"":"""",""match"":""""},{""term"":""Rational Self-Interest"",""definition"":"""",""match"":""Students focusing solely on completing their own mission cards to 'survive,' regardless of how it impacted the rest of the market.""},{""term"":""The Invisible Hand"",""definition"":"""",""match"":""Prices for bread and wheat adjusting naturally based on student demand after the drought, without Prof Smith setting a price.""},{""term"":""Competition"",""definition"":"""",""match"":""""}]","["""","""",""""]",,,,,Trading a power bank directly for a box of tissues without using any money.,,"Failing to trade because you have cards but the other person needs tissues, and neither of you wants what the other has.",,Using gold coins to buy an apple instead of having to find a specific trade partner who wants your spare staples.,,,,,,,,,,,,,,,,,,,,"Students focusing solely on completing their own mission cards to 'survive,' regardless of how it impacted the rest of the market.",,"Prices for bread and wheat adjusting naturally based on student demand after the drought, without Prof Smith setting a price.",,
3/27/2026 15:20:42,27777,Peyton C,"[{""term"":""Barter"",""definition"":"""",""match"":""Trading a power bank directly for a box of tissues without using any money.""},{""term"":""Double Coincidence of Wants"",""definition"":"""",""match"":""Failing to trade because you have cards but the other person needs tissues, and neither of you wants what the other has.""},{""term"":""Medium of Exchange"",""definition"":"""",""match"":""Using gold coins to buy an apple instead of having to find a specific trade partner who wants your spare staples.""},{""term"":""Scarcity"",""definition"":"""",""match"":""The fundamental problem that there wasn't enough bread printed for everyone in the room to finish their mission cards.""},{""term"":""Shortage"",""definition"":"""",""match"":""""},{""term"":""Inflation"",""definition"":"""",""match"":""""},{""term"":""Deflation"",""definition"":"""",""match"":""""},{""term"":""Liquidity"",""definition"":"""",""match"":""""},{""term"":""Monopoly"",""definition"":"""",""match"":""""},{""term"":""Specialization"",""definition"":"""",""match"":""""},{""term"":""Division of Labor"",""definition"":"""",""match"":""""},{""term"":""Incentives"",""definition"":"""",""match"":""""},{""term"":""Rational Self-Interest"",""definition"":"""",""match"":""Students focusing solely on completing their own mission cards to 'survive,' regardless of how it impacted the rest of the market.""},{""term"":""The Invisible Hand"",""definition"":"""",""match"":""Prices for bread and wheat adjusting naturally based on student demand after the drought, without Prof Smith setting a price.""},{""term"":""Competition"",""definition"":"""",""match"":""""}]","["""","""",""""]",,,,,Trading a power bank directly for a box of tissues without using any money.,,"Failing to trade because you have cards but the other person needs tissues, and neither of you wants what the other has.",,Using gold coins to buy an apple instead of having to find a specific trade partner who wants your spare staples.,,The fundamental problem that there wasn't enough bread printed for everyone in the room to finish their mission cards.,,,,,,,,,,,,,,,,,,"Students focusing solely on completing their own mission cards to 'survive,' regardless of how it impacted the rest of the market.",,"Prices for bread and wheat adjusting naturally based on student demand after the drought, without Prof Smith setting a price.",,
3/27/2026 15:20:56,27777,Peyton C,"[{""term"":""Barter"",""definition"":"""",""match"":""Trading a power bank directly for a box of tissues without using any money.""},{""term"":""Double Coincidence of Wants"",""definition"":"""",""match"":""Failing to trade because you have cards but the other person needs tissues, and neither of you wants what the other has.""},{""term"":""Medium of Exchange"",""definition"":"""",""match"":""Using gold coins to buy an apple instead of having to find a specific trade partner who wants your spare staples.""},{""term"":""Scarcity"",""definition"":"""",""match"":""The fundamental problem that there wasn't enough bread printed for everyone in the room to finish their mission cards.""},{""term"":""Shortage"",""definition"":"""",""match"":""The situation after the 'drought' where the sudden removal of wheat meant many students couldn't find any, despite having the money.""},{""term"":""Inflation"",""definition"":"""",""match"":""""},{""term"":""Deflation"",""definition"":"""",""match"":""""},{""term"":""Liquidity"",""definition"":"""",""match"":""""},{""term"":""Monopoly"",""definition"":"""",""match"":""""},{""term"":""Specialization"",""definition"":"""",""match"":""""},{""term"":""Division of Labor"",""definition"":"""",""match"":""""},{""term"":""Incentives"",""definition"":"""",""match"":""""},{""term"":""Rational Self-Interest"",""definition"":"""",""match"":""Students focusing solely on completing their own mission cards to 'survive,' regardless of how it impacted the rest of the market.""},{""term"":""The Invisible Hand"",""definition"":"""",""match"":""Prices for bread and wheat adjusting naturally based on student demand after the drought, without Prof Smith setting a price.""},{""term"":""Competition"",""definition"":"""",""match"":""""}]","["""","""",""""]",,,,,Trading a power bank directly for a box of tissues without using any money.,,"Failing to trade because you have cards but the other person needs tissues, and neither of you wants what the other has.",,Using gold coins to buy an apple instead of having to find a specific trade partner who wants your spare staples.,,The fundamental problem that there wasn't enough bread printed for everyone in the room to finish their mission cards.,,"The situation after the 'drought' where the sudden removal of wheat meant many students couldn't find any, despite having the money.",,,,,,,,,,,,,,,,"Students focusing solely on completing their own mission cards to 'survive,' regardless of how it impacted the rest of the market.",,"Prices for bread and wheat adjusting naturally based on student demand after the drought, without Prof Smith setting a price.",,
3/27/2026 15:21:12,27777,Peyton C,"[{""term"":""Barter"",""definition"":"""",""match"":""Trading a power bank directly for a box of tissues without using any money.""},{""term"":""Double Coincidence of Wants"",""definition"":"""",""match"":""Failing to trade because you have cards but the other person needs tissues, and neither of you wants what the other has.""},{""term"":""Medium of Exchange"",""definition"":"""",""match"":""Using gold coins to buy an apple instead of having to find a specific trade partner who wants your spare staples.""},{""term"":""Scarcity"",""definition"":"""",""match"":""The fundamental problem that there wasn't enough bread printed for everyone in the room to finish their mission cards.""},{""term"":""Shortage"",""definition"":"""",""match"":""The situation after the 'drought' where the sudden removal of wheat meant many students couldn't find any, despite having the money.""},{""term"":""Inflation"",""definition"":"""",""match"":""A general rise in prices across the room because Prof Smith injected more cash into the system.""},{""term"":""Deflation"",""definition"":"""",""match"":""""},{""term"":""Liquidity"",""definition"":"""",""match"":""""},{""term"":""Monopoly"",""definition"":"""",""match"":""""},{""term"":""Specialization"",""definition"":"""",""match"":""""},{""term"":""Division of Labor"",""definition"":"""",""match"":""""},{""term"":""Incentives"",""definition"":"""",""match"":""""},{""term"":""Rational Self-Interest"",""definition"":"""",""match"":""Students focusing solely on completing their own mission cards to 'survive,' regardless of how it impacted the rest of the market.""},{""term"":""The Invisible Hand"",""definition"":"""",""match"":""Prices for bread and wheat adjusting naturally based on student demand after the drought, without Prof Smith setting a price.""},{""term"":""Competition"",""definition"":"""",""match"":""""}]","["""","""",""""]",,,,,Trading a power bank directly for a box of tissues without using any money.,,"Failing to trade because you have cards but the other person needs tissues, and neither of you wants what the other has.",,Using gold coins to buy an apple instead of having to find a specific trade partner who wants your spare staples.,,The fundamental problem that there wasn't enough bread printed for everyone in the room to finish their mission cards.,,"The situation after the 'drought' where the sudden removal of wheat meant many students couldn't find any, despite having the money.",,A general rise in prices across the room because Prof Smith injected more cash into the system.,,,,,,,,,,,,,,"Students focusing solely on completing their own mission cards to 'survive,' regardless of how it impacted the rest of the market.",,"Prices for bread and wheat adjusting naturally based on student demand after the drought, without Prof Smith setting a price.",,
3/27/2026 15:21:57,27777,Peyton C,"[{""term"":""Barter"",""definition"":"""",""match"":""Trading a power bank directly for a box of tissues without using any money.""},{""term"":""Double Coincidence of Wants"",""definition"":"""",""match"":""Failing to trade because you have cards but the other person needs tissues, and neither of you wants what the other has.""},{""term"":""Medium of Exchange"",""definition"":"""",""match"":""Using gold coins to buy an apple instead of having to find a specific trade partner who wants your spare staples.""},{""term"":""Scarcity"",""definition"":"""",""match"":""The fundamental problem that there wasn't enough bread printed for everyone in the room to finish their mission cards.""},{""term"":""Shortage"",""definition"":"""",""match"":""The situation after the 'drought' where the sudden removal of wheat meant many students couldn't find any, despite having the money.""},{""term"":""Inflation"",""definition"":"""",""match"":""A general rise in prices across the room because Prof Smith injected more cash into the system.""},{""term"":""Deflation"",""definition"":"""",""match"":""Prices for bookmarks dropping because Prof Smith only had 29 gold coins and couldn't afford to pay the original price.""},{""term"":""Liquidity"",""definition"":"""",""match"":""""},{""term"":""Monopoly"",""definition"":"""",""match"":""""},{""term"":""Specialization"",""definition"":"""",""match"":""""},{""term"":""Division of Labor"",""definition"":"""",""match"":""""},{""term"":""Incentives"",""definition"":"""",""match"":""""},{""term"":""Rational Self-Interest"",""definition"":"""",""match"":""Students focusing solely on completing their own mission cards to 'survive,' regardless of how it impacted the rest of the market.""},{""term"":""The Invisible Hand"",""definition"":"""",""match"":""Prices for bread and wheat adjusting naturally based on student demand after the drought, without Prof Smith setting a price.""},{""term"":""Competition"",""definition"":"""",""match"":""""}]","["""","""",""""]",,,,,Trading a power bank directly for a box of tissues without using any money.,,"Failing to trade because you have cards but the other person needs tissues, and neither of you wants what the other has.",,Using gold coins to buy an apple instead of having to find a specific trade partner who wants your spare staples.,,The fundamental problem that there wasn't enough bread printed for everyone in the room to finish their mission cards.,,"The situation after the 'drought' where the sudden removal of wheat meant many students couldn't find any, despite having the money.",,A general rise in prices across the room because Prof Smith injected more cash into the system.,,Prices for bookmarks dropping because Prof Smith only had 29 gold coins and couldn't afford to pay the original price.,,,,,,,,,,,,"Students focusing solely on completing their own mission cards to 'survive,' regardless of how it impacted the rest of the market.",,"Prices for bread and wheat adjusting naturally based on student demand after the drought, without Prof Smith setting a price.",,
3/27/2026 15:22:06,27777,Peyton C,"[{""term"":""Barter"",""definition"":"""",""match"":""Trading a power bank directly for a box of tissues without using any money.""},{""term"":""Double Coincidence of Wants"",""definition"":"""",""match"":""Failing to trade because you have cards but the other person needs tissues, and neither of you wants what the other has.""},{""term"":""Medium of Exchange"",""definition"":"""",""match"":""Using gold coins to buy an apple instead of having to find a specific trade partner who wants your spare staples.""},{""term"":""Scarcity"",""definition"":"""",""match"":""The fundamental problem that there wasn't enough bread printed for everyone in the room to finish their mission cards.""},{""term"":""Shortage"",""definition"":"""",""match"":""The situation after the 'drought' where the sudden removal of wheat meant many students couldn't find any, despite having the money.""},{""term"":""Inflation"",""definition"":"""",""match"":""A general rise in prices across the room because Prof Smith injected more cash into the system.""},{""term"":""Deflation"",""definition"":"""",""match"":""Prices for bookmarks dropping because Prof Smith only had 29 gold coins and couldn't afford to pay the original price.""},{""term"":""Liquidity"",""definition"":"""",""match"":""Prof Smith randomly dropping extra dollar bills onto students' desks to increase the amount of cash available for trading.""},{""term"":""Monopoly"",""definition"":"""",""match"":""""},{""term"":""Specialization"",""definition"":"""",""match"":""""},{""term"":""Division of Labor"",""definition"":"""",""match"":""""},{""term"":""Incentives"",""definition"":"""",""match"":""""},{""term"":""Rational Self-Interest"",""definition"":"""",""match"":""Students focusing solely on completing their own mission cards to 'survive,' regardless of how it impacted the rest of the market.""},{""term"":""The Invisible Hand"",""definition"":"""",""match"":""Prices for bread and wheat adjusting naturally based on student demand after the drought, without Prof Smith setting a price.""},{""term"":""Competition"",""definition"":"""",""match"":""""}]","["""","""",""""]",,,,,Trading a power bank directly for a box of tissues without using any money.,,"Failing to trade because you have cards but the other person needs tissues, and neither of you wants what the other has.",,Using gold coins to buy an apple instead of having to find a specific trade partner who wants your spare staples.,,The fundamental problem that there wasn't enough bread printed for everyone in the room to finish their mission cards.,,"The situation after the 'drought' where the sudden removal of wheat meant many students couldn't find any, despite having the money.",,A general rise in prices across the room because Prof Smith injected more cash into the system.,,Prices for bookmarks dropping because Prof Smith only had 29 gold coins and couldn't afford to pay the original price.,,Prof Smith randomly dropping extra dollar bills onto students' desks to increase the amount of cash available for trading.,,,,,,,,,,"Students focusing solely on completing their own mission cards to 'survive,' regardless of how it impacted the rest of the market.",,"Prices for bread and wheat adjusting naturally based on student demand after the drought, without Prof Smith setting a price.",,
3/27/2026 15:22:17,27777,Peyton C,"[{""term"":""Barter"",""definition"":"""",""match"":""Trading a power bank directly for a box of tissues without using any money.""},{""term"":""Double Coincidence of Wants"",""definition"":"""",""match"":""Failing to trade because you have cards but the other person needs tissues, and neither of you wants what the other has.""},{""term"":""Medium of Exchange"",""definition"":"""",""match"":""Using gold coins to buy an apple instead of having to find a specific trade partner who wants your spare staples.""},{""term"":""Scarcity"",""definition"":"""",""match"":""The fundamental problem that there wasn't enough bread printed for everyone in the room to finish their mission cards.""},{""term"":""Shortage"",""definition"":"""",""match"":""The situation after the 'drought' where the sudden removal of wheat meant many students couldn't find any, despite having the money.""},{""term"":""Inflation"",""definition"":"""",""match"":""A general rise in prices across the room because Prof Smith injected more cash into the system.""},{""term"":""Deflation"",""definition"":"""",""match"":""Prices for bookmarks dropping because Prof Smith only had 29 gold coins and couldn't afford to pay the original price.""},{""term"":""Liquidity"",""definition"":"""",""match"":""Prof Smith randomly dropping extra dollar bills onto students' desks to increase the amount of cash available for trading.""},{""term"":""Monopoly"",""definition"":"""",""match"":""The 'Dead' students in the graveyard being the only ones left with wheat and charging whatever they wanted because there was no competition.""},{""term"":""Specialization"",""definition"":"""",""match"":""""},{""term"":""Division of Labor"",""definition"":"""",""match"":""""},{""term"":""Incentives"",""definition"":"""",""match"":""""},{""term"":""Rational Self-Interest"",""definition"":"""",""match"":""Students focusing solely on completing their own mission cards to 'survive,' regardless of how it impacted the rest of the market.""},{""term"":""The Invisible Hand"",""definition"":"""",""match"":""Prices for bread and wheat adjusting naturally based on student demand after the drought, without Prof Smith setting a price.""},{""term"":""Competition"",""definition"":"""",""match"":""""}]","["""","""",""""]",,,,,Trading a power bank directly for a box of tissues without using any money.,,"Failing to trade because you have cards but the other person needs tissues, and neither of you wants what the other has.",,Using gold coins to buy an apple instead of having to find a specific trade partner who wants your spare staples.,,The fundamental problem that there wasn't enough bread printed for everyone in the room to finish their mission cards.,,"The situation after the 'drought' where the sudden removal of wheat meant many students couldn't find any, despite having the money.",,A general rise in prices across the room because Prof Smith injected more cash into the system.,,Prices for bookmarks dropping because Prof Smith only had 29 gold coins and couldn't afford to pay the original price.,,Prof Smith randomly dropping extra dollar bills onto students' desks to increase the amount of cash available for trading.,,The 'Dead' students in the graveyard being the only ones left with wheat and charging whatever they wanted because there was no competition.,,,,,,,,"Students focusing solely on completing their own mission cards to 'survive,' regardless of how it impacted the rest of the market.",,"Prices for bread and wheat adjusting naturally based on student demand after the drought, without Prof Smith setting a price.",,
3/27/2026 15:22:38,27777,Peyton C,"[{""term"":""Barter"",""definition"":"""",""match"":""Trading a power bank directly for a box of tissues without using any money.""},{""term"":""Double Coincidence of Wants"",""definition"":"""",""match"":""Failing to trade because you have cards but the other person needs tissues, and neither of you wants what the other has.""},{""term"":""Medium of Exchange"",""definition"":"""",""match"":""Using gold coins to buy an apple instead of having to find a specific trade partner who wants your spare staples.""},{""term"":""Scarcity"",""definition"":"""",""match"":""The fundamental problem that there wasn't enough bread printed for everyone in the room to finish their mission cards.""},{""term"":""Shortage"",""definition"":"""",""match"":""The situation after the 'drought' where the sudden removal of wheat meant many students couldn't find any, despite having the money.""},{""term"":""Inflation"",""definition"":"""",""match"":""A general rise in prices across the room because Prof Smith injected more cash into the system.""},{""term"":""Deflation"",""definition"":"""",""match"":""Prices for bookmarks dropping because Prof Smith only had 29 gold coins and couldn't afford to pay the original price.""},{""term"":""Liquidity"",""definition"":"""",""match"":""Prof Smith randomly dropping extra dollar bills onto students' desks to increase the amount of cash available for trading.""},{""term"":""Monopoly"",""definition"":"""",""match"":""The 'Dead' students in the graveyard being the only ones left with wheat and charging whatever they wanted because there was no competition.""},{""term"":""Specialization"",""definition"":"""",""match"":""One student focusing only on cutting paper while another focused only on taping to increase their total output of bookmarks.""},{""term"":""Division of Labor"",""definition"":"""",""match"":""""},{""term"":""Incentives"",""definition"":"""",""match"":""""},{""term"":""Rational Self-Interest"",""definition"":"""",""match"":""Students focusing solely on completing their own mission cards to 'survive,' regardless of how it impacted the rest of the market.""},{""term"":""The Invisible Hand"",""definition"":"""",""match"":""Prices for bread and wheat adjusting naturally based on student demand after the drought, without Prof Smith setting a price.""},{""term"":""Competition"",""definition"":"""",""match"":""""}]","["""","""",""""]",,,,,Trading a power bank directly for a box of tissues without using any money.,,"Failing to trade because you have cards but the other person needs tissues, and neither of you wants what the other has.",,Using gold coins to buy an apple instead of having to find a specific trade partner who wants your spare staples.,,The fundamental problem that there wasn't enough bread printed for everyone in the room to finish their mission cards.,,"The situation after the 'drought' where the sudden removal of wheat meant many students couldn't find any, despite having the money.",,A general rise in prices across the room because Prof Smith injected more cash into the system.,,Prices for bookmarks dropping because Prof Smith only had 29 gold coins and couldn't afford to pay the original price.,,Prof Smith randomly dropping extra dollar bills onto students' desks to increase the amount of cash available for trading.,,The 'Dead' students in the graveyard being the only ones left with wheat and charging whatever they wanted because there was no competition.,,One student focusing only on cutting paper while another focused only on taping to increase their total output of bookmarks.,,,,,,"Students focusing solely on completing their own mission cards to 'survive,' regardless of how it impacted the rest of the market.",,"Prices for bread and wheat adjusting naturally based on student demand after the drought, without Prof Smith setting a price.",,
3/27/2026 15:22:52,27777,Peyton C,"[{""term"":""Barter"",""definition"":"""",""match"":""Trading a power bank directly for a box of tissues without using any money.""},{""term"":""Double Coincidence of Wants"",""definition"":"""",""match"":""Failing to trade because you have cards but the other person needs tissues, and neither of you wants what the other has.""},{""term"":""Medium of Exchange"",""definition"":"""",""match"":""Using gold coins to buy an apple instead of having to find a specific trade partner who wants your spare staples.""},{""term"":""Scarcity"",""definition"":"""",""match"":""The fundamental problem that there wasn't enough bread printed for everyone in the room to finish their mission cards.""},{""term"":""Shortage"",""definition"":"""",""match"":""The situation after the 'drought' where the sudden removal of wheat meant many students couldn't find any, despite having the money.""},{""term"":""Inflation"",""definition"":"""",""match"":""A general rise in prices across the room because Prof Smith injected more cash into the system.""},{""term"":""Deflation"",""definition"":"""",""match"":""Prices for bookmarks dropping because Prof Smith only had 29 gold coins and couldn't afford to pay the original price.""},{""term"":""Liquidity"",""definition"":"""",""match"":""Prof Smith randomly dropping extra dollar bills onto students' desks to increase the amount of cash available for trading.""},{""term"":""Monopoly"",""definition"":"""",""match"":""The 'Dead' students in the graveyard being the only ones left with wheat and charging whatever they wanted because there was no competition.""},{""term"":""Specialization"",""definition"":"""",""match"":""One student focusing only on cutting paper while another focused only on taping to increase their total output of bookmarks.""},{""term"":""Division of Labor"",""definition"":"""",""match"":""Breaking the bookmark-making process into a 'factory line' where each person performed one specific task.""},{""term"":""Incentives"",""definition"":"""",""match"":""""},{""term"":""Rational Self-Interest"",""definition"":"""",""match"":""Students focusing solely on completing their own mission cards to 'survive,' regardless of how it impacted the rest of the market.""},{""term"":""The Invisible Hand"",""definition"":"""",""match"":""Prices for bread and wheat adjusting naturally based on student demand after the drought, without Prof Smith setting a price.""},{""term"":""Competition"",""definition"":"""",""match"":""""}]","["""","""",""""]",,,,,Trading a power bank directly for a box of tissues without using any money.,,"Failing to trade because you have cards but the other person needs tissues, and neither of you wants what the other has.",,Using gold coins to buy an apple instead of having to find a specific trade partner who wants your spare staples.,,The fundamental problem that there wasn't enough bread printed for everyone in the room to finish their mission cards.,,"The situation after the 'drought' where the sudden removal of wheat meant many students couldn't find any, despite having the money.",,A general rise in prices across the room because Prof Smith injected more cash into the system.,,Prices for bookmarks dropping because Prof Smith only had 29 gold coins and couldn't afford to pay the original price.,,Prof Smith randomly dropping extra dollar bills onto students' desks to increase the amount of cash available for trading.,,The 'Dead' students in the graveyard being the only ones left with wheat and charging whatever they wanted because there was no competition.,,One student focusing only on cutting paper while another focused only on taping to increase their total output of bookmarks.,,Breaking the bookmark-making process into a 'factory line' where each person performed one specific task.,,,,"Students focusing solely on completing their own mission cards to 'survive,' regardless of how it impacted the rest of the market.",,"Prices for bread and wheat adjusting naturally based on student demand after the drought, without Prof Smith setting a price.",,
3/27/2026 15:23:13,27777,Peyton C,"[{""term"":""Barter"",""definition"":"""",""match"":""Trading a power bank directly for a box of tissues without using any money.""},{""term"":""Double Coincidence of Wants"",""definition"":"""",""match"":""Failing to trade because you have cards but the other person needs tissues, and neither of you wants what the other has.""},{""term"":""Medium of Exchange"",""definition"":"""",""match"":""Using gold coins to buy an apple instead of having to find a specific trade partner who wants your spare staples.""},{""term"":""Scarcity"",""definition"":"""",""match"":""The fundamental problem that there wasn't enough bread printed for everyone in the room to finish their mission cards.""},{""term"":""Shortage"",""definition"":"""",""match"":""The situation after the 'drought' where the sudden removal of wheat meant many students couldn't find any, despite having the money.""},{""term"":""Inflation"",""definition"":"""",""match"":""A general rise in prices across the room because Prof Smith injected more cash into the system.""},{""term"":""Deflation"",""definition"":"""",""match"":""Prices for bookmarks dropping because Prof Smith only had 29 gold coins and couldn't afford to pay the original price.""},{""term"":""Liquidity"",""definition"":"""",""match"":""Prof Smith randomly dropping extra dollar bills onto students' desks to increase the amount of cash available for trading.""},{""term"":""Monopoly"",""definition"":"""",""match"":""The 'Dead' students in the graveyard being the only ones left with wheat and charging whatever they wanted because there was no competition.""},{""term"":""Specialization"",""definition"":"""",""match"":""One student focusing only on cutting paper while another focused only on taping to increase their total output of bookmarks.""},{""term"":""Division of Labor"",""definition"":"""",""match"":""Breaking the bookmark-making process into a 'factory line' where each person performed one specific task.""},{""term"":""Incentives"",""definition"":"""",""match"":""Students forming 'corporations' because they realized they could earn more gold coins by working together than as individuals.""},{""term"":""Rational Self-Interest"",""definition"":"""",""match"":""Students focusing solely on completing their own mission cards to 'survive,' regardless of how it impacted the rest of the market.""},{""term"":""The Invisible Hand"",""definition"":"""",""match"":""Prices for bread and wheat adjusting naturally based on student demand after the drought, without Prof Smith setting a price.""},{""term"":""Competition"",""definition"":"""",""match"":""""}]","["""","""",""""]",,,,,Trading a power bank directly for a box of tissues without using any money.,,"Failing to trade because you have cards but the other person needs tissues, and neither of you wants what the other has.",,Using gold coins to buy an apple instead of having to find a specific trade partner who wants your spare staples.,,The fundamental problem that there wasn't enough bread printed for everyone in the room to finish their mission cards.,,"The situation after the 'drought' where the sudden removal of wheat meant many students couldn't find any, despite having the money.",,A general rise in prices across the room because Prof Smith injected more cash into the system.,,Prices for bookmarks dropping because Prof Smith only had 29 gold coins and couldn't afford to pay the original price.,,Prof Smith randomly dropping extra dollar bills onto students' desks to increase the amount of cash available for trading.,,The 'Dead' students in the graveyard being the only ones left with wheat and charging whatever they wanted because there was no competition.,,One student focusing only on cutting paper while another focused only on taping to increase their total output of bookmarks.,,Breaking the bookmark-making process into a 'factory line' where each person performed one specific task.,,Students forming 'corporations' because they realized they could earn more gold coins by working together than as individuals.,,"Students focusing solely on completing their own mission cards to 'survive,' regardless of how it impacted the rest of the market.",,"Prices for bread and wheat adjusting naturally based on student demand after the drought, without Prof Smith setting a price.",,
3/27/2026 15:23:20,27777,Peyton C,"[{""term"":""Barter"",""definition"":"""",""match"":""Trading a power bank directly for a box of tissues without using any money.""},{""term"":""Double Coincidence of Wants"",""definition"":"""",""match"":""Failing to trade because you have cards but the other person needs tissues, and neither of you wants what the other has.""},{""term"":""Medium of Exchange"",""definition"":"""",""match"":""Using gold coins to buy an apple instead of having to find a specific trade partner who wants your spare staples.""},{""term"":""Scarcity"",""definition"":"""",""match"":""The fundamental problem that there wasn't enough bread printed for everyone in the room to finish their mission cards.""},{""term"":""Shortage"",""definition"":"""",""match"":""The situation after the 'drought' where the sudden removal of wheat meant many students couldn't find any, despite having the money.""},{""term"":""Inflation"",""definition"":"""",""match"":""A general rise in prices across the room because Prof Smith injected more cash into the system.""},{""term"":""Deflation"",""definition"":"""",""match"":""Prices for bookmarks dropping because Prof Smith only had 29 gold coins and couldn't afford to pay the original price.""},{""term"":""Liquidity"",""definition"":"""",""match"":""Prof Smith randomly dropping extra dollar bills onto students' desks to increase the amount of cash available for trading.""},{""term"":""Monopoly"",""definition"":"""",""match"":""The 'Dead' students in the graveyard being the only ones left with wheat and charging whatever they wanted because there was no competition.""},{""term"":""Specialization"",""definition"":"""",""match"":""One student focusing only on cutting paper while another focused only on taping to increase their total output of bookmarks.""},{""term"":""Division of Labor"",""definition"":"""",""match"":""Breaking the bookmark-making process into a 'factory line' where each person performed one specific task.""},{""term"":""Incentives"",""definition"":"""",""match"":""Students forming 'corporations' because they realized they could earn more gold coins by working together than as individuals.""},{""term"":""Rational Self-Interest"",""definition"":"""",""match"":""Students focusing solely on completing their own mission cards to 'survive,' regardless of how it impacted the rest of the market.""},{""term"":""The Invisible Hand"",""definition"":"""",""match"":""Prices for bread and wheat adjusting naturally based on student demand after the drought, without Prof Smith setting a price.""},{""term"":""Competition"",""definition"":"""",""match"":""The 'Artisan' student producing a single high-quality bookmark while the 'Corporation' next to him produced ten faster, forcing everyone to consider price vs. quality.""}]","["""","""",""""]",,,,,Trading a power bank directly for a box of tissues without using any money.,,"Failing to trade because you have cards but the other person needs tissues, and neither of you wants what the other has.",,Using gold coins to buy an apple instead of having to find a specific trade partner who wants your spare staples.,,The fundamental problem that there wasn't enough bread printed for everyone in the room to finish their mission cards.,,"The situation after the 'drought' where the sudden removal of wheat meant many students couldn't find any, despite having the money.",,A general rise in prices across the room because Prof Smith injected more cash into the system.,,Prices for bookmarks dropping because Prof Smith only had 29 gold coins and couldn't afford to pay the original price.,,Prof Smith randomly dropping extra dollar bills onto students' desks to increase the amount of cash available for trading.,,The 'Dead' students in the graveyard being the only ones left with wheat and charging whatever they wanted because there was no competition.,,One student focusing only on cutting paper while another focused only on taping to increase their total output of bookmarks.,,Breaking the bookmark-making process into a 'factory line' where each person performed one specific task.,,Students forming 'corporations' because they realized they could earn more gold coins by working together than as individuals.,,"Students focusing solely on completing their own mission cards to 'survive,' regardless of how it impacted the rest of the market.",,"Prices for bread and wheat adjusting naturally based on student demand after the drought, without Prof Smith setting a price.",,"The 'Artisan' student producing a single high-quality bookmark while the 'Corporation' next to him produced ten faster, forcing everyone to consider price vs. quality."
3/30/2026 20:46:30,201108,ReyhaK,"[{""term"":""Barter"",""definition"":""Barter is when you make a trade with someone without using money and only use goods. "",""match"":""Trading a power bank directly for a box of tissues without using any money.""},{""term"":""Double Coincidence of Wants"",""definition"":""When you have a specific item and are looking for another specific item and you find someone who has what you want and they have exactly what they want. "",""match"":""Failing to trade because you have cards but the other person needs tissues, and neither of you wants what the other has.""},{""term"":""Medium of Exchange"",""definition"":""Medium of exchange is when you decide to trade for a good but instead of you using a good to trade you use a form of currency. "",""match"":""Using gold coins to buy an apple instead of having to find a specific trade partner who wants your spare staples.""},{""term"":""Scarcity"",""definition"":""When the amount of wants and needs are unlimited but the amount of resources are limited. "",""match"":""The fundamental problem that there wasn't enough bread printed for everyone in the room to finish their mission cards.""},{""term"":""Shortage"",""definition"":""When the item of goods wanted are not available due to the lack of production. "",""match"":""The situation after the 'drought' where the sudden removal of wheat meant many students couldn't find any, despite having the money.""},{""term"":""Inflation"",""definition"":""When the price of a product increases resulting in less demand and purchases of the product."",""match"":""Mr Waugh randomly dropping extra dollar bills onto students' desks to increase the amount of cash available for trading.""},{""term"":""Deflation"",""definition"":""when the price of an item decreases resulting in the society purchasing it more. "",""match"":""Prices for bookmarks dropping because Mr Waugh only had 29 gold coins and couldn't afford to pay the original price.""},{""term"":""Liquidity"",""definition"":""The availability of liquid assets such as cash within a market. "",""match"":""A general rise in prices across the room because Mr Waugh injected more cash into the system.""},{""term"":""Monopoly"",""definition"":""when there is only one available resource to the public when it comes to purchasing goods."",""match"":""The 'Dead' students in the graveyard being the only ones left with wheat and charging whatever they wanted because there was no competition.""},{""term"":""Specialization"",""definition"":""when individuals decide to work together by forming a company or working as a team in order to produce more goods at a more efficient pace. "",""match"":""Breaking the bookmark-making process into a 'factory line' where each person performed one specific task.""},{""term"":""Division of Labor"",""definition"":""a team of individuals splitting their tasks to focus on what is more in their skill set. "",""match"":""One student focusing only on cutting paper while another focused only on taping to increase their total output of bookmarks.""},{""term"":""Incentives"",""definition"":""when people realize that they could be making more money at an efficient pace by working together resulting in producing more money."",""match"":""Students forming 'corporations' because they realized they could earn more gold coins by working together than as individuals.""},{""term"":""Rational Self-Interest"",""definition"":""Individuals choosing to work by themselves regardless of whether or not they will make higher production rate in a group. "",""match"":""Students focusing solely on completing their own mission cards to 'survive,' regardless of how it impacted the rest of the market.""},{""term"":""The Invisible Hand"",""definition"":""the result of how the market fluctuates just based on how people react to prices and supply rates ."",""match"":""Prices for bread and wheat adjusting naturally based on student demand after the drought, without Mr Waugh setting a price.""},{""term"":""Competition"",""definition"":""when there are multiple markets or goods available to individuals. "",""match"":""The 'Artisan' student producing a single high-quality bookmark while the 'Corporation' next to him produced ten faster, forcing everyone to consider price vs. quality.""}]","[""The market began chaotic due to the lack of a currency that was able to settle everyone. The prices were able to settle because everyone was given a few dollars which was now used to be apart of the trade allowing everyone to have a set price just fall into place. "",""I was able to the wheat prior to the drought. That had made me much more strict in terms of my selling price and how I bargained to make deals which would benefit me. "",""By creating a division of labor the groups were able to make quicker and a higher amount of bookmarks as a team. The quality had gone down slightly but there had still been an increase in bookmarks produced. ""]",The market began chaotic due to the lack of a currency that was able to settle everyone. The prices were able to settle because everyone was given a few dollars which was now used to be apart of the trade allowing everyone to have a set price just fall into place. ,I was able to the wheat prior to the drought. That had made me much more strict in terms of my selling price and how I bargained to make deals which would benefit me. ,By creating a division of labor the groups were able to make quicker and a higher amount of bookmarks as a team. The quality had gone down slightly but there had still been an increase in bookmarks produced. ,Barter is when you make a trade with someone without using money and only use goods. ,Trading a power bank directly for a box of tissues without using any money.,When you have a specific item and are looking for another specific item and you find someone who has what you want and they have exactly what they want. ,"Failing to trade because you have cards but the other person needs tissues, and neither of you wants what the other has.",Medium of exchange is when you decide to trade for a good but instead of you using a good to trade you use a form of currency. ,Using gold coins to buy an apple instead of having to find a specific trade partner who wants your spare staples.,When the amount of wants and needs are unlimited but the amount of resources are limited. ,The fundamental problem that there wasn't enough bread printed for everyone in the room to finish their mission cards.,When the item of goods wanted are not available due to the lack of production. ,"The situation after the 'drought' where the sudden removal of wheat meant many students couldn't find any, despite having the money.",When the price of a product increases resulting in less demand and purchases of the product.,Mr Waugh randomly dropping extra dollar bills onto students' desks to increase the amount of cash available for trading.,when the price of an item decreases resulting in the society purchasing it more. ,Prices for bookmarks dropping because Mr Waugh only had 29 gold coins and couldn't afford to pay the original price.,The availability of liquid assets such as cash within a market. ,A general rise in prices across the room because Mr Waugh injected more cash into the system.,when there is only one available resource to the public when it comes to purchasing goods.,The 'Dead' students in the graveyard being the only ones left with wheat and charging whatever they wanted because there was no competition.,when individuals decide to work together by forming a company or working as a team in order to produce more goods at a more efficient pace. ,Breaking the bookmark-making process into a 'factory line' where each person performed one specific task.,a team of individuals splitting their tasks to focus on what is more in their skill set. ,One student focusing only on cutting paper while another focused only on taping to increase their total output of bookmarks.,when people realize that they could be making more money at an efficient pace by working together resulting in producing more money.,Students forming 'corporations' because they realized they could earn more gold coins by working together than as individuals.,Individuals choosing to work by themselves regardless of whether or not they will make higher production rate in a group. ,"Students focusing solely on completing their own mission cards to 'survive,' regardless of how it impacted the rest of the market.",the result of how the market fluctuates just based on how people react to prices and supply rates .,"Prices for bread and wheat adjusting naturally based on student demand after the drought, without Mr Waugh setting a price.",when there are multiple markets or goods available to individuals. ,"The 'Artisan' student producing a single high-quality bookmark while the 'Corporation' next to him produced ten faster, forcing everyone to consider price vs. quality."
3/30/2026 11:05:54,Zxywavi,Riley ,"[{""term"":""Barter"",""definition"":"""",""match"":""Trading a power bank directly for a box of tissues without using any money.""},{""term"":""Double Coincidence of Wants"",""definition"":"""",""match"":""Failing to trade because you have cards but the other person needs tissues, and neither of you wants what the other has.""},{""term"":""Medium of Exchange"",""definition"":"""",""match"":""Using gold coins to buy an apple instead of having to find a specific trade partner who wants your spare staples.""},{""term"":""Scarcity"",""definition"":"""",""match"":""The fundamental problem that there wasn't enough bread printed for everyone in the room to finish their mission cards.""},{""term"":""Shortage"",""definition"":"""",""match"":""The situation after the 'drought' where the sudden removal of wheat meant many students couldn't find any, despite having the money.""},{""term"":""Inflation"",""definition"":"""",""match"":""A general rise in prices across the room because Mr Waugh injected more cash into the system.""},{""term"":""Deflation"",""definition"":"""",""match"":""Prices for bookmarks dropping because Mr Waugh only had 29 gold coins and couldn't afford to pay the original price.""},{""term"":""Liquidity"",""definition"":"""",""match"":""Students focusing solely on completing their own mission cards to 'survive,' regardless of how it impacted the rest of the market.""},{""term"":""Monopoly"",""definition"":"""",""match"":""The 'Dead' students in the graveyard being the only ones left with wheat and charging whatever they wanted because there was no competition.""},{""term"":""Specialization"",""definition"":"""",""match"":""One student focusing only on cutting paper while another focused only on taping to increase their total output of bookmarks.""},{""term"":""Division of Labor"",""definition"":"""",""match"":""Breaking the bookmark-making process into a 'factory line' where each person performed one specific task.""},{""term"":""Incentives"",""definition"":"""",""match"":""Mr Waugh randomly dropping extra dollar bills onto students' desks to increase the amount of cash available for trading.""},{""term"":""Rational Self-Interest"",""definition"":"""",""match"":""Students forming 'corporations' because they realized they could earn more gold coins by working together than as individuals.""},{""term"":""The Invisible Hand"",""definition"":"""",""match"":""Prices for bread and wheat adjusting naturally based on student demand after the drought, without Mr Waugh setting a price.""},{""term"":""Competition"",""definition"":"""",""match"":""The 'Artisan' student producing a single high-quality bookmark while the 'Corporation' next to him produced ten faster, forcing everyone to consider price vs. quality.""}]","[""At first the market was messy because everyone was figuring out what to trade and what to pay. Over time prices settled like one dollar for apples because buyers and sellers decided what was fair. The market balanced itself without Prof Smith telling anyone the price."",""When the drought happened and wheat was hard to find I changed my strategy. I tried to get the resources I needed and some students worked together while others competed to survive. Scarcity made it important to plan and trade carefully."",""A team using division of labor was faster than one person making a whole bookmark. One person cut the paper another taped and another decorated. Each person got better at their job and we made more bookmarks in less time.""]",At first the market was messy because everyone was figuring out what to trade and what to pay. Over time prices settled like one dollar for apples because buyers and sellers decided what was fair. The market balanced itself without Prof Smith telling anyone the price.,When the drought happened and wheat was hard to find I changed my strategy. I tried to get the resources I needed and some students worked together while others competed to survive. Scarcity made it important to plan and trade carefully.,A team using division of labor was faster than one person making a whole bookmark. One person cut the paper another taped and another decorated. Each person got better at their job and we made more bookmarks in less time.,,Trading a power bank directly for a box of tissues without using any money.,,"Failing to trade because you have cards but the other person needs tissues, and neither of you wants what the other has.",,Using gold coins to buy an apple instead of having to find a specific trade partner who wants your spare staples.,,The fundamental problem that there wasn't enough bread printed for everyone in the room to finish their mission cards.,,"The situation after the 'drought' where the sudden removal of wheat meant many students couldn't find any, despite having the money.",,A general rise in prices across the room because Mr Waugh injected more cash into the system.,,Prices for bookmarks dropping because Mr Waugh only had 29 gold coins and couldn't afford to pay the original price.,,"Students focusing solely on completing their own mission cards to 'survive,' regardless of how it impacted the rest of the market.",,The 'Dead' students in the graveyard being the only ones left with wheat and charging whatever they wanted because there was no competition.,,One student focusing only on cutting paper while another focused only on taping to increase their total output of bookmarks.,,Breaking the bookmark-making process into a 'factory line' where each person performed one specific task.,,Mr Waugh randomly dropping extra dollar bills onto students' desks to increase the amount of cash available for trading.,,Students forming 'corporations' because they realized they could earn more gold coins by working together than as individuals.,,"Prices for bread and wheat adjusting naturally based on student demand after the drought, without Mr Waugh setting a price.",,"The 'Artisan' student producing a single high-quality bookmark while the 'Corporation' next to him produced ten faster, forcing everyone to consider price vs. quality."
3/31/2026 9:52:15,222222,Seth Boutilier,"[{""term"":""Barter"",""definition"":""Bartering is the direct trade of goods, rather than the trade of goods for funds."",""match"":""Failing to trade because you have cards but the other person needs tissues, and neither of you wants what the other has.""},{""term"":""Double Coincidence of Wants"",""definition"":""The act of trading without a currency, as both parties benefit from the interaction."",""match"":""Trading a power bank directly for a box of tissues without using any money.""},{""term"":""Medium of Exchange"",""definition"":""Medium of exchange is the concept of buying goods with a currency, rather than trading for them with other goods."",""match"":""Using gold coins to buy an apple instead of having to find a specific trade partner who wants your spare staples.""},{""term"":""Scarcity"",""definition"":""Scarcity is the issue of supply never meeting demand. Everything takes some level of effort to acquire, and without free labor, infinite land, and infinite time it is impossible to eliminate the concern of scarcity."",""match"":""The fundamental problem that there wasn't enough bread printed for everyone in the room to finish their mission cards.""},{""term"":""Shortage"",""definition"":""Shortage is a short-term issue causing supply to not meet the demand for a product. People cannot buy a product because there is no product to buy."",""match"":""The situation after the 'drought' where the sudden removal of wheat meant many students couldn't find any, despite having the money.""},{""term"":""Inflation"",""definition"":""Inflation is the devaluation of currency due to an increase of the amount in circulation. This causes an increase in prices to compensate for the decrease in value of goods."",""match"":""A general rise in prices across the room because Mr Waugh injected more cash into the system.""},{""term"":""Deflation"",""definition"":""Deflation is the increase in value of currency due to a lack of money in circulation. This will make prices decrease, because nobody can afford the regular prices causing few units to sell."",""match"":""Prices for bookmarks dropping because Mr Waugh only had 29 gold coins and couldn't afford to pay the original price.""},{""term"":""Liquidity"",""definition"":""Liquidity is the amount of cash in circulation; the part of the economy that isn't goods or services."",""match"":""Mr Waugh randomly dropping extra dollar bills onto students' desks to increase the amount of cash available for trading.""},{""term"":""Monopoly"",""definition"":""A monopoly is one entity having total control over an industry, with no competitors. This means that they get to decide the price of their product without the possibility of being undercut."",""match"":""The 'Dead' students in the graveyard being the only ones left with wheat and charging whatever they wanted because there was no competition.""},{""term"":""Specialization"",""definition"":""Specialization is the increased expertise gained  from doing a specific role as part of division of labor."",""match"":""One student focusing only on cutting paper while another focused only on taping to increase their total output of bookmarks.""},{""term"":""Division of Labor"",""definition"":""Division of labor is the concept of splitting one task into multiple roles to maximize efficiency."",""match"":""Breaking the bookmark-making process into a 'factory line' where each person performed one specific task.""},{""term"":""Incentives"",""definition"":""Incentives are the motivation to maximize profit. Incentives are usually monetary, but could be any improvement to quality of life."",""match"":""Students forming 'corporations' because they realized they could earn more gold coins by working together than as individuals.""},{""term"":""Rational Self-Interest"",""definition"":""The concept of individuals prioritizing their own interests over that of others. One is expected to look after themselves before doing what is in the best interest of those around them."",""match"":""Students focusing solely on completing their own mission cards to 'survive,' regardless of how it impacted the rest of the market.""},{""term"":""The Invisible Hand"",""definition"":""The invisible hand is Adam Smith's analogy to explain a free market. The invisible hand is the idea that everything will sort itself out without government intervention, and that the balance between supply and demand will reach equilibrium."",""match"":""Prices for bread and wheat adjusting naturally based on student demand after the drought, without Mr Waugh setting a price.""},{""term"":""Competition"",""definition"":""Two different businesses producing the same product, forcing consumers to have to decide which business's product they want. Consumers will determine this by factoring in price and quality, and determining what works best for them."",""match"":""The 'Artisan' student producing a single high-quality bookmark while the 'Corporation' next to him produced ten faster, forcing everyone to consider price vs. quality.""}]","[""In the first few minutes, the market was very organized. The prices settled because they aligned with the demand on the cards. The desire for bread and apples, was equal to the amount of currency that people had to spend on apples."",""I was not able to attend class so I could not participate in this activity, but in the situation of the drought, I would definitely be more conservative and competitive. I would not try to help others because there would be no personal gain from doing so, and I would be struggling enough without helping anyone."",""Division of labor is more efficient, because it is much easier to repeatedly perform one task than do everything required in making bookmarks. This connects to Adam Smith's pin-production analogy, where he says it is exponentially faster to produce pins if the work is divided, rather than if everyone is working on their own pins.""]","In the first few minutes, the market was very organized. The prices settled because they aligned with the demand on the cards. The desire for bread and apples, was equal to the amount of currency that people had to spend on apples.","I was not able to attend class so I could not participate in this activity, but in the situation of the drought, I would definitely be more conservative and competitive. I would not try to help others because there would be no personal gain from doing so, and I would be struggling enough without helping anyone.","Division of labor is more efficient, because it is much easier to repeatedly perform one task than do everything required in making bookmarks. This connects to Adam Smith's pin-production analogy, where he says it is exponentially faster to produce pins if the work is divided, rather than if everyone is working on their own pins.","Bartering is the direct trade of goods, rather than the trade of goods for funds.","Failing to trade because you have cards but the other person needs tissues, and neither of you wants what the other has.","The act of trading without a currency, as both parties benefit from the interaction.",Trading a power bank directly for a box of tissues without using any money.,"Medium of exchange is the concept of buying goods with a currency, rather than trading for them with other goods.",Using gold coins to buy an apple instead of having to find a specific trade partner who wants your spare staples.,"Scarcity is the issue of supply never meeting demand. Everything takes some level of effort to acquire, and without free labor, infinite land, and infinite time it is impossible to eliminate the concern of scarcity.",The fundamental problem that there wasn't enough bread printed for everyone in the room to finish their mission cards.,Shortage is a short-term issue causing supply to not meet the demand for a product. People cannot buy a product because there is no product to buy.,"The situation after the 'drought' where the sudden removal of wheat meant many students couldn't find any, despite having the money.",Inflation is the devaluation of currency due to an increase of the amount in circulation. This causes an increase in prices to compensate for the decrease in value of goods.,A general rise in prices across the room because Mr Waugh injected more cash into the system.,"Deflation is the increase in value of currency due to a lack of money in circulation. This will make prices decrease, because nobody can afford the regular prices causing few units to sell.",Prices for bookmarks dropping because Mr Waugh only had 29 gold coins and couldn't afford to pay the original price.,Liquidity is the amount of cash in circulation; the part of the economy that isn't goods or services.,Mr Waugh randomly dropping extra dollar bills onto students' desks to increase the amount of cash available for trading.,"A monopoly is one entity having total control over an industry, with no competitors. This means that they get to decide the price of their product without the possibility of being undercut.",The 'Dead' students in the graveyard being the only ones left with wheat and charging whatever they wanted because there was no competition.,Specialization is the increased expertise gained  from doing a specific role as part of division of labor.,One student focusing only on cutting paper while another focused only on taping to increase their total output of bookmarks.,Division of labor is the concept of splitting one task into multiple roles to maximize efficiency.,Breaking the bookmark-making process into a 'factory line' where each person performed one specific task.,"Incentives are the motivation to maximize profit. Incentives are usually monetary, but could be any improvement to quality of life.",Students forming 'corporations' because they realized they could earn more gold coins by working together than as individuals.,The concept of individuals prioritizing their own interests over that of others. One is expected to look after themselves before doing what is in the best interest of those around them.,"Students focusing solely on completing their own mission cards to 'survive,' regardless of how it impacted the rest of the market.","The invisible hand is Adam Smith's analogy to explain a free market. The invisible hand is the idea that everything will sort itself out without government intervention, and that the balance between supply and demand will reach equilibrium.","Prices for bread and wheat adjusting naturally based on student demand after the drought, without Mr Waugh setting a price.","Two different businesses producing the same product, forcing consumers to have to decide which business's product they want. Consumers will determine this by factoring in price and quality, and determining what works best for them.","The 'Artisan' student producing a single high-quality bookmark while the 'Corporation' next to him produced ten faster, forcing everyone to consider price vs. quality."
4/6/2026 20:50:10,999999,Sivakami ,"[{""term"":""Barter"",""definition"":""Medium of exchange where goods are traded for mutal benefit "",""match"":""Trading a power bank directly for a box of tissues without using any money.""},{""term"":""Double Coincidence of Wants"",""definition"":""When both the parties of a trade want what the each has. "",""match"":""Failing to trade because you have cards but the other person needs tissues, and neither of you wants what the other has.""},{""term"":""Medium of Exchange"",""definition"":""Anything that is given to the other party when purchasing something, such as currency, service or goods. "",""match"":""Using gold coins to buy an apple instead of having to find a specific trade partner who wants your spare staples.""},{""term"":""Scarcity"",""definition"":""When there’s a limited amount of resources but a lot of people, and so there isn’t enough for everyone. "",""match"":""The fundamental problem that there wasn't enough bread printed for everyone in the room to finish their mission cards.""},{""term"":""Shortage"",""definition"":""A temporary issue where the demand for a product exceeds the quantity able to be produced. "",""match"":""The situation after the 'drought' where the sudden removal of wheat meant many students couldn't find any, despite having the money.""},{""term"":""Inflation"",""definition"":""An increase in the prices of goods and services all over, making the value of currency lower. "",""match"":""A general rise in prices across the room because Mr Waugh injected more cash into the system.""},{""term"":""Deflation"",""definition"":""An decrease in the prices of goods and services all over, making the value of currency higher. "",""match"":""Prices for bookmarks dropping because Mr Waugh only had 29 gold coins and couldn't afford to pay the original price.""},{""term"":""Liquidity"",""definition"":"" \n The availability of cash in the market which can allow for trade to happen.\n"",""match"":""Mr Waugh randomly dropping extra dollar bills onto students' desks to increase the amount of cash available for trading.""},{""term"":""Monopoly"",""definition"":""When one company or corporation controls the market and leaves no room for competition. "",""match"":""The 'Dead' students in the graveyard being the only ones left with wheat and charging whatever they wanted because there was no competition.""},{""term"":""Specialization"",""definition"":""One person responsible for a specific task in the factory line making them well-versed and experts in their role. "",""match"":""One student focusing only on cutting paper while another focused only on taping to increase their total output of bookmarks.""},{""term"":""Division of Labor"",""definition"":""When production of goods is divided among the workers with all performing their own task."",""match"":""Breaking the bookmark-making process into a 'factory line' where each person performed one specific task.""},{""term"":""Incentives"",""definition"":""Rewards or punishments that motivate someone to make decisions, in this case more money can be generated working together.   "",""match"":""Students forming 'corporations' because they realized they could earn more gold coins by working together than as individuals.""},{""term"":""Rational Self-Interest"",""definition"":""Decisions made to produce the maximum benefits possible solely for personal gain. "",""match"":""Students focusing solely on completing their own mission cards to 'survive,' regardless of how it impacted the rest of the market.""},{""term"":""The Invisible Hand"",""definition"":""When personal benefit drives the market and operates by itself. \n"",""match"":""Prices for bread and wheat adjusting naturally based on student demand after the drought, without Mr Waugh setting a price.""},{""term"":""Competition"",""definition"":""The number of sellers in a market control the options for the buyers. High competetion can lower prices and push them to produce high quality goods to stand out.  "",""match"":""The 'Artisan' student producing a single high-quality bookmark while the 'Corporation' next to him produced ten faster, forcing everyone to consider price vs. quality.""}]","[""At first, the market was chaotic because people didn’t know what price to set. But eventually, prices settled because people adjusted according to the buyers, if it was too expensive no one wnted to buy it, and if it was too cheap it sold out so a natural price was found."",""When the drought hit, my strategy became more competitive because resources were scarce and I wanted to make sure I had enough and can make money. However, I also had to cooperate a bit with others to trade and get what I needed."",""A team using division of labor was definitely more efficient because each person focused on one specifc step they were good at, which made the process faster and more organized. We were also able to share resources which made it easier. One person doing everything takes longer and is less productive.""]","At first, the market was chaotic because people didn’t know what price to set. But eventually, prices settled because people adjusted according to the buyers, if it was too expensive no one wnted to buy it, and if it was too cheap it sold out so a natural price was found.","When the drought hit, my strategy became more competitive because resources were scarce and I wanted to make sure I had enough and can make money. However, I also had to cooperate a bit with others to trade and get what I needed.","A team using division of labor was definitely more efficient because each person focused on one specifc step they were good at, which made the process faster and more organized. We were also able to share resources which made it easier. One person doing everything takes longer and is less productive.",Medium of exchange where goods are traded for mutal benefit ,Trading a power bank directly for a box of tissues without using any money.,When both the parties of a trade want what the each has. ,"Failing to trade because you have cards but the other person needs tissues, and neither of you wants what the other has.","Anything that is given to the other party when purchasing something, such as currency, service or goods. ",Using gold coins to buy an apple instead of having to find a specific trade partner who wants your spare staples.,"When there’s a limited amount of resources but a lot of people, and so there isn’t enough for everyone. ",The fundamental problem that there wasn't enough bread printed for everyone in the room to finish their mission cards.,A temporary issue where the demand for a product exceeds the quantity able to be produced. ,"The situation after the 'drought' where the sudden removal of wheat meant many students couldn't find any, despite having the money.","An increase in the prices of goods and services all over, making the value of currency lower. ",A general rise in prices across the room because Mr Waugh injected more cash into the system.,"An decrease in the prices of goods and services all over, making the value of currency higher. ",Prices for bookmarks dropping because Mr Waugh only had 29 gold coins and couldn't afford to pay the original price.," 
 The availability of cash in the market which can allow for trade to happen.
",Mr Waugh randomly dropping extra dollar bills onto students' desks to increase the amount of cash available for trading.,When one company or corporation controls the market and leaves no room for competition. ,The 'Dead' students in the graveyard being the only ones left with wheat and charging whatever they wanted because there was no competition.,One person responsible for a specific task in the factory line making them well-versed and experts in their role. ,One student focusing only on cutting paper while another focused only on taping to increase their total output of bookmarks.,When production of goods is divided among the workers with all performing their own task.,Breaking the bookmark-making process into a 'factory line' where each person performed one specific task.,"Rewards or punishments that motivate someone to make decisions, in this case more money can be generated working together.   ",Students forming 'corporations' because they realized they could earn more gold coins by working together than as individuals.,Decisions made to produce the maximum benefits possible solely for personal gain. ,"Students focusing solely on completing their own mission cards to 'survive,' regardless of how it impacted the rest of the market.","When personal benefit drives the market and operates by itself. 
","Prices for bread and wheat adjusting naturally based on student demand after the drought, without Mr Waugh setting a price.",The number of sellers in a market control the options for the buyers. High competetion can lower prices and push them to produce high quality goods to stand out.  ,"The 'Artisan' student producing a single high-quality bookmark while the 'Corporation' next to him produced ten faster, forcing everyone to consider price vs. quality."
3/30/2026 11:51:01,727727,Yaroslav,"[{""term"":""Barter"",""definition"":"" Trading stuff directly with someone without using money. Like swapping your sandwich for their chips."",""match"":""Trading a power bank directly for a box of tissues without using any money.""},{""term"":""Double Coincidence of Wants"",""definition"":"" When you want what someone has, but they don't want what you have, so the trade just can't happen."",""match"":""Failing to trade because you have cards but the other person needs tissues, and neither of you wants what the other has.""},{""term"":""Medium of Exchange"",""definition"":""Something everyone agrees to use to pay for things, so you don't have to find a perfect swap partner."",""match"":""Using gold coins to buy an apple instead of having to find a specific trade partner who wants your spare staples.""},{""term"":""Scarcity"",""definition"":""There just isn't enough of something for everyone who wants it."",""match"":""The fundamental problem that there wasn't enough bread printed for everyone in the room to finish their mission cards.""},{""term"":""Shortage"",""definition"":""When people have money ready to buy something but it's nowhere to be found in the market."",""match"":""The situation after the 'drought' where the sudden removal of wheat meant many students couldn't find any, despite having the money.""},{""term"":""Inflation"",""definition"":"" Prices going up because there's too much money floating around chasing the same stuff."",""match"":""A general rise in prices across the room because Mr Waugh injected more cash into the system.""},{""term"":""Deflation"",""definition"":""Prices dropping, usually because there's not enough money in the system to pay the original prices."",""match"":""Prices for bookmarks dropping because Mr Waugh only had 29 gold coins and couldn't afford to pay the original price.""},{""term"":""Liquidity"",""definition"":""How easy it is to use something as cash right away. Coins are more liquid than a house."",""match"":""Mr Waugh randomly dropping extra dollar bills onto students' desks to increase the amount of cash available for trading.""},{""term"":""Monopoly"",""definition"":""When one person or group controls all of something and can charge whatever they want since there's no competition."",""match"":""The 'Dead' students in the graveyard being the only ones left with wheat and charging whatever they wanted because there was no competition.""},{""term"":""Specialization"",""definition"":""Sticking to one specific job or skill you're good at instead of doing everything yourself."",""match"":""One student focusing only on cutting paper while another focused only on taping to increase their total output of bookmarks.""},{""term"":""Division of Labor"",""definition"":"" Splitting up a big task into smaller steps so different people each do one part."",""match"":""Breaking the bookmark-making process into a 'factory line' where each person performed one specific task.""},{""term"":""Incentives"",""definition"":""The reason you do something — usually because there's a reward or benefit in it for you."",""match"":""Students forming 'corporations' because they realized they could earn more gold coins by working together than as individuals.""},{""term"":""Rational Self-Interest"",""definition"":""People naturally making choices that benefit themselves first."",""match"":""Students focusing solely on completing their own mission cards to 'survive,' regardless of how it impacted the rest of the market.""},{""term"":""The Invisible Hand"",""definition"":""The idea that when everyone acts in their own interest, the market sort of organizes itself without anyone being in charge."",""match"":""Prices for bread and wheat adjusting naturally based on student demand after the drought, without Mr Waugh setting a price.""},{""term"":""Competition"",""definition"":"" Multiple people or groups trying to offer a better deal than each other to win customers."",""match"":""The 'Artisan' student producing a single high-quality bookmark while the 'Corporation' next to him produced ten faster, forcing everyone to consider price vs. quality.""}]","[""At the start it was pretty chaotic because no one knew what things were worth. After a while, people saw what others were charging and adjusted their prices to match what people were willing to pay. That’s why prices kind of settled on their own."",""When the drought hit, I became more competitive because resources were harder to get. I focused more on getting what I needed first, but sometimes I still worked with others if it helped me survive."",""The team using division of labor was way more efficient. Each person focused on one task, so they made bookmarks faster than one person trying to do everything alone.""]","At the start it was pretty chaotic because no one knew what things were worth. After a while, people saw what others were charging and adjusted their prices to match what people were willing to pay. That’s why prices kind of settled on their own.","When the drought hit, I became more competitive because resources were harder to get. I focused more on getting what I needed first, but sometimes I still worked with others if it helped me survive.","The team using division of labor was way more efficient. Each person focused on one task, so they made bookmarks faster than one person trying to do everything alone.", Trading stuff directly with someone without using money. Like swapping your sandwich for their chips.,Trading a power bank directly for a box of tissues without using any money.," When you want what someone has, but they don't want what you have, so the trade just can't happen.","Failing to trade because you have cards but the other person needs tissues, and neither of you wants what the other has.","Something everyone agrees to use to pay for things, so you don't have to find a perfect swap partner.",Using gold coins to buy an apple instead of having to find a specific trade partner who wants your spare staples.,There just isn't enough of something for everyone who wants it.,The fundamental problem that there wasn't enough bread printed for everyone in the room to finish their mission cards.,When people have money ready to buy something but it's nowhere to be found in the market.,"The situation after the 'drought' where the sudden removal of wheat meant many students couldn't find any, despite having the money.", Prices going up because there's too much money floating around chasing the same stuff.,A general rise in prices across the room because Mr Waugh injected more cash into the system.,"Prices dropping, usually because there's not enough money in the system to pay the original prices.",Prices for bookmarks dropping because Mr Waugh only had 29 gold coins and couldn't afford to pay the original price.,How easy it is to use something as cash right away. Coins are more liquid than a house.,Mr Waugh randomly dropping extra dollar bills onto students' desks to increase the amount of cash available for trading.,When one person or group controls all of something and can charge whatever they want since there's no competition.,The 'Dead' students in the graveyard being the only ones left with wheat and charging whatever they wanted because there was no competition.,Sticking to one specific job or skill you're good at instead of doing everything yourself.,One student focusing only on cutting paper while another focused only on taping to increase their total output of bookmarks., Splitting up a big task into smaller steps so different people each do one part.,Breaking the bookmark-making process into a 'factory line' where each person performed one specific task.,The reason you do something — usually because there's a reward or benefit in it for you.,Students forming 'corporations' because they realized they could earn more gold coins by working together than as individuals.,People naturally making choices that benefit themselves first.,"Students focusing solely on completing their own mission cards to 'survive,' regardless of how it impacted the rest of the market.","The idea that when everyone acts in their own interest, the market sort of organizes itself without anyone being in charge.","Prices for bread and wheat adjusting naturally based on student demand after the drought, without Mr Waugh setting a price.", Multiple people or groups trying to offer a better deal than each other to win customers.,"The 'Artisan' student producing a single high-quality bookmark while the 'Corporation' next to him produced ten faster, forcing everyone to consider price vs. quality."
3/31/2026 0:23:09,138794,Ana,"[{""term"":""Barter"",""definition"":""Trading goods or services directly without using money."",""match"":""Trading a power bank directly for a box of tissues without using any money.""},{""term"":""Double Coincidence of Wants"",""definition"":""When two people each have something the other wants in a barter trade."",""match"":""Failing to trade because you have cards but the other person needs tissues, and neither of you wants what the other has.""},{""term"":""Medium of Exchange"",""definition"":""Something people use to buy and sell goods, like money."",""match"":""Using gold coins to buy an apple instead of having to find a specific trade partner who wants your spare staples.""},{""term"":""Scarcity"",""definition"":""When there are limited resources but unlimited wants."",""match"":""The fundamental problem that there wasn't enough bread printed for everyone in the room to finish their mission cards.""},{""term"":""Shortage"",""definition"":""When there is not enough of a product to meet demand."",""match"":""The situation after the 'drought' where the sudden removal of wheat meant many students couldn't find any, despite having the money.""},{""term"":""Inflation"",""definition"":""When prices of goods and services increase over time."",""match"":""A general rise in prices across the room because Mr Waugh injected more cash into the system.""},{""term"":""Deflation"",""definition"":""When prices of goods and services decrease over time."",""match"":""Prices for bookmarks dropping because Mr Waugh only had 29 gold coins and couldn't afford to pay the original price.""},{""term"":""Liquidity"",""definition"":""How easily something can be turned into cash."",""match"":""Mr Waugh randomly dropping extra dollar bills onto students' desks to increase the amount of cash available for trading.""},{""term"":""Monopoly"",""definition"":""When one company controls an entire market."",""match"":""The 'Dead' students in the graveyard being the only ones left with wheat and charging whatever they wanted because there was no competition.""},{""term"":""Specialization"",""definition"":""When people focus on producing one type of good or service."",""match"":""One student focusing only on cutting paper while another focused only on taping to increase their total output of bookmarks.""},{""term"":""Division of Labor"",""definition"":""Breaking work into different tasks for different workers."",""match"":""Breaking the bookmark-making process into a 'factory line' where each person performed one specific task.""},{""term"":""Incentives"",""definition"":""Rewards or penalties that encourage people to act a certain way."",""match"":""Students forming 'corporations' because they realized they could earn more gold coins by working together than as individuals.""},{""term"":""Rational Self-Interest"",""definition"":""Making decisions that are best for yourself."",""match"":""Students focusing solely on completing their own mission cards to 'survive,' regardless of how it impacted the rest of the market.""},{""term"":""The Invisible Hand"",""definition"":""The idea that individuals acting in their own interest can benefit the economy."",""match"":""Prices for bread and wheat adjusting naturally based on student demand after the drought, without Mr Waugh setting a price.""},{""term"":""Competition"",""definition"":""When businesses try to attract customers by offering better prices or products."",""match"":""The 'Artisan' student producing a single high-quality bookmark while the 'Corporation' next to him produced ten faster, forcing everyone to consider price vs. quality.""}]","[""The market was chaotic at first because there was no money system, so people were moving around, talking, and joking while trying to trade directly through barter. I think prices settled naturally because of supply and demand, where people adjusted prices based on how much others were willing to pay and how available the goods were."",""When resources became scarce, I became more strategic and efficient by making origami bookmarks that didn’t require extra materials like glue or scissors, and I also made them smaller so I could produce two bookmarks from one paper instead of one. I became more independent and competitive by improving my own production method, but there was still some cooperation since we shared a bank system."",""A team using division of labor is usually more efficient because each person focuses on one task, which increases speed and productivity, even though I was still able to succeed working independently.""]","The market was chaotic at first because there was no money system, so people were moving around, talking, and joking while trying to trade directly through barter. I think prices settled naturally because of supply and demand, where people adjusted prices based on how much others were willing to pay and how available the goods were.","When resources became scarce, I became more strategic and efficient by making origami bookmarks that didn’t require extra materials like glue or scissors, and I also made them smaller so I could produce two bookmarks from one paper instead of one. I became more independent and competitive by improving my own production method, but there was still some cooperation since we shared a bank system.","A team using division of labor is usually more efficient because each person focuses on one task, which increases speed and productivity, even though I was still able to succeed working independently.",Trading goods or services directly without using money.,Trading a power bank directly for a box of tissues without using any money.,When two people each have something the other wants in a barter trade.,"Failing to trade because you have cards but the other person needs tissues, and neither of you wants what the other has.","Something people use to buy and sell goods, like money.",Using gold coins to buy an apple instead of having to find a specific trade partner who wants your spare staples.,When there are limited resources but unlimited wants.,The fundamental problem that there wasn't enough bread printed for everyone in the room to finish their mission cards.,When there is not enough of a product to meet demand.,"The situation after the 'drought' where the sudden removal of wheat meant many students couldn't find any, despite having the money.",When prices of goods and services increase over time.,A general rise in prices across the room because Mr Waugh injected more cash into the system.,When prices of goods and services decrease over time.,Prices for bookmarks dropping because Mr Waugh only had 29 gold coins and couldn't afford to pay the original price.,How easily something can be turned into cash.,Mr Waugh randomly dropping extra dollar bills onto students' desks to increase the amount of cash available for trading.,When one company controls an entire market.,The 'Dead' students in the graveyard being the only ones left with wheat and charging whatever they wanted because there was no competition.,When people focus on producing one type of good or service.,One student focusing only on cutting paper while another focused only on taping to increase their total output of bookmarks.,Breaking work into different tasks for different workers.,Breaking the bookmark-making process into a 'factory line' where each person performed one specific task.,Rewards or penalties that encourage people to act a certain way.,Students forming 'corporations' because they realized they could earn more gold coins by working together than as individuals.,Making decisions that are best for yourself.,"Students focusing solely on completing their own mission cards to 'survive,' regardless of how it impacted the rest of the market.",The idea that individuals acting in their own interest can benefit the economy.,"Prices for bread and wheat adjusting naturally based on student demand after the drought, without Mr Waugh setting a price.",When businesses try to attract customers by offering better prices or products.,"The 'Artisan' student producing a single high-quality bookmark while the 'Corporation' next to him produced ten faster, forcing everyone to consider price vs. quality."