timestamp,block,student,subject,simulation,status,rationales
"6/7/2026, 5:17:15 PM",A Block (Waugh),ANANYA M. (OKOK),MIKMAW11,Sixties Scoop — Maya Paul,INCREMENTAL_SAVE,"{""_timestamps"":{""start"":""2026-05-27T16:16:29.649Z"",""slide_1"":""2026-06-03T16:21:39.350Z"",""slide_2"":""2026-06-03T16:22:44.524Z"",""slide_2_5"":""2026-06-03T16:26:59.653Z"",""slide_3"":""2026-06-03T16:32:27.150Z"",""slide_4"":""2026-06-03T16:40:07.350Z"",""slide_5"":""2026-06-03T16:45:28.647Z"",""slide_6"":""2026-06-03T16:59:03.394Z"",""slide_7"":""2026-06-07T20:15:46.972Z""},""slide_1"":""{\""part_0\"":\""According to the St. Anne's Parish baptismal card, Annie's parents were Joseph Googoo and Lena Googoo. Their home community was Sipeknekatik First Nation.\"",\""part_1\"":\""The note written on the back of the faded photograph says: \\\""Annie & Mary, summer before everything changed.\\\"" The photograph shows Annie and Mary standing together on a wooden porch.\"",\""part_2\"":\""The name \\\""Anne Peters\\\"" was assigned to Annie and replaced her original name, \\\""Annie Googoo,\\\"" on the school record card. The instructor noted that Annie was: \\\""Exceptionally quiet, refuses to speak, language barrier.\\\"" This suggests that Annie may have struggled to communicate in the language used at school.\""}"",""_telemetry"":{""slide_1"":{""pasted"":true,""keystrokes"":18,""duration_sec"":217},""slide_2"":{""pasted"":true,""keystrokes"":0,""duration_sec"":57},""slide_2_5"":{""pasted"":true,""keystrokes"":34,""duration_sec"":239},""slide_3"":{""pasted"":true,""keystrokes"":106,""duration_sec"":324},""slide_4"":{""pasted"":true,""keystrokes"":28,""duration_sec"":458},""slide_5"":{""pasted"":true,""keystrokes"":171,""duration_sec"":226},""slide_6"":{""pasted"":true,""keystrokes"":30,""duration_sec"":320},""slide_7"":{""pasted"":true,""keystrokes"":227,""duration_sec"":4106}},""slide_2"":""Annie spent time running by the Shubenacadie River, picking sweetgrass with her grandmother, and learning to smudge. Her mother always said, \""Kinship is a circle that cannot be cut,\"" meaning family is important. Before colonial control, the Mi'kmaq had their own government with local chiefs, district leaders, and the Grand Council to help lead their communities."",""slide_2_5"":""The shared ancestors at the top are Joseph and Lena Googoo. Both sides of the family got affected by colonial policies in different ways. On Mary’s side, the Indian Act status rules caused status loss, which made it harder for the family to stay officially connected to their community. On Annie’s side, child welfare took her away from her family when she was a kid, changed her name, and separated her from her language and culture. Even though the situations were different, both sides ended up breaking family connections, weakening senfe of identity."",""slide_3"":""{\""words\"":[\""lack\"",\""of\"",\""resource\"",\""management\"",\""Housing\"",\""substandard\"",\""in\"",\""best\"",\""interests\"",\""of\"",\""child\""],\""rationale\"":\""I chose “substandard housing” because it judges the home instead of explaining why conditions are poor (government control).\\nI chose “lack of resource management” because it blames the parents, even though the real issue is bigger poverty and restrictions on the community.\\nI chose “in the best interests of the child” because it sounds helpful, but it's clearly used to justify removing Indigenous children from their families.\""}"",""slide_4"":""Three fragments Annie remembers:\n- A car\n- A clipboard\n- Her mother crying \nThe phrase “best interests” was used to justify taking children away, but it was based on biased ideas. Officials thought a nuclear family (mom, dad, kids) was better than Indigenous extended families. They also assumed poverty meant bad parenting, instead of seeing it as caused by government policies. They believed European-style way of life was the “right” way, and wrongly thought Indigenous culture needed to be changed or fixed.\nThe 1951 amendment to the Indian Act gave provinces control over Indigenous child welfare. As a result, approximately 20,000 Indigenous children were removed from their homes during the Sixties Scoop period."",""slide_5"":""{\""ans_0\"":\""It ignores her real identity as a Mi’kmaw child. It removes her original name, her family connections, her culture, and her language, and replaces it with a new identity given by the government system, influenced by systemcatic racism.\"",\""ans_1\"":\""A child would act quiet and withdrawn because they were taken away from everything familiar to the, their homeand family. They lost their language, culture, and sense of security, which can make them shut down emotionally, especially when youre a vulnerable child.\""}"",""slide_6"":""Annie Googoo was taken from her family through the child welfare system shaped by colonial policies that controlled Indigenous families for ages. Sarah’s case shows legal status deciding who “counts,” while Annie’s shows removal through welfare systems, but both come from the same systems of control.  The government has historically decided what counts as care, belonging, and family."",""slide_7"":""{\""part_0\"":\""Sarah's case and Maya's grandmother both show how the government tried to erase Indigenous identity. For Sarah, they used strict status rules to label Sarah as a person without Indigenous status, and for Maya's grandmother, they changed her name to \\\""Anne Peters\\\"" and labeled her \\\""Inactive.\\\"" Both policies hurt families by breaking the link between parents, children, culture, and roots. By taking away their real names and legal status, the government made it really hard for future generations to trace their roots throuhg name and family and stay connected to their culture.\"",\""part_1\"":\""Leo's case shows how the government uses its own laws to ignore Indigenous rights, which is exactly why provincial workers could come onto reserves and take children. Even though the Mi'kmaw people have treaties and their own traditional ways of taking care of kids through family networks, the province acted like its rules were the only ones that mattered. By forcing provincial laws onto the reserve, the government completely ignored Mi'kmaw authority, using state control to override the community's power.\"",\""part_2\"":\""The Residential School system caused deep trauma by breaking apart Indigenous families, languages, and cultures. Because survivors were raised in abusive schools instead of loving homes, it made parenting really difficult for future generations. At the same time, government rules kept reserves isolated and poor, leading to issues like bad housing and a lack of food. Instead of helping with this trauma and poverty, provincial welfare workers blamed the parents and labeled these struggles as \\\""neglect\\\"" so they could justify taking the kids away. These policies worked together as a single system of controt.  First, residential schools damaged the family, and then the child welfare system used the resulting poverty as an excuse to take away the enxt gernations kids.\""}""}"
"6/1/2026, 2:53:49 PM",A Block (Waugh),Alexis (ALEX),MIKMAW11,Sixties Scoop — Maya Paul,INCREMENTAL_SAVE,"{""_timestamps"":{""start"":""2026-05-27T11:57:30.404Z"",""slide_7"":""2026-05-27T11:58:05.850Z"",""slide_1"":""2026-06-01T12:51:50.769Z"",""slide_2"":""2026-06-01T12:58:53.272Z"",""slide_2_5"":""2026-06-01T13:10:16.639Z"",""slide_3"":""2026-06-01T13:22:22.798Z"",""slide_4"":""2026-06-01T13:33:48.707Z"",""slide_5"":""2026-06-01T13:37:57.211Z"",""slide_6"":""2026-06-01T17:34:29.567Z""},""slide_7"":""{\""part_0\"":\""The theme of legal idenity erasure connects to Maya's grandmother being renamed and having her status marked as inactive because of how both cases are targeting the removel of rights and idenity, replacing names and status. Each policies target and distrupt family lines because they each target taking away thing from current and future generations. Replacing a name changes that person and their future families history, taking away somones status effects their future families status.\"",\""part_1\"":\""The theme of state control explains why provincial child wellfare agents could override traditional Mi'kmaw community authority and kinship networks to remove a child from reserves because although the Mi'kmaw have their own ways of living their way of living can be considered unsfe or wring in the eyes of the goverment and because of that the goverment has more ability to control and take children away because of the different ways of live and belifes that they deem unsafe for the child.\"",\""part_2\"":\""This truma and poverty that combined crated conditions that looked physicaly unsafe and like children had no resources, and because the parents have traumas from residential schools they do not know how to take care of chikdren proporely and or feel like they have no ability to so it ends up looking neglectful to child wellfare because they do not care about the reasons for these circumstances. Residential schools and child wellfare work together as a single system of colonial control because they are both used to take control over Indigenous children and families to an extrem extent because the system belives that Indigenous ways are wrong and uncontroled.\""}"",""_telemetry"":{""slide_7"":{""pasted"":false,""keystrokes"":2363,""duration_sec"":1246},""slide_1"":{""pasted"":false,""keystrokes"":556,""duration_sec"":563},""slide_2"":{""pasted"":true,""keystrokes"":244,""duration_sec"":416},""slide_2_5"":{""pasted"":false,""keystrokes"":805,""duration_sec"":678},""slide_3"":{""pasted"":false,""keystrokes"":387,""duration_sec"":724},""slide_4"":{""pasted"":false,""keystrokes"":711,""duration_sec"":682},""slide_5"":{""pasted"":true,""keystrokes"":534,""duration_sec"":242},""slide_6"":{""pasted"":true,""keystrokes"":1169,""duration_sec"":743}},""slide_1"":""{\""part_0\"":\""The name of Annie's parents are Joseph and Lena Googoo. Her home community was Sipeknekatik First Nation.\"",\""part_1\"":\""The not written on the back of the photo is ' Annie and Mary, summer before everything changed.' In the photo Annie is with her sister.\"",\""part_2\"":\""Anne Peters is the name that replaced Annie's name on the school record card. The instructor noted that Annie was quiet, refuses to speak and have a language barrier.\""}"",""slide_2"":""Annie would run around picking sweet grass and learning how to smudge. Her mother said \""Kinship is a circle that cannot be cut.' The Mi'kmaq were self-governing, it was organized homalnd with political relationships, movement and systems of responsibility."",""slide_2_5"":""The shared ansestors at the top are Maya and Sarah's great grandparents Joseph and Lena Googoo.  The status loss in Marys branch was haped by the Indian Act and caused her branch of family to struggle for their status based off restrictions. Annie's branch of family no longer has their original family name, and the experiences within the education system Annnie indured caused truma that got passed down through generations. This caused a divide because of the two very different experiences of both sides and how family names were taken and changed."",""slide_3"":""{\""words\"":[\""Lacks\"",\""standard\"",\""municipal\"",\""infrastructure\"",\""Housing\"",\""substandard\"",\""immediate\"",\""removal\""],\""rationale\"":\""These words and phrases show bias because of how child welfare targets the conditions that the child is living in. This becomes bias when you look at the facts that where Annie lives is based of her and her community's culture which is a culture that the Child welfare group does not believe is right because is is not their way of living.\""}"",""slide_4"":""Annie remembers a car, her mother crying, and a hand pulling her toward the road. In order to justify removel officals said that  the nuclear family is better then indigenous families, they believe that children shouldn't grow up in poverty because in European style of living does not agree with it. The 1951 legislative changed when amendments of the Indian Act gave provinces the right over Indigenous Child Welfare which lead to the mass romovels of children. Approximately 20,000 children were removed as a result."",""slide_5"":""{\""ans_0\"":\""The name changes her family history and he connection to her family and community relationships. These are all things that relate to kinship within the Mi'kmaq culture.\"",\""ans_1\"":\""A child in foster care would act this way because they have been taken from their homes and family. They don't know anyone and they are being told they cant be who they have been taught to be. They lost their culture, voice and safety when they were taken into foster care.\""}"",""slide_6"":""Sarah and Maya's cases are different because Sarahs case is over status and who gets status and has it. Maya's case is about being seperated from your family by child wellfare, they are both expressions of of the same colonial story because they are both stories where goverment or officals are taking control over them. Maya is asking students over the goverment because the goverment is bound to hide the records or say they don't have thwem so they can protect themselves and the truth of the past. As to where student have zero involvment in the actions and control of the records meaning they will find the honest anwsers. The people who live in the community, their own families and house get to decide what is right for the family, they can decide weather or not people belong with their community and they can decide how to care and include peole in their lives.""}"
"6/4/2026, 3:19:55 PM",A Block (Waugh),CALLUM (LLLL),MIKMAW11,Sixties Scoop — Maya Paul,INCREMENTAL_SAVE,"{""_timestamps"":{""start"":""2026-05-27T16:29:19.019Z"",""slide_1"":""2026-05-27T16:34:18.595Z"",""slide_2"":""2026-05-27T16:35:36.155Z"",""slide_2_5"":""2026-05-27T16:36:59.279Z"",""slide_3"":""2026-05-27T16:41:02.394Z"",""slide_4"":""2026-05-27T16:42:10.481Z"",""slide_5"":""2026-05-27T16:44:21.717Z"",""slide_6"":""2026-06-04T17:47:58.911Z"",""slide_7"":""2026-06-04T18:19:46.871Z""},""slide_1"":""{\""part_0\"":\""Annie’s parents were Joseph and Mary Googoo, and they were from Eskasoni.\"",\""part_1\"":\""The note says “Annie and her brother before school.” Annie is pictured with her brother.\"",\""part_2\"":\""The school changed Annie’s name to Anne Peters. The teacher said her English speech needed improvement.\""}"",""_telemetry"":{""slide_1"":{""pasted"":true,""keystrokes"":6,""duration_sec"":232},""slide_2"":{""pasted"":true,""keystrokes"":5,""duration_sec"":66},""slide_2_5"":{""pasted"":true,""keystrokes"":5,""duration_sec"":82},""slide_3"":{""pasted"":true,""keystrokes"":11,""duration_sec"":241},""slide_4"":{""pasted"":true,""keystrokes"":8,""duration_sec"":66},""slide_5"":{""pasted"":true,""keystrokes"":39,""duration_sec"":130},""slide_6"":{""pasted"":true,""keystrokes"":17,""duration_sec"":34},""slide_7"":{""pasted"":true,""keystrokes"":8,""duration_sec"":1914}},""slide_2"":""Annie ran by the river, picked sweetgrass, and learned to smudge. Her mother said kinship was a circle that cannot be broken. Before colonial rule, the Mi’kmaq had their own leaders and government."",""slide_2_5"":""The shared ancestors are Joseph and Mary Googoo. Mary’s side lost status because of the Indian Act. Annie’s side was separated by child welfare removals. Both policies split families apart and hurt their connection to culture and community."",""slide_3"":""{\""words\"":[],\""rationale\"":\""Words like neglect, poor conditions,and concernshow bias.\\nThey blame the family without explaining that government policies caused many of the problems.\""}"",""slide_4"":""Annie remembered a car, a clipboard, and her mother crying. Officials used non-Indigenous ideas about family and parenting. The 1951 Indian Act changes gave provinces power over child welfare, and about 20,000 children were taken."",""slide_5"":""{\""ans_0\"":\""This ignores her real family and identity. She was renamed by the system, not by choice.\"",\""ans_1\"":\""She acted this way because she was taken from her family and culture. She lost her home and felt alone.\""}"",""slide_6"":""Annie Googoo was taken from her family. Government policies helped cause this.Sarah's story and Annie's story are connected because the government controlled both families in different ways. Maya asks students to help find the truth because government records do not tell everything.Indigeneus people should decide what care,belonging,and family mean."",""slide_7"":""{\""part_0\"":\""Sarah and Annie were both affected by government rules. These rules separated families and affected their identity.\"",\""part_1\"":\""The government ignored Mi'kmaw communities and removed children from their families.\"",\""part_2\"":\""Residential schools caused trauma and poverty. Child welfare workers used these problems as reasons to take children away. These systems worked together to control Indigenous people\""}""}"
"2/6/2026, 11:06:34 AM",A Block (Waugh),CONNOR (CONN),MIKMAW11,Sixties Scoop — Maya Paul,INCREMENTAL_SAVE,"{""_timestamps"":{""start"":""2026-06-02T13:47:15.680Z"",""slide_1"":""2026-06-02T13:57:22.272Z"",""slide_2"":""2026-06-02T13:59:40.810Z"",""slide_2_5"":""2026-06-02T14:00:30.646Z"",""slide_3"":""2026-06-02T14:03:39.926Z"",""slide_4"":""2026-06-02T14:04:08.084Z"",""slide_5"":""2026-06-02T14:04:43.168Z"",""slide_6"":""2026-06-02T14:05:41.132Z"",""slide_7"":""2026-06-02T14:06:34.990Z""},""slide_1"":""{\""part_0\"":\""The St. Anne’s Parish baptism card says that Annie’s parents are Joseph and Lena Googoo, and that she is from Sipekne'katik First Nation.\"",\""part_1\"":\""A note on the back of the photo says, “Annie & Mary, summer before everything changed.” The photo shows Annie and Mary standing together and smiling.\"",\""part_2\"":\""The school record shows that Annie’s name was changed from “Annie Googoo” to “Anne Peters.” A note from her teacher says she was very quiet and did not speak because of a language barrier.\""}"",""_telemetry"":{""slide_1"":{""pasted"":true,""keystrokes"":11,""duration_sec"":306},""slide_2"":{""pasted"":true,""keystrokes"":5,""duration_sec"":29},""slide_2_5"":{""pasted"":true,""keystrokes"":5,""duration_sec"":28},""slide_3"":{""pasted"":true,""keystrokes"":2,""duration_sec"":88},""slide_4"":{""pasted"":true,""keystrokes"":2,""duration_sec"":26},""slide_5"":{""pasted"":true,""keystrokes"":4,""duration_sec"":20},""slide_6"":{""pasted"":true,""keystrokes"":2,""duration_sec"":57},""slide_7"":{""pasted"":true,""keystrokes"":6,""duration_sec"":53}},""slide_2"":""Annie was with her grandma by the river and learned from her. Her mom said family is very important. The Mi’kmaq had their own leaders and ways of governing before colonization."",""slide_2_5"":""Mary’s family lost their Indian status which affected their rights and connection to their community. Annie was taken from her family and given a new name. Both actions split families and caused loss of identity and culture."",""slide_3"":""{\""words\"":[\""in\"",\""best\"",\""interests\"",\""of\"",\""child\""],\""rationale\"":\""These words are unfair because they blame families. They make families look bad and were often used to take children away instead of helping them.\""}"",""slide_4"":""Annie only remembers small parts of the day she was taken, like a car, a clipboard, and her mother crying. This shows the event was very upsetting and hard for her to remember."",""slide_5"":""{\""ans_0\"":\""Changing Annie Googoo’s name to Anne Peters took away part of her Mi’kmaw identity. It separated her from her family and culture. Her original name connected her to her roots, but the new name made her seem like a different person.\"",\""ans_1\"":\""A child in foster care may act this way because she is sad and confused after being taken from her family. She misses her home and the people she knows. Her silence shows grief and trauma, not bad behaviour.\""}"",""slide_6"":""Annie Googoo was taken from her family and renamed Anne Peters. She lost her family, language, and culture. She was quiet because she was hurt and upset. Her story shows how government policies harmed Indigenous children and families."",""slide_7"":""{\""part_0\"":\""In Sarah’s case, the Indian Act took away Indigenous status from some people and their children. Annie’s name was changed to Anne Peters, and she was separated from her family and culture. Both cases took away part of their Indigenous identity and connection to their community.\"",\""part_1\"":\""Leo’s case showed that the government made decisions for the Mi’kmaq instead of letting them decide for themselves. Child welfare agencies did the same by taking children away from their families. In both cases, Indigenous people were not given control over their own lives.\"",\""part_2\"":\""Residential schools took Indigenous children away from their families and culture. This caused a lot of pain and loss. Later, some of these problems were used as reasons to take more Indigenous children away. Both residential schools and the child welfare system separated children from their families and culture.\""}""}"
"6/5/2026, 11:25:59 AM",A Block (Waugh),COVA (KIKI),MIKMAW11,Sixties Scoop — Maya Paul,INCREMENTAL_SAVE,"{""_timestamps"":{""start"":""2026-05-28T17:28:11.503Z"",""slide_1"":""2026-05-28T17:45:17.820Z"",""slide_2"":""2026-05-28T17:55:03.831Z"",""slide_2_5"":""2026-05-28T18:08:26.081Z"",""slide_3"":""2026-05-28T18:21:29.253Z"",""slide_4"":""2026-05-28T18:28:57.845Z"",""slide_5"":""2026-06-05T14:25:59.309Z""},""slide_1"":""{\""part_0\"":\""Annie's parents were Joseph and Lena Googoo. They were from Sipeknekatik First Nation.\"",\""part_1\"":\""The note reads that the picture was taken in the summer before everything changed. . The photo could be 2 friends or 2 sisters or even 2 cousins from community.\"",\""part_2\"":\""Annie's last name is replaced with the name Peters. It said that she was quiet and that she didn't know the language.\""}"",""_telemetry"":{""slide_1"":{""pasted"":false,""keystrokes"":602,""duration_sec"":839},""slide_2"":{""pasted"":false,""keystrokes"":514,""duration_sec"":575},""slide_2_5"":{""pasted"":false,""keystrokes"":414,""duration_sec"":797},""slide_3"":{""pasted"":false,""keystrokes"":539,""duration_sec"":779},""slide_4"":{""pasted"":false,""keystrokes"":395,""duration_sec"":509},""slide_5"":{""pasted"":true,""keystrokes"":365,""duration_sec"":828}},""slide_2"":""Annie played along the river and hung out with her grandmother and Aunties learning all about her culture. \nher mother said that kinship is a circle that cannot be cut. it tells you who you are and where you came from.\nBefore colonial control, the Mi'Kmaq people self governed themselves with leadership from a Grand Council which was organised politically with long recognised responsibilities."",""slide_2_5"":""The two sisters, Mary and |Annie both lost their identity through 2 different government attacks against the indigenous family unit. Mary's was through the Indian Act and all the rules and registration. Mary was through the 60's scoop where they changed her last name . |This made it difficult to retrace the family generations."",""slide_3"":""{\""words\"":[\""of\"",\""severe\"",\""overcrowding\"",\""material\"",\""poverty\"",\""Lacks\"",\""standard\"",\""municipal\"",\""infrastructure\"",\""Parents\"",\""lack\"",\""of\"",\""resource\"",\""management\"",\""Housing\"",\""substandard\""],\""rationale\"":\""Indigenous families consisted of multiple generations living together for survival.They lived on what the government gave them which wasn't enough. The parents did the best they could, it wasn't a lack of managing their money and resources, it was that the government didn't give them the things they needed including housing which was all provided by government. The indigenous families were not allowed to go off reserve to earn money or live.\""}"",""slide_4"":""The removal of indigenous children from their family and community which we know as the 60's scoop were based on non indigenous beliefs about family, poverty and proper upbringing. There were about 20 thousand kids removed during the 60's scoop."",""slide_5"":""{\""ans_0\"":\""It ignores that Annie is indigenous.\"",\""ans_1\"":\""Children in foster care behave like Annie because they are in a strange place and have no family with them. They loss their sense of belonging, their idenity, their family, their community, everything that was comfortable and familiar.\""}""}"
"5/26/2026, 12:38:06 PM",A Block (Waugh),DAVE (ABBA),MIKMAW11,Sixties Scoop — Maya Paul,INCREMENTAL_SAVE,"{""slide_1"":""{\""part_0\"":\"".\"",\""part_1\"":\"".\"",\""part_2\"":\"".\""}"",""slide_2"":""."",""slide_2_5"":"".""}"
"5/29/2026, 1:42:09 PM",A Block (Waugh),ELLEE (ELLE),MIKMAW11,Sixties Scoop — Maya Paul,INCREMENTAL_SAVE,"{""_timestamps"":{""start"":""2026-05-29T16:28:59.202Z"",""slide_1"":""2026-05-29T16:42:09.018Z""},""slide_1"":""{\""part_0\"":\""Parents are Joseph and Lena Googoo of Sipeknekatik First Nations\"",\""part_1\"":\""The note says, \\\""Annie and Mary, summer before everything changed.\\\"" The girl in the picture is Mary.\"",\""part_2\"":\""Her new name was Anne Peters, and the instructor's note says she was quiet, refused to speak, and had a language barrier.\""}"",""_telemetry"":{""slide_1"":{""pasted"":false,""keystrokes"":340,""duration_sec"":790}}}"
"6/1/2026, 10:07:35 AM",A Block (Waugh),GAVIN (AAAA),MIKMAW11,Sixties Scoop — Maya Paul,INCREMENTAL_SAVE,"{""_timestamps"":{""start"":""2026-05-27T16:24:21.826Z"",""slide_1"":""2026-05-27T16:38:54.789Z"",""slide_2"":""2026-05-27T16:43:46.209Z"",""slide_2_5"":""2026-05-27T16:48:48.869Z"",""slide_3"":""2026-05-27T17:00:47.560Z"",""slide_4"":""2026-05-27T17:03:40.861Z"",""slide_5"":""2026-05-27T17:06:41.712Z"",""slide_6"":""2026-06-01T12:43:18.953Z"",""slide_7"":""2026-06-01T13:07:35.257Z""},""slide_1"":""{\""part_0\"":\""Joseph and Lena Googoo of Sipeknekatik first Nation\"",\""part_1\"":\""Annie & Mary, summer before everything changed\"",\""part_2\"":\""'Anne Peters' \\nExceptionally quiet, refuses to speak, and language barrier.\""}"",""_telemetry"":{""slide_1"":{""pasted"":true,""keystrokes"":276,""duration_sec"":410},""slide_2"":{""pasted"":true,""keystrokes"":35,""duration_sec"":290},""slide_2_5"":{""pasted"":false,""keystrokes"":146,""duration_sec"":301},""slide_3"":{""pasted"":false,""keystrokes"":107,""duration_sec"":716},""slide_4"":{""pasted"":true,""keystrokes"":119,""duration_sec"":171},""slide_5"":{""pasted"":false,""keystrokes"":187,""duration_sec"":179},""slide_6"":{""pasted"":false,""keystrokes"":356,""duration_sec"":516},""slide_7"":{""pasted"":false,""keystrokes"":992,""duration_sec"":1454}},""slide_2"":""She spent hours running along the Shubenacadie river, picking sweetgrass with her grandmother, and learning to smudge.\n\n'Kinship is a circle that cannot be cut.' \n\nterritory, district leadership, local chiefs, and the Grand Council. Mi'kma'ki was not empty land waiting for order;"",""slide_2_5"":""Joseph and Lena Googoo \n\nWithout status the mother would have to leave the resver splitting up family's"",""slide_3"":""{\""words\"":[\""inspector\"",\""dwelling\"",\""overcrowding\"",\""poverty\"",\""management\""],\""rationale\"":\""because theses words sounds objective and are judging the family living conditions\""}"",""slide_4"":""A car, A clipboard, Her mother crying, A promise that this was temporary\n\nnon-Indigenous ideas about family, poverty, and proper upbringing.\n\nand approximately 20,000 children where removed form their homes"",""slide_5"":""{\""ans_0\"":\""this takes away her hole background and her last name and where she got it from, and all the story's that names could have\"",\""ans_1\"":\""because they do not want to be there\""}"",""slide_6"":""Sarah's and maya's stories are part of the same colonial system. Sarah's family was controlled by status rules, and Maya's family was affected by child welfare taking children away. \n\nMaya ask students for help because government records don't show the full truth \n\nindigenous families should decide what care, belonging,and family mean"",""slide_7"":""{\""part_0\"":\""Sarah's case and Maya's grandmother both show how the government erased indigenous identity on paper. \\n\\nSarah's family lost or had thier status controlled under the Indian act. Maya's grandmother was renamed \\\""Anne Peters\\\"" and marked \\\""inactive\\\"". which removed her real identity in records \\n\\nboth systems broke family connections by changing names and status.\"",\""part_1\"":\""leos's case shows the government had more powers than mi'kmaw communities\\n\\n child welfare workers used provincial laws to decide if children were safe, even on reservers. this ignored Mi'kmaw families and leaders \\n\\nbecause state laws were treated as storger, they could take children away from their communities\"",\""part_2\"":\""residential schools broke families and caused trauma.colonial policies also created poverty \\n\\nchild welfare called the effects \\\""neglect\\\"" and removed children \\n\\none system coused harm, and the other used it to justify taking more children\""}""}"
"6/1/2026, 10:32:32 AM",A Block (Waugh),Gala (NIVA),MIKMAW11,Sixties Scoop — Maya Paul,INCREMENTAL_SAVE,"{""_timestamps"":{""start"":""2026-05-27T16:55:19.085Z"",""slide_1"":""2026-05-27T17:01:56.750Z"",""slide_2"":""2026-05-27T17:08:26.444Z"",""slide_2_5"":""2026-05-27T17:11:41.691Z"",""slide_3"":""2026-05-28T17:31:22.022Z"",""slide_4"":""2026-05-28T17:36:09.429Z"",""slide_5"":""2026-05-28T18:06:14.641Z"",""slide_6"":""2026-05-28T18:10:10.449Z"",""slide_7"":""2026-06-01T12:33:28.955Z""},""slide_1"":""{\""part_0\"":\""Lena and Joseph Googoo of Sipeknekatik First Nation.\"",\""part_1\"":\""\\\""Annie & Mary, summer before everything changed\\\"" Mary is likely pictured with Annie and probably a sibling or close neighbor or friend of Annie.\"",\""part_2\"":\""\\\""Anne Peters\\\"" replaced \\\""Annie Googoo\\\"" on the card. The instructor notes how she \\\""refuses to speak\\\"" and \\\""language barrier\\\"".\""}"",""_telemetry"":{""slide_1"":{""pasted"":false,""keystrokes"":598,""duration_sec"":398},""slide_2"":{""pasted"":false,""keystrokes"":353,""duration_sec"":367},""slide_2_5"":{""pasted"":false,""keystrokes"":595,""duration_sec"":514},""slide_3"":{""pasted"":false,""keystrokes"":597,""duration_sec"":1320},""slide_4"":{""pasted"":true,""keystrokes"":854,""duration_sec"":660},""slide_5"":{""pasted"":true,""keystrokes"":556,""duration_sec"":415},""slide_6"":{""pasted"":false,""keystrokes"":1349,""duration_sec"":1663},""slide_7"":{""pasted"":true,""keystrokes"":4160,""duration_sec"":3840}},""slide_2"":""Her mother told her \""kinship is a circle that cannot be cut\"". Annie loved listening to old people talk, and followed her aunties everywhere. \nMi'kma'ki was governed by levels of chiefs, from local to the Grand chiefs."",""slide_2_5"":""The shared ancestors at the top of the tree are Maya and Sarah's great grandparents, Lena and Joseph Googoo. Mary's loss of status and Annie's \""child welfare apprehension\"" separated both sisters from their family and culture in different ways for the same overarching reasons. One of which is: to assimilate them."",""slide_3"":""{\""words\"":[\""Found\"",\""demonstrate\"",\""lack\"",\""of\"",\""resource\"",\""management\"",\""removal\""],\""rationale\"":\""\\\""Found\\\"" in this context creates the visual of the family being discovered by the inspector instead of located.\\n\\\""demonstrate lack of resource management\\\"" means that the inspector thinks the parents seem bad at handling money. \\n\\\""removal\\\"" here describes the action taken by the government and ignores the emotional and cultural impacts on the child.\""}"",""slide_4"":""\""Her mother crying. A promise that this was temporary. A hand pulling her toward the road.\""\n\nOfficials used European-style upbringing as a standard to hold against families, and when Indigenous families fell outside of this standard, they were deemed \""against the child's best interest\"" and separated. Officials also held the viewpoint that poverty was the failure of the parents and a sign of poor money handling, rather than the systematic abuses and economic control from the government.\n\nAmendments to the Indian Act, about 20 000 Indigenous kids were removed from the 1950s to 1980s."",""slide_5"":""{\""ans_0\"":\""The name change erases her past and ignores her birth culture.\"",\""ans_1\"":\""A child in foster care may behave withdrawn because of shock and fear. Everything is different and new and they have no one they know and trust to tell them if it is safe and what to do.\""}"",""slide_6"":""Sarah's case and Maya's case both show some of the different ways the government was erasing Indigenous culture. In both cases the children were taken away from everything they knew under the guise of the child's best interest. When doing this, the government was looking at Indigenous cultures through an ethnocentric lens. It decided that its way of living is superior and has been treating Indigenous lifestyles as less since."",""slide_7"":""{\""part_0\"":\""Both the Second Generation Cut-off and the removal and renaming of Annie show how the government tried to control who gets to be Indigenous and experience Indigenous cultures. The Second Generation Cut-off tried to cut costs and assimilate Indigenous people by defining \\\""Indigenous\\\"" in an exclusive way. Meanwhile, the overrepresentation of Indigenous children in government care separates generations from their culture, heritage, and Indigenous identity. Both of these policies aim to disqualify individuals from their right to enjoy their culture.\"",\""part_1\"":\""The provincial and national government's disregard for Indigenous self-governance is shown through the historical unwillingness to view matters, laws and legal issues through the lens of the Indigenous people they are acting on. This includes the removal of children from their communities on reserves and the sale of cannabis. As the government took, and takes, action on important matters with the assumption of authority over the people it claims to respect the right of self-governance.\"",\""part_2\"":\""The Residential School system helped foster the conditions of \\\""neglect\\\"" seen by provincial welfare agents by breeding intergenerational trauma through the abuse of the children who attended it. By removing children from caring environments and healthy relationships and placing them in the hands of abusers, the government traumatized and damaged many people's ability to have healthy relationships. Provincial welfare agents now take children away from \\\""bad situations\\\"" while the government has tried to ignore but it is the one that is at fault for the \\\""bad situations\\\"" and indirectly blames its victims.\""}""}"
"5/28/2026, 3:32:07 PM",A Block (Waugh),HARRISON (YNPH),MIKMAW11,Sixties Scoop — Maya Paul,INCREMENTAL_SAVE,"{""_timestamps"":{""start"":""2026-05-27T16:10:47.542Z"",""slide_1"":""2026-05-27T16:52:28.480Z"",""slide_2"":""2026-05-27T17:06:23.107Z"",""slide_2_5"":""2026-05-28T17:55:39.987Z"",""slide_3"":""2026-05-28T18:04:08.205Z"",""slide_4"":""2026-05-28T18:12:48.521Z"",""slide_5"":""2026-05-28T18:19:48.307Z"",""slide_6"":""2026-05-28T18:26:40.240Z"",""slide_7"":""2026-05-28T18:32:07.577Z""},""slide_1"":""{\""part_0\"":\""Annie’s parents were Joseph and Lena Googoo, and their home community was Sipekne'katik Fisrt nation.\"",\""part_1\"":\""the note on the back of the photograph read, 'Annie & Mary, summer before everything changed.' The photograph shows Annie and her sister Mary together on a wooden porch.\"",\""part_2\"":\""The assigned name that replaced Annie’s name was 'Anne Peters.”The instructor noted that she was 'Exceptionally quiet, refuses to speak, language barrier.'\""}"",""_telemetry"":{""slide_1"":{""pasted"":true,""keystrokes"":147,""duration_sec"":776},""slide_2"":{""pasted"":true,""keystrokes"":36,""duration_sec"":743},""slide_2_5"":{""pasted"":true,""keystrokes"":88,""duration_sec"":1110},""slide_3"":{""pasted"":true,""keystrokes"":349,""duration_sec"":506},""slide_4"":{""pasted"":true,""keystrokes"":51,""duration_sec"":519},""slide_5"":{""pasted"":true,""keystrokes"":5,""duration_sec"":416},""slide_6"":{""pasted"":true,""keystrokes"":180,""duration_sec"":384},""slide_7"":{""pasted"":true,""keystrokes"":43,""duration_sec"":323}},""slide_2"":""Annie spent time near the Shubenacadie River running along the river, picking sweetgrass with her grandmother, and learning how to smudge. Her mother told her, “Kinship is a circle that cannot be cut.” Before colonial control, the Mi’kmaq governed their territory through their own self governing system with district leadership, local chiefs, and the Grand Council. Mi’kma’ki had organized political relationships and systems of responsibility long before European governments arrived to establish their own."",""slide_2_5"":""The shared ancestors at the top of the tree are Joseph and Lena Googoo from Sipekne'katik First Nation. Mary’s branch  lost staus through the  Indian Act status rules, which caused both legal and identity problems for her descendants like Sarah Johnson. Annie’s branch was disrupted through the child welfare system when Annie was taken from her family, renamed “Anne Peters,” and separated from her language and culture. Both policies weakened family unity by separating relatives from each other, their identity and community"",""slide_3"":""{\""words\"":[\""resource\"",\""management\"",\""Housing\"",\""substandard\"",\""immediate\"",\""removal\"",\""in\"",\""best\"",\""interests\"",\""of\"",\""child\""],\""rationale\"":\""Lack of resource management-blames the parents instead of recognizing that government policies caused poverty and poor living conditions on many reserves which caused a lack of resources not bad management.\\nHousing substandard-The report focuses only on the  visabel condition of the house without explaining why it looks like that like for example land loss, but instead blaming the parents.\\nSaying removal is IN BEST INTEREST OF THE CHILD- This assumes government officials knew what was best  and what the child values, ignoreing the emotional harm caused by separating Annie from her family and culture.\""}"",""slide_4"":""Three fragments Annie remembers are 'a car', 'a clipboard', and 'her mother crying.' She also remembered a promise that the removal was temporary and a hand pulling her toward the road.The officials decisions were shaped by non-Indigenous ideas about family life, poverty, and what they believed was a “proper” upbringing for children. The 1951 amendments to the Indian Act gave provinces power over Indigenous child welfare. As a result, about 20,000 Indigenous children were removed during the Sixties Scoop."",""slide_5"":""{\""ans_0\"":\""This ignores Annie’s Mi’kmaw identity, family connections, language, culture, and community in Sipeknekatik. The name change symbolizes assimilation and the attempt to erase her original identity.\"",\""ans_1\"":\""A child in foster care would behave this way because Annie had been separated from her family, culture, language, and home. She experienced fear, grief, and trauma after being taken away.\""}"",""slide_6"":""Sarah’s case and Maya’s case are connected because both show the government controlling Indigenous people and families. Sarah’s family was affected by status laws in the Indian Act, while Maya’s family was affected by the Sixties Scoop, where children were taken from their homes. Both caused families to lose culture, language, and connection.Maya asks students to help find the truth because government records only tell the official side and leave out the pain families went through. She wants people to understand the real story behind the documents.'The inquiry question'.The government triea to decide what counted as a “good” family or proper care using non-Indigenous ideas. while when Indigenous  ideologies are taken around you can see their values for what care, belonging, and family mean is validly different and that should be taken into consideration."",""slide_7"":""{\""part_0\"":\""Sarah’s case and Annie’s case both show the government trying to erase Indigenous identity through official records and laws. In Sarah’s case, status rules under the Indian Act could remove a person’s legal identity as First Nations. In Annie’s case, her name was changed to “Anne Peters” and her status was marked “Inactive,” which separated her from her original family and community. Both policies disrupted family lines by weakening connections between generations, culture, and identity.\"",\""part_1\"":\""Leo’s case showed how the government ignored Mi’kmaw sovereignty and made decisions for Indigenous communities. This same idea explains why provincial child welfare workers could enter reserves and remove children even though Mi’kmaw communities already had their own kinship systems and ways of caring for children. The government believed its authority mattered more than Indigenous own self governance.\"",\""part_2\"":\""Residential schools caused trauma by separating children from their families, language, and culture. This trauma affected later generations and, along with poverty created by government policies, led to difficult living conditions on reserves. Welfare agents then labeled these conditions as “neglect\\\"" and used them as reasons to remove children. Residential schools and child welfare removals worked together as one system because both tried to separate Indigenous children from their families and assimilate them into non Indigenous society.\""}""}"
"1/6/2026, 10:37:32 AM",A Block (Waugh),JESSE (LOUP),MIKMAW11,Sixties Scoop — Maya Paul,INCREMENTAL_SAVE,"{""_timestamps"":{""start"":""2026-06-01T13:19:04.018Z"",""slide_1"":""2026-06-01T13:21:15.495Z"",""slide_2"":""2026-06-01T13:22:42.946Z"",""slide_2_5"":""2026-06-01T13:23:45.805Z"",""slide_3"":""2026-06-01T13:25:22.240Z"",""slide_4"":""2026-06-01T13:26:57.588Z"",""slide_5"":""2026-06-01T13:28:17.263Z"",""slide_6"":""2026-06-01T13:30:56.473Z"",""slide_7"":""2026-06-01T13:37:18.585Z""},""slide_1"":""{\""part_0\"":\""Joseph and Lena googoo of sipeknekatik first nation\"",\""part_1\"":\""Annie and Mary, summer before everything changed\"",\""part_2\"":\""Anne Peters exceptionally quite, refuse to speak, and lagunge barrier\""}"",""_telemetry"":{""slide_1"":{""pasted"":false,""keystrokes"":196,""duration_sec"":131},""slide_2"":{""pasted"":false,""keystrokes"":160,""duration_sec"":83},""slide_2_5"":{""pasted"":false,""keystrokes"":129,""duration_sec"":60},""slide_3"":{""pasted"":false,""keystrokes"":85,""duration_sec"":95},""slide_4"":{""pasted"":false,""keystrokes"":218,""duration_sec"":94},""slide_5"":{""pasted"":false,""keystrokes"":160,""duration_sec"":79},""slide_6"":{""pasted"":false,""keystrokes"":366,""duration_sec"":158},""slide_7"":{""pasted"":false,""keystrokes"":774,""duration_sec"":395}},""slide_2"":""she used hours running a long the shubie river, picking sweet grass with her grandmother, and learning to smugde \nkinship is a circle that cannot be cut"",""slide_2_5"":""Joeseph and Lena googoo\n\nwithout status the mother would have to leave the resver splitting up the familys"",""slide_3"":""{\""words\"":[\""inspector\"",\""dwelling\"",\""overcrowding\"",\""poverty\"",\""management\""],\""rationale\"":\""because these words sounds objective are judging the family living conditions\""}"",""slide_4"":""a car, a clipboard, her mother crying, a promise that this was temporary \n\nnon-indigenous ideas about family, poverty, and proper upbringing\n\nand approximately 20,000 children where removed from their homes"",""slide_5"":""{\""ans_0\"":\""this takes away her whole background her last name and where she got it from, and the story's that the names could have\"",\""ans_1\"":\""because they do not want to be there\""}"",""slide_6"":""sharahs  and mayas stories are part of the same colonial system. sarahs family was controlled by status rules, and mays family was affected by child  welfare taking shildren away,\n\nmaya asked students for help because government records dont show the full truth\n\nindigenous familys shoul;d decide what care, belongoning, and family mean"",""slide_7"":""{\""part_0\"":\""sharhahs case and mayas grandmother both show how the government erases indigenous identity on paper.\\n\\nsarahs family lost or had their status controlled under the indian act. mayas grandmother was renamed 'anne peters' and marked inactive whicth remover her real identity recoords\"",\""part_1\"":\""leos case shoes the government had more powers than mi'kmaw communitys\\n\\nchild welfare workers used provincial laws to decide if children were safe , even on reserves. this ignored mikmaw families and leaders.\"",\""part_2\"":\""residential schools broke families and caseued trauma. colonial policies also created poverty \\n\\nchild welfare called the effects \\\""neglect' and removed children\\n\\none system caused harm, and the other used it to justify taking more children\""}""}"
"5/28/2026, 3:16:44 PM",A Block (Waugh),Jon (DUDE),MIKMAW11,Sixties Scoop — Maya Paul,INCREMENTAL_SAVE,"{""_timestamps"":{""start"":""2026-05-27T15:59:07.098Z"",""slide_1"":""2026-05-27T16:17:44.420Z"",""slide_2"":""2026-05-27T16:33:41.138Z"",""slide_2_5"":""2026-05-27T16:40:08.045Z"",""slide_3"":""2026-05-27T16:52:52.457Z"",""slide_4"":""2026-05-27T16:59:35.021Z"",""slide_5"":""2026-05-27T17:04:29.775Z"",""slide_6"":""2026-05-28T17:44:30.070Z"",""slide_7"":""2026-05-28T18:16:44.608Z""},""slide_1"":""{\""part_0\"":\""According to the church card, her parents names are Joseph and Lena Googoo and her home community is Sipeknekatik First Nation.\"",\""part_1\"":\""The note written on the back is \\\""Annie & Mary, summer before everything changed.\\\"" The person who is with Annie is a girl named Mary probably a close friend of hers.\"",\""part_2\"":\""The assigned name that replaced her name is Anne Peters. The instructor's note read: \\\""She's exceptionally quiet, refuses to speak, language barrier.\\\""\""}"",""_telemetry"":{""slide_1"":{""pasted"":false,""keystrokes"":700,""duration_sec"":1086},""slide_2"":{""pasted"":false,""keystrokes"":817,""duration_sec"":952},""slide_2_5"":{""pasted"":false,""keystrokes"":507,""duration_sec"":382},""slide_3"":{""pasted"":false,""keystrokes"":782,""duration_sec"":762},""slide_4"":{""pasted"":false,""keystrokes"":495,""duration_sec"":399},""slide_5"":{""pasted"":false,""keystrokes"":464,""duration_sec"":293},""slide_6"":{""pasted"":false,""keystrokes"":1587,""duration_sec"":758},""slide_7"":{""pasted"":false,""keystrokes"":3316,""duration_sec"":1918}},""slide_2"":""She would spent hours running along the Shubenadadie River, picking sweetgrass with her grandmother and learning to smudge. She remebered a pharse her mother always said to her which was: \""Kinship is a circle that cannot be cut.\"" Long before colonial governments imposed control, the Mi'kmaq were a self-governing people with their own territory, district leadership, local chiefs, and the Grand Council. Mi'kma'ki was not empty land waiting for order, it was an organized homeland with political relationships, seasonal movement, and long-standing systems of responsibility."",""slide_2_5"":""Because Mary's life branch was shaped by the Indian Act registration rules and status restrictions. Annie was apprehended by social workers in 1963 at age 8. She was renamed Anne Peters by educational and provincial authorities. This made her separated from her language, name, and family. The shared ancestors at the top of the tree are Joseph and Lena Googoo."",""slide_3"":""{\""words\"":[\""Lacks\"",\""standard\"",\""municipal\"",\""infrastructure\"",\""Parents\"",\""cooperative\"",\""but\"",\""demonstrate\"",\""lack\"",\""of\"",\""resource\"",\""management\"",\""Recommended\"",\""immediate\"",\""removal\"",\""in\"",\""best\"",\""interests\"",\""of\"",\""child\""],\""rationale\"":\""Because these phrases show the house is in terrible condition. It's not the family's fault but the government's fault for not providing adequate housing on these reserves. Of course they recommend immediate removal of the child because they know how bad the quality of these houses are when they're the ones who provided these homes. Them recommending immediate removal makes it seem like the blame is on the family but in reality it's the government's fault.\""}"",""slide_4"":""She remembers a hand pulling her towards the road. She remembers being given a promise that was temporary. She remembers her mom crying as she was being taken away. The non-Indigenous ideas that prompted these decisions were family poverty and proper upbringing. The name of the 1951 law was the sixties scoop and approximately 20,000 Indigenous children were removed from their homes."",""slide_5"":""{\""ans_0\"":\""It ignores her original name and her language and family. Annie Googoo was unique name and Anne peters is a name generated from a computer.\"",\""ans_1\"":\""Because they're away from their family the people they love. She's not comfortable around the people at the Residential school so it makes sense that she quiet and distant from others.\""}"",""slide_6"":""Annie and Sarah were both greatly affected by the government. In Sarah's case, because one of her parents had partial status and the other one had no status, that resulted in her receiving no status and she missed out on countless benefits that could help her in the long run. In Annie's case, she was forcefully removed from her home by the government to attend residential school. She ended up being separated from her family for a long time. When she arrived at the residential school, anything that made her unique was stripped away from her. Her language, clothing, hair, and even her name was changed. All of the struggles Annie and Sarah have been through have been at the hands of the government. It seems the government have full control of what goes on in these famillies but it shouldn't be that way. The government shouldn't get to decide who's apart of the family, what kind of education the children get, and where they live. That should be up to the famillies. It's not the government's place to decide those things and they may believe they are doing the right thing but in reality it only causes more problems."",""slide_7"":""{\""part_0\"":\""Since Annie was at the residential school, her status was marked as inactive probably because she wasn't actively living on the reserve. Annie was forced to get rid of everything that made her unique including her clothing, hair, language and culture, and she was even forced to change her name. In Sarah's case, she wasn't taken away and forced to get rid of everything, but because the law, she would be in jeopardy to be able to call herself Mi'kmaw because of the status of her parents. Because her dad had partial status and her mom had no status, Sarah didn't have status which put her at a big disadvantage. These policies disrupted family lines since these policies erased records of people and potentially made family members not Mi''kmaw.\"",\""part_1\"":\""Because back then, the government didn't recognize the Mi'kmaw's way of living and there was tons of discrimination. They didn't recognize the land they lived on and the way they used the land. So that's how they were able to override Mi'kmaq community authority and go on their land and take away their children. In Leo's case, they wanted to shut down his shop because they didn't recognize the way he sold marijuana and the land he sold it on. He was able to fight it because of treaty agreements and land rights.\"",\""part_2\"":\""At residential schools, students were put through hell. They were abused in every possible way, they were forced to do hard labour, small mistakes led to big punishments and students were stripped of all their cultural identity. When children were removed from their homes, it was because their homes weren't in good condition. But the thing is, the homes were provided by the government. Homes were overcrowded and not fit to support big famillies, they were missing infrastructure, and were missing things like running water. So the government used the terrible homes they provided as justification for taking children out of their homes. These policies worked together as a single system of colonial control. They would provide terrible homes for famillies and then used those homes as a excuse to take children from their homes and put them in residential schools which were worse than the homes they were living in and put them through countless amounts of abuse.\""}""}"
"5/29/2026, 1:30:54 PM",A Block (Waugh),Julianne (WASH),MIKMAW11,Sixties Scoop — Maya Paul,INCREMENTAL_SAVE,"{""_timestamps"":{""start"":""2026-05-27T16:16:22.986Z"",""slide_1"":""2026-05-27T16:23:07.653Z"",""slide_2"":""2026-05-27T16:26:49.088Z"",""slide_2_5"":""2026-05-27T16:30:42.298Z"",""slide_3"":""2026-05-27T16:40:44.191Z"",""slide_4"":""2026-05-27T16:47:51.808Z"",""slide_5"":""2026-05-29T12:43:29.368Z"",""slide_6"":""2026-05-29T12:53:40.609Z"",""slide_7"":""2026-05-29T16:30:54.232Z""},""slide_1"":""{\""part_0\"":\""Annie's parents are Jospeh and Lena Googoo. Her home community is the Sipeknekatik First Nation.\"",\""part_1\"":\""The note is a handwritten pencil note about the girls in the photo before Annie was taken. Annie is pictured with what is most likely her sister, Mary.\"",\""part_2\"":\""Annie Googoo's name is replaced with 'Anne Peters'. The instructors note stated that she was quiet, refused to speak, and that there was a language barrier.\""}"",""_telemetry"":{""slide_1"":{""pasted"":false,""keystrokes"":610,""duration_sec"":405},""slide_2"":{""pasted"":false,""keystrokes"":492,""duration_sec"":216},""slide_2_5"":{""pasted"":false,""keystrokes"":485,""duration_sec"":228},""slide_3"":{""pasted"":false,""keystrokes"":890,""duration_sec"":528},""slide_4"":{""pasted"":false,""keystrokes"":794,""duration_sec"":459},""slide_5"":{""pasted"":false,""keystrokes"":430,""duration_sec"":210},""slide_6"":{""pasted"":true,""keystrokes"":2,""duration_sec"":257},""slide_7"":{""pasted"":true,""keystrokes"":1717,""duration_sec"":769}},""slide_2"":""Annie ran, picked sweetgrass, and learned how to smudge near the Shubenacadie River. Her mother said \""Kinship is a circle that cannot be cut\"". The Mi'kmaq governed their land with local, district and Grand chiefs, and was organized with seasonal movement and systems of responsibility."",""slide_2_5"":""The shared ancestors at the top of the tree are Joseph and Lena Googoo, Mary Googoo Johnson, and Annie Googoo (Anne Peters). The status loss on Mary's branch disconnected Sarah from her family's history, culture and identity. The child welfare apprehension on Annie's branch removed Annie and her decendents from her family, people, home, culture and language."",""slide_3"":""{\""words\"":[\""overcrowding\"",\""poverty\"",\""demonstrate\"",\""lack\"",\""of\"",\""resource\"",\""management\""],\""rationale\"":\""\\\""Overcrowding\\\"", the government did not give the Indigenous people adequate housing and is now using that as if it was their fault. \\\""Poverty\\\"", the Indigenous people were basically kicked out of the modern economy and weren't given jobs when they were put on these reserves, the government also mentions this like it's their fault. \\\""Lack of resource management\\\"", the Indigenous people weren't given the necesary resources to have a moderate life, the government is now expecting them to manage resources they never gave them.\""}"",""slide_4"":""A car, the child welfare people show up - A promise that this was temporary, the child wlfare employee lying that they would give Annie back so the parents wouldn't fight - A hand pulling her toward the road, Annie is being taken away from her family. The non-Indigenous ideas that shaped officials 'best interest' decisions was poverty, and proper upbringing (christian or white upbrining). The 1951 law was the 1951 amendment to the Indian Act, about 20 000 Indigenous children were removed from their homes."",""slide_5"":""{\""ans_0\"":\""It ignores her heritage and her identity before she was taken. It completely ignores that she is a person and not something to be fixed.\"",\""ans_1\"":\""A child in foster care would behave this way because they have lost their home, family, and the culture they were connected to. They have been taken away from everything they have known and the child is scared.\""}"",""slide_6"":""Annie was born to Joseph and Lena Googoo, with a younger sister, Mary. When Annie was eight years old social workers took her from her home claiming that the conditions she lived in were not adequate. She was given a new name in an attempt to change her identity completely with a new white family. This name was Anne Peters, a name that wasn’t connected to her family and culture that she was ripped away from. Sarah’s status being taken away and Annie being put into foster care was all the government's will of wanting control and to assimilate the Indigenous people into an all white society by severing their roots. Maya is asking students instead of government records to find the truth because the records are what the government used to legally remove children from their homes. By looking through it we can identify what happened and the impact it had to Annie’s family. The only people who get to decide what counts as care, belonging, and family is not the government or their documents. It is the people of blood relation and of that culture that gets to decide."",""slide_7"":""{\""part_0\"":\""In Sarah's case the stripping of legal status was used to separate people from their culture and benefits, Annie being renamed and having her status inactivated is to do the same thing they wanted with taking away Sarah's status. To lessen the numbers of legal Indigenous people and pretend as if they never existed. By taking away their legal status and by taking a child away from their family it cuts them off from their rights, history and the connection to their families.\"",\""part_1\"":\""The control the state had over everything made it so no one could argue with them at all. They could override traditional Mi'kmaw community authority and kinship networks to remove children from reserves because they made laws that specifically contradicted and discredited the Mi'kmaws governance.\"",\""part_2\"":\""The residential schools and the poverty of reserves left the Indigenous people traumatized and living in bad conditions. Those bad conditions were the direct result of the government trying to force the Indigenous people into assimilating into their society and taking away their culture. Child welfare used these bad conditions they put them in as an excuse to take their children away from them. The pain they suffered in residential schools and in child welfare was all the governments attempt at trying to kill the Indian in the child, and make them just like any other white, Chirstian person.\""}""}"
"5/29/2026, 1:49:11 PM",A Block (Waugh),Kevin (CHIG),MIKMAW11,Sixties Scoop — Maya Paul,INCREMENTAL_SAVE,"{""_timestamps"":{""start"":""2026-05-28T17:25:56.771Z"",""slide_1"":""2026-05-28T17:40:53.435Z"",""slide_2"":""2026-05-28T17:51:59.240Z"",""slide_2_5"":""2026-05-28T18:05:13.115Z"",""slide_3"":""2026-05-28T18:27:13.118Z"",""slide_4"":""2026-05-29T14:30:15.347Z"",""slide_5"":""2026-05-29T16:28:19.027Z"",""slide_6"":""2026-05-29T16:39:38.303Z"",""slide_7"":""2026-05-29T16:48:50.638Z""},""slide_1"":""{\""part_0\"":\""name of Annie's parents are Joseph and Lena. there home communitythe certificate dated 1955 it records the birth of Annie.\"",\""part_1\"":\""the note on the back of the fade photograph says something like Annie and her brother  before school and the picture shows Annie standing with her brother befor they were taken to the residential school.\"",\""part_2\"":\""on the school record card Annie's real name was replaced with the assigned name Anne peters the instructor also made a note about her speech saying that her english was  poor and needed a lot of improvement.\""}"",""_telemetry"":{""slide_1"":{""pasted"":false,""keystrokes"":644,""duration_sec"":870},""slide_2"":{""pasted"":false,""keystrokes"":443,""duration_sec"":769},""slide_2_5"":{""pasted"":false,""keystrokes"":479,""duration_sec"":1374},""slide_3"":{""pasted"":false,""keystrokes"":429,""duration_sec"":439},""slide_4"":{""pasted"":false,""keystrokes"":577,""duration_sec"":409},""slide_5"":{""pasted"":false,""keystrokes"":281,""duration_sec"":258},""slide_6"":{""pasted"":false,""keystrokes"":875,""duration_sec"":679},""slide_7"":{""pasted"":false,""keystrokes"":1211,""duration_sec"":562}},""slide_2"":""Annie was picking sweet grass and her mother was saying kinship was a circle that cannot be cut she belonged to a large mikmaq family and her grandmother made sure  that she knew where she came from and that kinship tied all of their people together. the mikmaq voern their traditional territory by  self governing people with their own district leadership like local chiefs and the grand council."",""slide_2_5"":""the shared ancestors at the top of the tree are the great grand parents and they raised Annie and mary in a community built on kinship and seasonal movements.  the status loss for Mary's branch under the indian act Mary likely lost status byt marrying annon indigenous man Annie's branch sixties scoop Annie's descemdemt were likely removed buy child welfare."",""slide_3"":""{\""words\"":[\""material\"",\""poverty\"",\""lack\"",\""of\"",\""resource\"",\""management\"",\""Housing\"",\""substandard\""],\""rationale\"":\""material poverty because this means their housing lacks actually innferstructure to be considered a safe area to live in. blames the parents for the effect of systemic economic hardship. Housing substandard because they use external  detached standards with out including the family's cultural or community support system.\""}"",""slide_4"":""1 a car 2 a clip board and 3her mother crying officials used the phrase best interests to justify removal by assuming nuclear familys were better thank indigenous kinship networks.in 1951 amendment to the Indian act gave the provinces control over indigenous child welfare. As a result about 20,000 indigenous children were removed during the sixties scoop."",""slide_5"":""{\""ans_0\"":\""the name change symbolized the people stealing her identity making her seem like someone who Annie googoo is not.\"",\""ans_1\"":\""the kids lost their family and were punished for culture or language and many had long intergenerational trauma.\""}"",""slide_6"":""Sarah's case and mayas both show colonial control over the indigenous lives Sarah's family was controlled through laws about status and identity , while mayas family was controlled through child welfare and family separation. both systems let the government decide who belong.\n\nMaya asks students to help find the truth because the government records oftend ignore  the pain and experiences of indigenous familey. she believes personal stories can tell her a fuller truth.\n\nthese story's show  how colonial government tried to decide what counted as care, belonging, and family instead of indigenous community's deicidng for them selves."",""slide_7"":""{\""part_0\"":\""the government used the Indian act rules to strip first nations status and this ties to mayas grandmothers story by the government both strips the indigenous persons true identity such as their name.  both policies tooks family's and peoples identitie by force with out concent.\"",\""part_1\"":\""the Leo's case is like how the provincial child welfare agents took children from reserves because the Leo case was about how the government forced entry on a truck but and the government forced a child to be removed from indigenous reserves both story's include the act of force full actions with out full concent or warning.\"",\""part_2\"":\""residential schools caused trama nad broke family's cultural connections. poverty on reserves was later called neglect to justify removing indigenous child from the reserves.\\n \\nTogether both residential schools  and child welfare worked as one system of colonial control by separatiing children from their families and culture.\""}""}"
"6/1/2026, 10:07:43 AM",A Block (Waugh),Lena (FOOD),MIKMAW11,Sixties Scoop — Maya Paul,INCREMENTAL_SAVE,"{""_timestamps"":{""start"":""2026-05-29T16:18:17.902Z"",""slide_1"":""2026-05-29T16:23:03.144Z"",""slide_2"":""2026-05-29T16:25:43.479Z"",""slide_2_5"":""2026-05-29T16:29:43.926Z"",""slide_3"":""2026-05-29T16:48:30.605Z"",""slide_4"":""2026-06-01T12:55:11.727Z"",""slide_5"":""2026-06-01T12:58:02.615Z"",""slide_6"":""2026-06-01T13:02:42.834Z"",""slide_7"":""2026-06-01T13:07:43.001Z""},""slide_1"":""{\""part_0\"":\""Parents: Joseph and Lena Googoo\\nHome Community: Sipekne’katik First Nation\"",\""part_1\"":\""The note on the back of the faded photograph reads: \\\""Annie & Mary, summer before everything changed.\\\""\\nMary is the person pictured with Annie.\"",\""part_2\"":\""\\\""Anne Peters\\\"". \\\""Exceptionally quiet, refuses to speak, language barrier.\\\""\""}"",""_telemetry"":{""slide_1"":{""pasted"":true,""keystrokes"":122,""duration_sec"":307},""slide_2"":{""pasted"":true,""keystrokes"":12,""duration_sec"":123},""slide_2_5"":{""pasted"":true,""keystrokes"":9,""duration_sec"":241},""slide_3"":{""pasted"":true,""keystrokes"":2,""duration_sec"":170},""slide_4"":{""pasted"":true,""keystrokes"":2,""duration_sec"":153},""slide_5"":{""pasted"":false,""keystrokes"":461,""duration_sec"":166},""slide_6"":{""pasted"":true,""keystrokes"":209,""duration_sec"":255},""slide_7"":{""pasted"":true,""keystrokes"":315,""duration_sec"":294}},""slide_2"":""Annie spent hours running along the river, picking sweetgrass with her grandmother, and learning to smudge. Her mother always said, \""Kinship is a circle that cannot be cut.\"" Before colonial control, the Mi'kmaq were a self-governing people with their own territory, district leadership, local chiefs, and a Grand Council."",""slide_2_5"":""As the younger sister of Annie Googoo, Mary’s life highlights how different colonial policies impacted the same family line. While Annie was affected by the Sixties Scoop, Mary’s branch of the family faced the legal consequences of the Indian Act. Mary's branch experienced \""status loss\"" or \""status erasure\"" due to the registration rules of the Indian Act. Historically, Indigenous women often lost their legal Indian status if they married a non-Indigenous person, a policy that also affected their children and subsequent generations like her granddaughter, Sarah Johnson. While Sarah Johnson's branch (Mary's descendants) struggled with the legal loss of status, Annie Googoo's branch (Maya's family) was disrupted by child welfare removals, showing the dual ways colonial laws targeted family unity."",""slide_3"":""{\""words\"":[\""conditions\"",\""of\"",\""severe\"",\""overcrowding\"",\""and\"",\""material\"",\""poverty\"",\""demonstrate\"",\""lack\"",\""of\"",\""resource\"",\""management\"",\""immediate\"",\""removal\"",\""in\"",\""best\"",\""interests\"",\""of\"",\""child\""],\""rationale\"":\""\\\""Conditions of severe overcrowding and material poverty\\\"" reflects bureaucratic detachment because it describes the symptoms of systemic government policy — underfunded reserves, land dispossession, restricted economic participation — as though they were neutral facts about a family, stripping away all historical and political context.\\n\\\""Demonstrate lack of resource management\\\"" reflects deep colonial bias because it frames the family's poverty as a personal failing or character flaw, completely ignoring that reserve residents had been deliberately excluded from land, wages, education, and economic opportunity for generations through federal policy.\\n\\\""Recommended: immediate removal in best interests of child\\\"" reflects both colonial bias and clinical detachment because it treats separation from family as a bureaucratic solution to a problem the government itself created, using the language of child welfare to justify an action that continued the same cultural destruction as the residential school system.\""}"",""slide_4"":""Annie's three memory fragments from the day she was taken are a car, a clipboard, her mother crying with a promise that it was temporary, and a hand pulling her toward the road. Officials used the phrase \""best interests\"" to disguise colonial values as child protection, assuming nuclear families were superior to Indigenous kinship networks, that material poverty signalled parental failure, and that a European-style upbringing was the standard all children should meet. The 1951 amendments to the Indian Act gave provinces jurisdiction over Indigenous child welfare, enabling the mass removals known as the Sixties Scoop, during which approximately 20,000 Indigenous children were taken and placed primarily with non-Indigenous families across Canada and the United States."",""slide_5"":""{\""ans_0\"":\""The name change clearly ignores Annie's identity in an attempt to shape her lifestyle into a Europeanized one as well as making her forget who she is and her roots.\"",\""ans_1\"":\""Attachment issues to her old family could be a reason Annie acts this way. She lost her positivity, she was stripped of her name, language, family,  and sense of home.\""}"",""slide_6"":""Annie Googoo was removed from her family during the Sixties Scoop, resulting by the 1951 amendments to the Indian Act which gave provinces power to intervene in Indigenous family life using standards that framed poverty as parental failure and not the result of dispossession. In Sarah's branch of the family, the state controlled identity through legal categories and status registration, while in Annie's branch it controlled belonging through child welfare removal. An outcome of the destruction of indigenous kinship. Maya turns to students rather than government records because official files were written by the systems that caused the harm, they were designed to make the removal look procedural rather than colonial. The person who gets to decide what counts as care, belonging, and family is Maya and Sarah, not the government."",""slide_7"":""{\""part_0\"":\""In Sarah's case, the Indian Act stripped legal status through family descent rules, erasing Indigenous identity on paper. The same logic appears in Annie's case, like when she was taken, she was renamed Anne Peters and her status marked inactive, severing her legal and cultural identity in a single administrative act. Even that both policies disrupt and targetted family lines by making Indigenous identity something the state could revoke, making sure that removal and erasure impacted heavily across generations.\"",\""part_1\"":\""Leo's case showed how provincial regulations were used to override Mi'kmaw treaty rights and sovereign authority over their own commerce and territory. The same theme explains how provincial child welfare agents could enter reserves and remove children without regard for Mi'kmaw kinship, structures, or community authority. The state simply refused to recognize Indigenous governance as legitimate, treating its own standards as the only ones that really mattered.\"",\""part_2\"":\""Residential schools heavily impacted families, suppressed language, and left deep intergenerational trauma, combined with the poverty that came from reserve confinement and dispossession to create visible signs of struggle in plenty of Indigenous communities. Provincial agents then looked at that inherited trauma and labelled it neglect, using the wounds colonial policy had created as justification for even further removal. Residential schools and child welfare were not separate programs, just that one broke the family inside the home, and the other removed the children who remained. Together completing a horrible system of cultural destruction portraying to be protection for these children.\""}""}"
"5/29/2026, 1:25:28 PM",A Block (Waugh),MAE (MAES),MIKMAW11,Sixties Scoop — Maya Paul,INCREMENTAL_SAVE,"{""_timestamps"":{""start"":""2026-05-27T16:18:40.190Z"",""slide_1"":""2026-05-27T16:24:22.951Z"",""slide_2"":""2026-05-27T16:29:57.419Z"",""slide_2_5"":""2026-05-27T16:45:54.114Z"",""slide_3"":""2026-05-27T16:46:56.217Z"",""slide_4"":""2026-05-27T16:51:39.120Z"",""slide_5"":""2026-05-27T16:58:21.207Z"",""slide_6"":""2026-05-27T17:02:37.296Z"",""slide_7"":""2026-05-29T16:25:28.037Z""},""slide_1"":""{\""part_0\"":\""According to the St. Anne’s Parish baptismal card, Annie’s parents are Joseph and Lena Googoo, and her home community is Sipekne’katik First Nation.\"",\""part_1\"":\""On the back of the faded photograph, the handwritten note reads:\\n“Annie & Mary, summer before everything changed.”\\n\\nThe photo shows Annie and another young girl named Mary, standing together on a wooden porch and laughing in the summer sun.\"",\""part_2\"":\""The school record card shows that Annie’s name was replaced with “Anne Peters” (with “Annie Googoo” crossed out in red ink).\\n\\nThe instructor’s note on her speech reads:\\n“Exceptionally quiet, refuses to speak, language barrier.”\""}"",""_telemetry"":{""slide_1"":{""pasted"":true,""keystrokes"":14,""duration_sec"":444},""slide_2"":{""pasted"":true,""keystrokes"":157,""duration_sec"":179},""slide_2_5"":{""pasted"":true,""keystrokes"":5,""duration_sec"":4},""slide_3"":{""pasted"":true,""keystrokes"":2,""duration_sec"":47},""slide_4"":{""pasted"":true,""keystrokes"":2,""duration_sec"":228},""slide_5"":{""pasted"":true,""keystrokes"":4,""duration_sec"":394},""slide_6"":{""pasted"":true,""keystrokes"":9,""duration_sec"":182},""slide_7"":{""pasted"":true,""keystrokes"":6,""duration_sec"":82}},""slide_2"":""She spent her time near the Shubnackity River smugding,  running along the river, and picking sweet grass with her grandma. Her mom said, “Kinship is a circle that cannot be cut.” \nBefore colonial control, the Mi’kmaq governed Mi’kma’ki through their own self-governing political system, which included district leadership, local chiefs, and the Grand Council, along with organized relationships and responsibilities across their territory."",""slide_2_5"":""Mary’s branch experienced status loss under the Indian Act, which reduced legal recognition and weakened her connection to community rights and identity. Annie’s branch experienced child welfare removal, where she was taken from her family and renamed, breaking direct kinship ties. Together, these policies disrupted family unity by separating relatives in different ways—one through legal identity erasure, and the other through physical removal and cultural separation."",""slide_3"":""{\""words\"":[],\""rationale\"":\""These phrases show colonial bias and bureaucratic detachment because they describe poverty as personal failure instead of the result of government policies. Terms like “substandard housing” and “lack of resource management” place blame on the family rather than acknowledging systemic causes like reserve underfunding and land dispossession. The phrase “No Cooperation” reduces complex family situations to judgmental labels without context. Finally, “in the best interests of child” sounds neutral, but it is used to justify removal while ignoring the historical conditions that created the hardship in the first place.\""}"",""slide_4"":""The text shows that Annie only remembers small fragments of the day she was taken, like a car, a clipboard, and her mother crying. This suggests the experience was traumatic and difficult to remember as a full story.\n\nIt also explains that the 1951 changes to the Indian Act gave provinces control over Indigenous child welfare, which led to the Sixties Scoop where about 20,000 children were removed from their homes.\n\nOfficials said they were acting in the “best interests of the child,” but this was based on non-Indigenous ideas about family and poverty. These ideas ignored Indigenous culture and the real reasons many families were struggling, which were caused by long-term government policies."",""slide_5"":""{\""ans_0\"":\""The name change from Annie Googoo to Anne Peters ignores her true identity as a Mi’kmaw child connected to her family, language, and community. It erases her kinship ties to her parents and Sipekne’katik First Nation and removes her original name, which carried her cultural and family history. Instead of recognizing her as part of a living community, the system treats her like a new, separate person, disconnected from who she really is.\"",\""ans_1\"":\""A child in foster care might act this way because she experienced trauma and separation. She lost her family, her home, her language, and familiar relationships. Her silence is not misbehavior—it reflects grief, confusion, and the impact of being taken from her kinship network.\""}"",""slide_6"":""Annie Googoo was taken from her Mi’kmaw family through the child welfare system and renamed Anne Peters. She lost her family, language, and connection to her community, and her “quiet” behaviour reflects trauma.\nColonial policies like the Indian Act, reserve underfunding, and residential schools created poverty and instability. These conditions were then used to justify removing Indigenous children, even though the system itself caused the harm.\nSarah’s case shows legal identity loss under the Indian Act, while Annie’s case shows physical removal through child welfare. Both are part of the same colonial system that controlled Indigenous identity and families in different ways."",""slide_7"":""{\""part_0\"":\""In Sarah’s case, the Indian Act erased Indigenous identity by removing legal status from people and their children. Maya’s grandmother experienced a similar form of erasure when she was renamed “Anne Peters” and her status was marked “Inactive.” Both policies disrupted family lines and weakened connections to community, culture, and treaty rights. The goal was assimilation by reducing the number of legally recognized Indigenous people.\"",\""part_1\"":\""Leo’s case showed how provincial governments ignored Mi’kmaw sovereignty and imposed their own authority. Child welfare agencies did the same by overriding Mi’kmaw kinship systems and community care practices to remove children from reserves. The state treated Indigenous peoples as subjects to control instead of nations with the right to govern themselves.\"",\""part_2\"":\""Residential schools caused deep trauma, loss of language, and broken family connections. Combined with poverty created by colonial policies, these conditions were later labeled as “neglect” by welfare agents to justify removing more children. Residential schools and the child welfare system worked together as one system of colonial control aimed at assimilation and breaking Indigenous families\""}""}"
"5/28/2026, 2:38:57 PM",A Block (Waugh),MATEO (YOLO),MIKMAW11,Sixties Scoop — Maya Paul,INCREMENTAL_SAVE,"{""_timestamps"":{""start"":""2026-05-27T16:06:57.812Z"",""slide_1"":""2026-05-27T16:12:12.924Z"",""slide_2"":""2026-05-27T16:19:14.380Z"",""slide_2_5"":""2026-05-28T17:32:02.518Z"",""slide_3"":""2026-05-28T17:34:14.844Z"",""slide_4"":""2026-05-28T17:37:28.961Z"",""slide_5"":""2026-05-28T17:38:57.263Z""},""slide_1"":""{\""part_0\"":\""Joseph and Lena Googoo of Sipeknekatik First Nation.\"",\""part_1\"":\""Annie & Mary, summer before everything changed.\"",\""part_2\"":\""Anne Peters, 'Exceptionally quiet, refuses to speak, language barrier.'\""}"",""_telemetry"":{""slide_1"":{""pasted"":true,""keystrokes"":44,""duration_sec"":323},""slide_2"":{""pasted"":true,""keystrokes"":14,""duration_sec"":406},""slide_2_5"":{""pasted"":false,""keystrokes"":70,""duration_sec"":364},""slide_3"":{""pasted"":false,""keystrokes"":59,""duration_sec"":131},""slide_4"":{""pasted"":true,""keystrokes"":15,""duration_sec"":191},""slide_5"":{""pasted"":false,""keystrokes"":109,""duration_sec"":87}},""slide_2"":""picking sweetgrass with her grandmother, and learning to smudge.\n 'Kinship is a circle that cannot be cut.'\nLong before colonial governments imposed control, the Mi'kmaq were a self-governing people with their own territory, district leadership, local chiefs, and the Grand Council."",""slide_2_5"":""because she married a non indigenous man she lost her status"",""slide_3"":""{\""words\"":[\""child\"",\""overcrowding\"",\""Parents\"",\""lack\"",\""of\"",\""resource\""],\""rationale\"":\""I chose them because they seemed more fit for the question\""}"",""slide_4"":""A car. A clipboard. Her mother crying. \nOfficials often claimed they were acting in the child's \""best interests,\"" but those decisions were shaped by non-Indigenous ideas about family, poverty, and proper upbringing.\nthe Indian Act."",""slide_5"":""{\""ans_0\"":\""it ignores her indigenous culture and heritage.\"",\""ans_1\"":\""mostly the loss of their home and family.\""}""}"
"6/3/2026, 2:10:58 PM",A Block (Waugh),Michael (MIKE),MIKMAW11,Sixties Scoop — Maya Paul,INCREMENTAL_SAVE,"{""_timestamps"":{""start"":""2026-05-28T17:32:16.494Z"",""slide_1"":""2026-05-28T17:49:32.899Z"",""slide_2"":""2026-05-28T18:03:46.317Z"",""slide_2_5"":""2026-06-03T16:12:03.478Z"",""slide_3"":""2026-06-03T16:14:54.924Z"",""slide_4"":""2026-06-03T17:02:38.280Z"",""slide_5"":""2026-06-03T17:06:01.016Z"",""slide_6"":""2026-06-03T17:08:15.960Z"",""slide_7"":""2026-06-03T17:10:23.169Z""},""slide_1"":""{\""part_0\"":\""The baptismal card says Annie’s parents were Joseph and Mary Googoo, and they lived in Whycocomagh, Nova Scotia.\"",\""part_1\"":\""The note on the photograph says “Annie and her brother before school.” The photo shows Annie with her brother.\"",\""part_2\"":\""The school record changed Annie’s name to “Anne Peters.” The instructor also noted that her English needed improvement, showing how the school tried to change her identity.\""}"",""_telemetry"":{""slide_1"":{""pasted"":true,""keystrokes"":18,""duration_sec"":1048},""slide_2"":{""pasted"":true,""keystrokes"":24,""duration_sec"":880},""slide_2_5"":{""pasted"":true,""keystrokes"":6,""duration_sec"":324},""slide_3"":{""pasted"":true,""keystrokes"":5,""duration_sec"":165},""slide_4"":{""pasted"":true,""keystrokes"":32,""duration_sec"":2861},""slide_5"":{""pasted"":true,""keystrokes"":6,""duration_sec"":201},""slide_6"":{""pasted"":true,""keystrokes"":3,""duration_sec"":134},""slide_7"":{""pasted"":true,""keystrokes"":9,""duration_sec"":158}},""slide_2"":""Annie ran by the Shubenacadie River, picked sweetgrass, and learned to smudge. Her mom said kinship is a circle that can’t be broken.\n\nThe Mi’kmaq had their own leaders and Grand Council before."",""slide_2_5"":""The shared ancestors are the parents of Annie Googoo and Mary Googoo Johnson. Mary's branch was affected by status loss under the Indian Act, while Annie's branch was affected by the Sixties Scoop. Both policies separated family members and weakened their connections to family, community, and culture."",""slide_3"":""{\""words\"":[\""severe\"",\""overcrowding\"",\""lack\"",\""of\"",\""resource\"",\""management\"",\""immediate\"",\""removal\"",\""in\"",\""best\"",\""interests\"",\""of\"",\""child\""],\""rationale\"":\""The report says Annie's home was overcrowded and poor, and it recommended removing her from her family. However, it ignored how government policies and the effects of residential schools contributed to these conditions, leading poverty to be treated as neglect.\""}"",""slide_4"":""Annie was taken during the Sixties Scoop, when many Indigenous children were removed from their families. Officials said it was for the child’s best interests, but this was based on unfair ideas about Indigenous families. Maya realizes Annie wasn’t just sent away she was taken by a system that harmed Indigenous people and comunities."",""slide_5"":""{\""ans_0\"":\""The name change shows how Annie’s identity was erased. “Annie Googoo” was her real family name, while “Anne Peters” was the new name given by the system, cutting her off from her family and culture.\"",\""ans_1\"":\""This description labels Annie’s behaviour without context. It ignores that she was a child who had just been taken from her family, culture, and language, which explains why she was quiet and withdrawn.\""}"",""slide_6"":""Annie Googoo was taken from her family during the Sixties Scoop and placed in foster care, where she lost her name, language, and connection to her community. Colonial policies like the Indian Act and residential schools created the poverty and disruption that were later used to justify her removal. Maya’s story shows child welfare removal, while Sarah’s shows control through legal status, but both come from the same system of colonial control over Indigenous families. In the end, the government decided what counted as “care” and “family,” not the families themselves."",""slide_7"":""{\""part_0\"":\""Both cases show identity being erased on paper. Sarah lost legal status under the Indian Act, while Annie was renamed “Anne Peters” and marked “Inactive” in foster care records. In both cases, the government changed how they were officially identified, which separated them from their families and broke family connections.\"",\""part_1\"":\""Leo’s case shows that provincial laws were treated as having more power than Mi’kmaw sovereignty and treaty rights. Because of this, child welfare agents were able to ignore Mi’kmaw community decisions and kinship systems and instead follow provincial rules. This let the state step in, define what counted as “proper care,” and remove children from reserves even when families and communities did not agree.\"",\""part_2\"":\""Residential schools caused long-term trauma by breaking families, language, and culture, while colonial policies also created poverty on reserves. Later, child welfare agents saw the results of this as “neglect” instead of the cause. Together, residential schools and child welfare worked as a system that kept removing Indigenous children and continued colonial control over families.\""}""}"
"2/6/2026, 11:02:05 AM",A Block (Waugh),Ruby (NECK),MIKMAW11,Sixties Scoop — Maya Paul,INCREMENTAL_SAVE,"{""_timestamps"":{""start"":""2026-05-31T21:31:46.618Z"",""slide_1"":""2026-05-31T21:34:46.273Z"",""slide_2"":""2026-05-31T21:39:16.619Z"",""slide_2_5"":""2026-06-01T12:39:01.427Z"",""slide_3"":""2026-06-01T12:44:04.330Z"",""slide_4"":""2026-06-01T12:56:14.562Z"",""slide_5"":""2026-06-01T12:59:22.082Z"",""slide_6"":""2026-06-01T13:01:24.755Z"",""slide_7"":""2026-06-01T13:03:41.194Z""},""slide_1"":""{\""part_0\"":\""According to the St. Anne’s Parish baptismal card, Annie’s parents are Joseph and Lena Googoo, and her home community is Sipekne’katik First Nation.\"",\""part_1\"":\""On the back of the faded photograph the handwritten note says “Annie & Mary summer before everything changed.” The photo shows annie and another young girl named mary standing together on a wooden porch and laughing in the summer sun.\"",\""part_2\"":\""The school record shows that Annie’s name was changed from “Annie Googoo” to “Anne Peters.” A note from her teacher says she was very quiet and did not speak because of a language barrier.\""}"",""_telemetry"":{""slide_1"":{""pasted"":true,""keystrokes"":55,""duration_sec"":486},""slide_2"":{""pasted"":true,""keystrokes"":35,""duration_sec"":89},""slide_2_5"":{""pasted"":true,""keystrokes"":13,""duration_sec"":99},""slide_3"":{""pasted"":true,""keystrokes"":36,""duration_sec"":336},""slide_4"":{""pasted"":true,""keystrokes"":10,""duration_sec"":41},""slide_5"":{""pasted"":true,""keystrokes"":18,""duration_sec"":116},""slide_6"":{""pasted"":true,""keystrokes"":9,""duration_sec"":119},""slide_7"":{""pasted"":true,""keystrokes"":8,""duration_sec"":132}},""slide_2"":""She spent her time near the Shubenacdie River smugding, running along the river, and picking sweet grass with her grandma. Her mom said “Kinship is a circle that cannot be cut.” \nBefore colonial control the Mi’kmaq governed Mi’kma’ki through their own self-governing political system which included district leadership, local chiefs, and the grand council with organized relationships and responsibilities across their territory."",""slide_2_5"":""Marys branch lost their Indian status which affected their rights and connection to their community. Annies branch was separated when she was taken from her family and renamed. Both policies split families apart one by taking away legal identity and the other by removing children from their families and culture."",""slide_3"":""{\""words\"":[\""lack\"",\""of\"",\""resource\"",\""Housing\"",\""substandard\"",\""in\"",\""best\"",\""interests\"",\""of\"",\""child\""],\""rationale\"":\""These phrases are biased because they blame families for their problems. Terms like “substandard housing” and “lack of resource management” suggest the family caused the issues. “No Cooperation” labels families in a bad way. The phrase “in the best interests of the child” was often used to justify taking children away instead of helping families with the challenges they faced.\""}"",""slide_4"":""Annie only remembers tiny pieces of the day she was taken like a car, a clipboard, and her mother crying. These small memories show that the event was so traumatic it broke her memory into fragments and making it too painful or difficult to remember as a full story."",""slide_5"":""{\""ans_0\"":\""Changing Annie Googoo’s name to Anne Peters took away part of her Mi’kmaw identity. It separated her from her family, culture, language, and community. Her original name connected her to her history but the new name made it seem like she was a different person.\"",\""ans_1\"":\""A child in foster care may act this way because she is sad and confused after being separated from her family. She lost her home, language, and people she knew. Her silence is a sign of grief and trauma its not bad behavior.\""}"",""slide_6"":""Annie Googoo was taken from her Mi’kmaw family and given a new name Anne Peters. She lost her family, language, and connection to her community. Her quiet behaviour was a result of trauma. Government policies made life harder for many Indigenous families. These problems were then used as reasons to take Indigenous children away from their homes. Sarah’s case shows how Indigenous identity could be taken away by law. Annie’s case shows how children were taken from their families. Both are examples of how colonial policies harmed Indigenous people and communities."",""slide_7"":""{\""part_0\"":\""In Sarah’s case the Indian Act took away Indigenous status from some people and their children. Maya’s grandmother faced something similar when her name was changed to Anne Peters and her status became inactive. Both situations separated people from their family, culture, community, and rights. The goal was to make Indigenous people give up their identity and fit into non-Indigenous society.\"",\""part_1\"":\""Leo’s case showed how the government ignored Mi’kmaw self-government and made decisions for them. Child welfare agencies did something similar by taking children away and ignoring Mi’kmaw family and community care systems. In both cases the government controlled Indigenous people instead of respecting their right to make their own decisions.\"",\""part_2\"":\""Residential schools caused trauma, loss of language, and separation from family. The effects of these schools and other government policies led to problems that were later used as reasons to take more Indigenous children away. Residential schools and the child welfare system both worked to separate Indigenous children from their families and cultures.\""}""}"
"6/1/2026, 10:35:22 AM",A Block (Waugh),Sonja (SONJ),MIKMAW11,Sixties Scoop — Maya Paul,INCREMENTAL_SAVE,"{""_timestamps"":{""start"":""2026-05-29T12:42:20.244Z"",""slide_1"":""2026-05-29T12:57:21.524Z"",""slide_2"":""2026-05-31T20:22:00.611Z"",""slide_2_5"":""2026-05-31T20:47:42.622Z"",""slide_3"":""2026-05-31T21:12:04.667Z"",""slide_4"":""2026-06-01T12:55:45.387Z"",""slide_5"":""2026-06-01T13:15:55.800Z"",""slide_6"":""2026-06-01T13:27:51.990Z"",""slide_7"":""2026-06-01T13:35:22.458Z""},""slide_1"":""{\""part_0\"":\""Annie's parents according to the church card are Joseph and Lena Googoo. Her home community is Sipekneatik First Nation.\"",\""part_1\"":\""On the back of the photo it says \\\""Annie and Mary, summer before everything changed.\\\"" In the photo with Annie I believe it's her sister because they look alike and they have some common things in the photo.\"",\""part_2\"":\""The name Annie was assigned in the school report card is Annie Peters, and what the teacher said about Annie speech was \\\""Exceptionally quiet, refuses to speak, language barrier.\\\""\""}"",""_telemetry"":{""slide_1"":{""pasted"":false,""keystrokes"":883,""duration_sec"":901},""slide_2"":{""pasted"":false,""keystrokes"":523,""duration_sec"":343},""slide_2_5"":{""pasted"":false,""keystrokes"":731,""duration_sec"":1538},""slide_3"":{""pasted"":false,""keystrokes"":203,""duration_sec"":1459},""slide_4"":{""pasted"":false,""keystrokes"":590,""duration_sec"":451},""slide_5"":{""pasted"":false,""keystrokes"":434,""duration_sec"":1209},""slide_6"":{""pasted"":false,""keystrokes"":874,""duration_sec"":726},""slide_7"":{""pasted"":false,""keystrokes"":853,""duration_sec"":438}},""slide_2"":""The activities that Annie did was she would run up and down the river picking sweet grass, and she would learn how to smudge. The thing that Annie's mother said to her was \""Kinship is a circle that cannot be cut.\"" Before colonial control the Mi'kmaq governed their traditional territory through chiefs and councils, this is where they would make important decisions together through discussion and consensus."",""slide_2_5"":""The shared ancestors at the top are Joseph and Lena GooGoo which are Mary and Annie's  parents. On Mary's side she had to go through the Indian Act which cause her daughter to have half the Indian status and her granddaughter to have no status (Sarah's case). However, on Annie's side she has to go through the Sixties Scoop. Both sides losses their culture, however Annie's side losses it right away while Mary's side had their culture but lost their status. Which also made them feel less closer to their family members who have the status."",""slide_3"":""{\""words\"":[\""overcrowding\"",\""poverty\"",\""infrastructure\""],\""rationale\"":\""These words show bias because labelling a family as overcrowded and poverty introduces bias by framing systematic failures, and infrastructure as personal or cultural shortcomings.\""}"",""slide_4"":""3 things that Annie remembered was a car, a promise that this temporary, and a hand pulling her towards the road. They would use the phrase \""best interests\"" because they wanted the Indigenous child to grow up in European standards, therefore they would say things to the parents such as material poverty to give \""evidence\"" that the child should't be in this home. 20,000 children were removed from their homes when the Sixties Scoop was happening."",""slide_5"":""{\""ans_0\"":\""This name change ignores who she is as a person and where she comes from. With the name change she doesn't feel connected to her culture.\"",\""ans_1\"":\""A child would behave like this in foster care because she was removed from her home and had to be put in a home with strangers. She is also losing part of her culture and language everyday due to the taken.\""}"",""slide_6"":""When Annie was little she was taken from her home because it was the \""best interest\"" for her. She was then put into a white home and he last named changed from Annie Googoo's to Annie Peter's, they did this so she would slowly start to lose her culture. She then grew up in European standards. Sarah's case relates to Maya's case by the government was trying to kill the Indian in the child, therefore one of their children went through the Indian act and the other one went through the child welfare. The families get to count what is belonging, care and family because they're the ones that care about them and will do  anything to protect their children."",""slide_7"":""{\""part_0\"":\""The government took her and decided to kill the Indian in the child, this caused her to lose her status and culture. This made a big impact on the child growing up because this would disconnect them from their culture and language.\"",\""part_1\"":\""The government was able to do this because they would make laws for the child and say this was for the best, and then say to the parents that they are doing this because of material poverty or they're not growing up in European standards.\"",\""part_2\"":\""These worked together by taking the Indian out of the child and making the grow up with European standards, this trauma created the child to be scared of their culture which then they would have to neglect it and become something they are not.\""}""}"
"6/1/2026, 6:07:02 PM",A Block (Waugh),Sophie (QASW),MIKMAW11,Sixties Scoop — Maya Paul,INCREMENTAL_SAVE,"{""_timestamps"":{""start"":""2026-05-27T15:58:56.646Z"",""slide_1"":""2026-05-27T16:08:31.905Z"",""slide_2"":""2026-05-27T16:21:36.773Z"",""slide_3"":""2026-05-27T16:38:53.056Z"",""slide_4"":""2026-05-27T16:47:43.820Z"",""slide_5"":""2026-05-27T16:55:31.380Z"",""slide_2_5"":""2026-06-01T19:59:15.260Z"",""slide_6"":""2026-06-01T20:28:10.781Z"",""slide_7"":""2026-06-01T21:06:54.664Z""},""slide_1"":""{\""part_0\"":\""Her parents names where Joseph Googoo and Lena Googoo.\\nHer home community is Sipeknekatik First Nation.\"",\""part_1\"":\""The note is Annie & Mary, summer before everything changed she is with a friend or sister named Mary.\"",\""part_2\"":\""The new name is Anne Peters, the thing that was said about her was that she was exceptionally quiet, refuses to speak language barrier.\""}"",""_telemetry"":{""slide_1"":{""pasted"":true,""keystrokes"":482,""duration_sec"":609},""slide_2"":{""pasted"":true,""keystrokes"":537,""duration_sec"":766},""slide_3"":{""pasted"":false,""keystrokes"":314,""duration_sec"":541},""slide_4"":{""pasted"":true,""keystrokes"":356,""duration_sec"":503},""slide_5"":{""pasted"":false,""keystrokes"":301,""duration_sec"":461},""slide_2_5"":{""pasted"":false,""keystrokes"":298,""duration_sec"":1090},""slide_6"":{""pasted"":false,""keystrokes"":582,""duration_sec"":417},""slide_7"":{""pasted"":false,""keystrokes"":702,""duration_sec"":2326}},""slide_2"":""She spent her time running around the river, picking sweet grass with her grandmother and learning to smudge.\nHer mother said Kinship is a circle that cannot be cut. \nThey governed their group by having their own territory district leadership, local chief and the grand council it was a organized  group of people"",""slide_3"":""{\""words\"":[\""overcrowding\"",\""material\"",\""poverty\"",\""immediate\"",\""removal\""],\""rationale\"":\""overcrowding - they have big family houses weren't built for it. \\nMaterial poverty - They don't have anything because it got taken away and or demolished.\\nImmediate removal - taking children away from the people protecting them.\""}"",""slide_4"":""3 fragments were a car, clipboard. her mother crying.\nThe non-indigenous beliefs were shaped from their ways of family poverty and upbringing and not the indigenous way.\nThe law was named the sixties scoop and 20,000 children were removed as an result."",""slide_5"":""{\""ans_0\"":\""The fact the Annie googoo was an actual human and had lived before and with the name changes you are restarting their life.\"",\""ans_1\"":\""They would be quiet and withdrawn because of what happened  they lost their family and themself's.\""}"",""slide_2_5"":""Joseph & Lena - Unity, Respect, Kinship\nMary - Indian act, laws, statues restrictions\nAnnie - Renamed by social workers\n\nThe distruption by the laws, child welfare did not allow family values of Unity, kinship and more to happen."",""slide_6"":""Sarah's and Maya's cases are in fact close to the same princepal but different versions of the same coin. Maya is asking students because they are the ones that will listen because the goverment will not. Who should get to decide what counts as care, belonging and family are the people that are living it and not people sitting in fancy offices thinking they know better then everyone."",""slide_7"":""{\""part_0\"":\""Both policies targeted family lines by disrupting what the goverment was uncultured. The theme of legal indentity erasure connents both stories because both went through the same thing.\"",\""part_1\"":\""They could override traditional values because at the time the Mi'kmaw were seen was an issue that they goverment had to fix even when they fought the goverment ruled against and beat the family's who refused to agree.\"",\""part_2\"":\""???\""}""}"
"6/1/2026, 9:46:27 AM",A Block (Waugh),VITUSZ (XDXD),MIKMAW11,Sixties Scoop — Maya Paul,INCREMENTAL_SAVE,"{""_timestamps"":{""start"":""2026-05-27T16:27:40.892Z"",""slide_1"":""2026-06-01T12:38:59.546Z"",""slide_2"":""2026-06-01T12:40:02.763Z"",""slide_2_5"":""2026-06-01T12:41:26.578Z"",""slide_3"":""2026-06-01T12:43:15.396Z"",""slide_4"":""2026-06-01T12:44:02.329Z"",""slide_5"":""2026-06-01T12:44:38.897Z"",""slide_6"":""2026-06-01T12:45:44.029Z"",""slide_7"":""2026-06-01T12:46:27.162Z""},""slide_1"":""{\""part_0\"":\""Joseph and Lena Googoo of Sipeknekatik First Nation.\"",\""part_1\"":\""Two young girls standing on a wooden porch, laughing in the summer sun. On the back, a hand-written pencil note reads: 'Annie & Mary, summer before everything changed.'\"",\""part_2\"":\""\\\""Anne Peters\\\"", Exceptionally quiet, refuses to speak, language barrier.\""}"",""_telemetry"":{""slide_1"":{""pasted"":true,""keystrokes"":25,""duration_sec"":195},""slide_2"":{""pasted"":true,""keystrokes"":4,""duration_sec"":13},""slide_2_5"":{""pasted"":true,""keystrokes"":94,""duration_sec"":82},""slide_3"":{""pasted"":true,""keystrokes"":9,""duration_sec"":108},""slide_4"":{""pasted"":true,""keystrokes"":2,""duration_sec"":46},""slide_5"":{""pasted"":true,""keystrokes"":4,""duration_sec"":54},""slide_6"":{""pasted"":true,""keystrokes"":5,""duration_sec"":46},""slide_7"":{""pasted"":true,""keystrokes"":6,""duration_sec"":42}},""slide_2"":""Annie spent time running along the Shubenacadie River, picking sweetgrass with her grandmother, and learning how to smudge. Her mother often told her, \""Kinship is a circle that cannot be cut,\"" meaning that family and community connections are strong and enduring.Before colonial control, the Mi'kmaq were a self-governing people. They governed Mi'kma'ki through district leadership, local chiefs, and the Grand Council. Their territory had established political systems, responsibilities, and relationships long before European governments imposed their authority."",""slide_2_5"":""Joseph and Lena Googoo are at the top of the tree. Status loss on Mary's branch and child welfare apprehension on Annie's branch disrupted family unity in similar ways. On Mary's branch, Indian Act rules could remove a person's legal Indigenous status, separating them from rights, community recognition, and connections to their culture. On Annie's branch, child welfare authorities physically removed children from their families and communities during the Sixties Scoop. Although these policies worked differently, both weakened family relationships, interrupted the passing of language and cultural traditions, and caused lasting impacts across generations. Together, they show how colonial policies targeted Indigenous families and contributed to the fragmentation of family and community ties."",""slide_3"":""{\""words\"":[\""lack\"",\""of\"",\""resource\"",\""management\"",\""Housing\"",\""substandard\"",\""immediate\"",\""removal\"",\""in\"",\""best\"",\""interests\"",\""of\"",\""child\""],\""rationale\"":\""1. \\\""Lack of resource management\\\""\\nThis phrase places responsibility on Annie's parents without considering the poverty and limited opportunities created by government policies on reserves. It assumes the family's situation was caused by poor choices rather than systemic barriers. . \\\""Substandard housing\\\""\\nWhile the housing conditions may have been poor, the report does not explain why. It ignores the effects of reserve confinement, underfunding, and inadequate government support that contributed to poor housing conditions in many Indigenous communities. \\\""Immediate removal in best interests of child\\\""\\nThis phrase assumes that removing Annie from her family was the best solution without considering alternatives or the importance of family, culture, language, and community connections. It reflects a paternalistic attitude in which government officials believed they knew what was best for Indigenous children.\\n\\nOverall Analysis:\\nThe report uses detached bureaucratic language that focuses on the family's living conditions while ignoring the historical and political causes of those conditions. It presents poverty as evidence of parental failure rather than recognizing how colonial policies created many of the challenges Indigenous families faced.\""}"",""slide_4"":""Annie remembers fragments of the day she was taken, including a car arriving, a clipboard held by officials, her mother crying, a promise that it was temporary, and a hand pulling her toward the road. The phrase “best interests of the child” was used to justify her removal, but it was based on biased assumptions that a nuclear family is superior to Indigenous kinship systems, that poverty equals neglect, that Western ways of raising children are the “proper” standard, and that Indigenous culture was something harmful that needed to be corrected or replaced. These beliefs ignored the reality that poverty was created by long-term colonial policies rather than parental failure. The 1951 amendments to the Indian Act gave provinces authority over Indigenous child welfare, which helped lead to the Sixties Scoop, during which approximately 20,000 Indigenous children were removed from their families and placed mostly in non-Indigenous homes across Canada and the United States."",""slide_5"":""{\""ans_0\"":\""The change from “Annie Googoo” to “Anne Peters” symbolizes the erasure of identity through colonial systems. In Mi’kmaw kinship reality, Annie was part of a connected family and community where she had language, relationships, culture, and a clear sense of belonging. The official file ignores all of that and replaces her with a new identity, as if her past life no longer matters. This name change ignores that her identity was rooted in her family, her Mi’kmaw language, and her community connections, all of which were forcibly disrupted.\"",\""ans_1\"":\""The description of her as “quiet, withdrawn, and difficult to place” reflects how a child in foster care would naturally respond after being separated from everything familiar. She lost her family, her language, her culture, and the emotional security of her kinship network. Her behavior is not evidence of a problem within her, but rather a response to trauma and loss caused by separation and forced assimilation.\""}"",""slide_6"":""Annie Googoo’s story shows how colonial policies separated Indigenous families and then justified that separation through official records by labeling her home conditions as “neglect,” even though those conditions were created by long-term colonial systems like reserve confinement, underfunding, and the impacts of residential schools. She was taken during the Sixties Scoop, renamed Anne Peters, and placed in foster care, where official documents described her as “quiet” and “difficult to place,” ignoring the trauma of losing her language, family, and Mi’kmaw kinship connections. Maya’s family story connects to Sarah’s because both branches were shaped by the Indian Act system, but in different ways: Sarah’s branch shows control through legal status and registration, while Annie’s branch shows control through child welfare removal, yet both systems disrupted Indigenous identity and family unity. These are two expressions of the same colonial story, where law defined who belonged and how, either by categorizing people on paper or by physically removing children from their families. Maya is asking students rather than government records because official files reflect the perspective of the system and often hide the human truth, while students can think critically and piece together what was left out. Ultimately, the question shows that care, belonging, and family should be defined by Indigenous peoples and their lived kinship systems, not by colonial governments that imposed narrow definitions and separated families."",""slide_7"":""{\""part_0\"":\""Sarah’s case shows how the Indian Act controlled identity by deciding who legally counted as Indigenous through status rules. This connects to Annie being renamed “Anne Peters” and marked as “Inactive” because both systems erased Indigenous identity on paper. In Sarah’s case, people could lose status and therefore legal recognition as part of their community, while in Annie’s case, her name was replaced and her records were rewritten when she entered the child welfare system. Both policies disrupted family lines by separating individuals from their legal and cultural ties, making it harder for families to remain connected across generations.\"",\""part_1\"":\""Leo’s case shows that provincial governments often overrode Mi’kmaw sovereignty and treaty rights by imposing their own laws and systems. This explains why provincial child welfare agents could remove children from reserves even though Mi’kmaw communities had their own kinship systems and responsibilities for caring for children. The state treated itself as the ultimate authority, ignoring Indigenous governance structures like the Grand Council and local community decision-making. This allowed child welfare workers to intervene in families without respecting traditional authority or the right of Indigenous communities to care for their own children.\"",\""part_2\"":\""The residential school system caused deep intergenerational trauma by breaking language, culture, and family connections, which weakened community stability over time. When combined with reserve poverty created by colonial policies, these conditions were then labeled as “neglect” by child welfare agents. Instead of recognizing the root causes, authorities blamed families and used the situation to justify removing more children. Together, residential schools and child welfare systems worked as one continuous system of control: residential schools disrupted families and culture, and child welfare systems removed children from those already affected communities, continuing the cycle of separation and assimilation.\""}""}"
"6/4/2026, 2:57:26 PM",A Block (Waugh),rose (ROSE),MIKMAW11,Sixties Scoop — Maya Paul,INCREMENTAL_SAVE,"{""_timestamps"":{""start"":""2026-05-28T17:27:56.838Z"",""slide_1"":""2026-05-28T17:34:38.719Z"",""slide_2"":""2026-05-28T17:38:59.006Z"",""slide_2_5"":""2026-05-28T17:45:47.437Z"",""slide_3"":""2026-05-29T16:35:19.150Z"",""slide_4"":""2026-05-29T16:49:20.715Z"",""slide_5"":""2026-05-29T16:59:05.003Z"",""slide_6"":""2026-05-29T17:06:07.849Z"",""slide_7"":""2026-06-04T17:57:26.057Z""},""slide_1"":""{\""part_0\"":\""Her parents were Joseph, and Lena Googoo. Her community was the Sipeknekatik First Nation.\"",\""part_1\"":\""\\\""Annie and Mary, the summer before everything changed.\\\"" The person pictured with annie is a girl named Mary, possibly a sister or cousin.\"",\""part_2\"":\""The name on the record was Anne Peters, her teacher wrote that she was very quiet, and had a language barrier.\""}"",""_telemetry"":{""slide_1"":{""pasted"":false,""keystrokes"":411,""duration_sec"":402},""slide_2"":{""pasted"":false,""keystrokes"":371,""duration_sec"":257},""slide_2_5"":{""pasted"":false,""keystrokes"":200,""duration_sec"":407},""slide_3"":{""pasted"":false,""keystrokes"":397,""duration_sec"":1983},""slide_4"":{""pasted"":false,""keystrokes"":636,""duration_sec"":341},""slide_5"":{""pasted"":false,""keystrokes"":348,""duration_sec"":126},""slide_6"":{""pasted"":false,""keystrokes"":843,""duration_sec"":421},""slide_7"":{""pasted"":false,""keystrokes"":1589,""duration_sec"":1164}},""slide_2"":""Annie would follow her grandmother around, and pick sweet grass, she was also learning to smudge. Her mother said \""kinship is a circle that can not be cut.\"" The text says that before the government took control, the Mi'kmaq had it's own government that kept everything organized, with seasonal moves, and long lasting systems."",""slide_2_5"":""The top of the family tree was Joseph, and Lena Googoo, Mary, and Annie's parents. After Annie was taken by social workers, and Mary lost her status, it separated the family."",""slide_3"":""{\""words\"":[\""Subject\"",\""poverty\"",\""management\""],\""rationale\"":\""I chose subject because, it makes her sound like a science experiment rather than a human child. I chose poverty because that isn't a good reason to take a child away from her family, and they wouldn't have done that if they weren't an Idigenous family. I chose magnagement because it makes it sound like a prison, or facility rather then a home.\""}"",""slide_4"":""\""A car. A clipboard. Her mother crying.\"" I think that the phrase \""best interests\"" really means that the government thought that being raised within Idigenous culture, and traditions was unnatural, and needed to be fixed they didn't actually care about what was good for the child or what wasn't. It seems the government used things like poverty. crowded houses, and poor management over the home as cover-up reasons to take the children. Aproximitly  20,000 Indigenous children were taken from their families."",""slide_5"":""{\""ans_0\"":\""The name change didn't just ignore her identity, it stripped her of it.\"",\""ans_1\"":\""In Annie's case she had just had her family, language, and culture taken away from her all at once. She was forced to learn a new language so it was more efficant for someone else. Any child would become quiet and withdrawn after all that.\""}"",""slide_6"":""Sarah and Maya's cases are connected because it all stems down to one thing, control. The government wanted control over whether someone could \""count\"" as what they are(Sarah's case), an d they wanted control over the upbringing of someone elses child( Maya's/Annie's case.) Maya is asking students for help because through out her grandmother's life the government has let her done in so many different ways. I think what counts is a loving family, a home you know you can always go back to, and most of all the knowledge that no matter what you are a person, and a valued member of the family in their eyes. It doesn't matter how much money or resources you have when you have everything listed above."",""slide_7"":""{\""part_0\"":\""I think it connects because Sarah had her status taken because she was a second gen Indigenous person. Annie had her status taken when her name was changed, Annie googoo still had status, Anne Peters didn't.\"",\""part_1\"":\""In Leo's they were picking and choosing what parts of the treaty to listen to, in Annie's case they are finding loop holes in the law so they can take as many Indigenous children from their families as possible.\"",\""part_2\"":\""The government didn't give the Mi'kmaq what they needed on the reserves. They had limited food, water, and warmth. The child welfare agents used this as a reason to take the children, even though it was the governments fault. Residential schools took children from their homes, changed theirs names, and didn't allow them to speak their language. The welfare agents took children from their homes, changed their names, and placed them in primarily white homes so they were forced to learn English. It was the same way of controlling them just in a different font.\""}""}"
"5/28/2026, 11:19:05 AM",C Block (Waugh),AIDEN (HOPE),MIKMAW11,Sixties Scoop — Maya Paul,INCREMENTAL_SAVE,"{""_timestamps"":{""start"":""2026-05-28T13:44:49.119Z"",""slide_1"":""2026-05-28T13:45:36.545Z"",""slide_2"":""2026-05-28T13:45:57.826Z"",""slide_2_5"":""2026-05-28T13:52:22.579Z"",""slide_3"":""2026-05-28T13:59:07.536Z"",""slide_4"":""2026-05-28T14:04:59.688Z"",""slide_5"":""2026-05-28T14:07:25.845Z"",""slide_6"":""2026-05-28T14:13:54.035Z"",""slide_7"":""2026-05-28T14:19:05.305Z""},""slide_1"":""{\""part_0\"":\""\\\""Its such a powerful detail in this chapter because it shows that the residential schools and the government tried to cover up details about the kids and their names and parts of their culture\\\""\"",\""part_1\"":\""\\\""It shows that her grandmother tried to push her memory about they schools and the trauma she has from the schools off to the side and keep this part of her life away from her family and forget about it.\\\""\"",\""part_2\"":\""\\\""Because the government might have tried to cover some things up about some family's storys because some of these storys could make the government look bad\\\""\""}"",""_telemetry"":{""slide_1"":{""pasted"":true,""keystrokes"":6,""duration_sec"":51},""slide_2"":{""pasted"":true,""keystrokes"":2,""duration_sec"":16},""slide_2_5"":{""pasted"":true,""keystrokes"":33,""duration_sec"":379},""slide_3"":{""pasted"":false,""keystrokes"":647,""duration_sec"":357},""slide_4"":{""pasted"":true,""keystrokes"":462,""duration_sec"":351},""slide_5"":{""pasted"":true,""keystrokes"":78,""duration_sec"":143},""slide_6"":{""pasted"":true,""keystrokes"":3,""duration_sec"":387},""slide_7"":{""pasted"":true,""keystrokes"":55,""duration_sec"":309}},""slide_2"":""\""Maya wants to know who Annie was before the government got involved so she can see her with culture, family, and identity not just a victim to the schools. Knowing about Mi’kmaw self government shows that the Mi’kmaq already had strong communities and systems of care, before the government did the ma"",""slide_2_5"":""Sarah Johnson's legal status case and Maya Paul's grandmother's child apprehension case is two similar expressions of the same goal of family/ identity eraseing as both show how systems worked to control Indigenous Identity and break up families."",""slide_3"":""{\""words\"":[\""poverty\"",\""cooperative\"",\""removal\""],\""rationale\"":\""I chose these three words because they all go together in a situation where if someone came and took a family's children from their home because. When people from the schools came to homes and did a mass removal the parents couldn't do anything to stop them and had to be cooperative while their kids were being taken. Also most of these family's came from poverty and even after their kids were gone they stayed in poverty and even got very sick.\""}"",""slide_4"":""Annie never did describe the day she was taken in one day but Maya was able to peice it together from fragments. Things Annie remembers would've been a car, a clipboard, and her mother crying over the situation. the government used words like \""best interests\"" to justify taking Indigenous children from their families. The law made the removal feel more official and powerful and this left many families afraid, and unable to do anything or have any word in stop the system."",""slide_5"":""{\""ans_0\"":\""Annie's original identity was still not gone, she was still connected to her Mi'kmaq family, her community, language, and her ancestors, even if the system had tried to rename her and hide all of this from her and her family\"",\""ans_1\"":\""Annie's silence can be seen as trauma from being separated from her family, her culture, and her own sense of belonging\""}"",""slide_6"":""Annie Francis was taken from her family during the sixties scoop after government officials claimed her home conditions were neglectful. Even though those conditions were caused by colonial policies like poverty, residential schools, and government control over Indigenous communities and has nothing to do with her family creating those conditions. Sarah's family story connects through the Indian act, which controlled who was legally recognized as Indigenous. Both of these cases show how the government used different systems to destroy Mi'kmaq identity, families, and their belonging to their culture. Maya asked us students to help find the truth because official records often ignored the human impact of colonialism and failed to really tell the truth in full."",""slide_7"":""{\""part_0\"":\""Sarah's case shows how the Indian act controlled who was legally recognized as indigenous. Status categories like 6(1) and 6(2) determined whether status could be passed down to future generations or not. Indigenous women who married non status men would lose their status following the old laws. The Bill C-31 and Bill S-3 tried to fix some of this discrimination. However, these laws still caused many Indigenous family lines to disappear from the official records of them over time.\"",\""part_1\"":\""Leo's treaty case explained how the 1752 peace and friendship treaty recognized Mi'kmaq trading rights and sovereignty in their communitys.  Article 4, called the Truck house clause, allowed Mi'kmaq people to trade freely, and to whoever they wanted too. The sparrow test also confirmed that indigenous rights are protected. However, section 88 of the Indian act allowed provincial laws to limit the rights. This showed how governments continued to control indigenous economies despite the treaty agreements.\"",\""part_2\"":\""Residential schools separated indigenous children from the families, culture, and language, causing long term trauma. Many of the survivors struggled with emotional pain, and family disruption upon returning home. The government underfunding also caused poverty and poor living conditions on many of the reserves. Provincial welfare workers often saw these conditions as neglect, instead of recognizing the harm actually caused by colonial policies. This ended up leading to more indigenous children being removed from their homes during the sixties scoop which led to continuing the system\""}""}"
"5/26/2026, 3:07:51 PM",C Block (Waugh),AIDEN (KING),MIKMAW11,Sixties Scoop — Maya Paul,INCREMENTAL_SAVE,"{""slide_1"":""{\""part_0\"":\""Its such a powerful detail in this chapter because it shows that the residential schools and the government tried to cover up details about the kids and their names and parts of their culture\"",\""part_1\"":\""It shows that her grandmother tried to push her memory about they schools and the trauma she has from the schools off to the side and keep this part of her life away from her family and forget about it.\"",\""part_2\"":\""Because the government might have tried to cover some things up about some family's storys because some of these storys could make the government look bad\""}"",""slide_2"":""Maya wants to know who Annie was before the government got involved so she can see her with culture, family, and identity  not just a victim to the schools. Knowing about Mi’kmaw self government shows that the Mi’kmaq already had strong communities and systems of care, before the government did the mass removal""}"
"6/1/2026, 1:38:10 PM",C Block (Waugh),Abdel (AAAW),MIKMAW11,Sixties Scoop — Maya Paul,INCREMENTAL_SAVE,"{""_timestamps"":{""start"":""2026-05-28T14:33:20.980Z"",""slide_1"":""2026-05-28T14:45:10.286Z"",""slide_2"":""2026-05-28T14:52:49.154Z"",""slide_2_5"":""2026-05-28T14:58:45.789Z"",""slide_3"":""2026-05-31T23:07:00.464Z"",""slide_4"":""2026-05-31T23:18:26.172Z"",""slide_5"":""2026-05-31T23:32:41.912Z"",""slide_6"":""2026-06-01T16:38:10.413Z""},""slide_1"":""{\""part_0\"":\""Annie's parents were jospeh and lena googoo they were from the first nation community of Sipekne’katik.\"",\""part_1\"":\""On the back of the photograph s written Annie and Mary summer before everything changed. the photo shows Annie standing with another young girl named Mary.\"",\""part_2\"":\""Annie's name was crossed out on the school record and changed to Anne googoo peters the teacher wrote she was very quiet wouldn't talk and there was a language barrier.\""}"",""_telemetry"":{""slide_1"":{""pasted"":true,""keystrokes"":498,""duration_sec"":709},""slide_2"":{""pasted"":false,""keystrokes"":711,""duration_sec"":453},""slide_2_5"":{""pasted"":false,""keystrokes"":357,""duration_sec"":351},""slide_3"":{""pasted"":false,""keystrokes"":514,""duration_sec"":1433},""slide_4"":{""pasted"":true,""keystrokes"":653,""duration_sec"":321},""slide_5"":{""pasted"":false,""keystrokes"":753,""duration_sec"":848},""slide_6"":{""pasted"":false,""keystrokes"":345,""duration_sec"":963}},""slide_2"":""annie loved to run along the shubenacadie river, pick sweet grass with her grandmother and learn to smudge. her mother told her kinship is a circle that cannot be cut the mi'kmaq were self governing people with their own territory, district leadership, local chiefs and the grand council before colonial control third homeland mi'kma'ki was an organized society with political relationship, seasonal movement and strong systems of responsiblity."",""slide_2_5"":""The common ancestors at the top of the tree are joseph and lena googoo who raised both Annie and Mary in the sipehnekatik first nation the loss of status on mary's branch and the removal of Annie by social workers in 1963 broke up the kinship circle of their family separating relatives and weakening their cultural ties."",""slide_3"":""{\""words\"":[\""Subject\"",\""child\"",\""Lacks\"",\""standard\"",\""municipal\"",\""infrastructure\"",\""demonstrate\"",\""lack\"",\""of\"",\""resource\"",\""management\""],\""rationale\"":\""The inspector's cold language like subject child treats Annie as an object and not a real person. phrases like lack standard municipal infrastructure and demonstrate lack of resource management unfairly blame the family for poverty that the government actually caused this cold official language masks a history of unfair treatment making it sound like bad parenting when it was government policies.\""}"",""slide_4"":""She remembers bits and pieces the car pulling p her mother crying a hand pulling her towards the car the trauma making it hard to remember the whole day they masked their colonial assumptions that European style families were better poverty meant bad parenting and indigenous culture was harmful in the phrase best interests when in fact they were forcing assimilation not protecting children. the sixties scoop saw the removal of approximately 20,000 indigenous children in the 1960s and in 1951 amedments to the Indian act shifted jurisdication over indigenous child welfare to the province."",""slide_5"":""{\""ans_0\"":\""She completely erased her mi'kmaw identity her family history and her connection to the sipeknekatik first nation by changing her name to Anne Peters it didn't understand that Annie googoo bound her to her parents her kinship circle and a culture where identity is rooted in community and belonging not a government label.\"",\""ans_1\"":\""Annie's quiet withdrawn behaviour was a trauma reaction to being ripped away from her family, language and culture she wasn't being difficult she was grieving the loss of her home, her sister, her community and her sense of safety leaving her feeling totally separated and afraid.\""}"",""slide_6"":""Annie googoo was taken when she was eight years old during the sixties scoop renamed Anne Peters and forced to leave her language and culture behind the poverty that justified her removal was created not by parental failure but by indian act policies and underfunded reserves.""}"
"6/7/2026, 11:44:58 AM",C Block (Waugh),Abigail (ABIS),MIKMAW11,Sixties Scoop — Maya Paul,INCREMENTAL_SAVE,"{""_timestamps"":{""start"":""2026-06-04T14:37:39.998Z"",""slide_1"":""2026-06-04T14:45:22.873Z"",""slide_2"":""2026-06-04T14:51:20.690Z"",""slide_2_5"":""2026-06-04T15:01:08.640Z"",""slide_4"":""2026-06-05T18:07:43.993Z"",""slide_3"":""2026-06-07T14:02:19.870Z"",""slide_5"":""2026-06-07T14:23:25.361Z"",""slide_6"":""2026-06-07T14:29:48.456Z"",""slide_7"":""2026-06-07T14:44:58.754Z""},""slide_1"":""{\""part_0\"":\""Joseph and Lena Googoo of Sipeknekatik First Nation\"",\""part_1\"":\""Annie & Mary, summer before everything changed\"",\""part_2\"":\""Anne Peters - Exceptionally quiet, refuses to speak, language barrier\""}"",""_telemetry"":{""slide_1"":{""pasted"":true,""keystrokes"":16,""duration_sec"":463},""slide_2"":{""pasted"":true,""keystrokes"":13,""duration_sec"":349},""slide_2_5"":{""pasted"":true,""keystrokes"":180,""duration_sec"":585},""slide_4"":{""pasted"":true,""keystrokes"":9,""duration_sec"":943},""slide_3"":{""pasted"":false,""keystrokes"":480,""duration_sec"":1134},""slide_5"":{""pasted"":true,""keystrokes"":4,""duration_sec"":561},""slide_6"":{""pasted"":true,""keystrokes"":3,""duration_sec"":378},""slide_7"":{""pasted"":true,""keystrokes"":10,""duration_sec"":905}},""slide_2"":""She spent hours running along the Shubenacadie river, picking sweetgrass with her grandmother, and learning to smudge. \nKinship is a circle that cannot be cut.\nMi'kmaq were a self-governing people with their own territory, district leadership, local chiefs, and the Grand Council."",""slide_2_5"":""Joseph & Lena Googoo\nHer life branch was shaped by the Indian Act registration rules and status restrictions. \nApprehended by social workers in 1963 at age 8. Renamed 'Anne Peters' by educational and provincial authorities. Separated from her language, name, and family.\nBoth of these factors took away the traditional mi'kmaq culture from these kids and one kid was taking away from their family making confusing in identity and relation."",""slide_4"":""A car. A clipboard. Her mother crying. A promise that this was temporary. A hand pulling her toward the road. They use the phrase best interest as a way to say that indigenous family not fit to raise their own children because What happened European upbringing which  was the standard meaning they wouldn't learn English “proper” spiritual beliefs European chores.When the province got jurisdiction over indigenous children welfare, approximately 20,000 indigenous children were removed from their families ."",""slide_3"":""{\""words\"":[\""Lacks\"",\""standard\"",\""municipal\"",\""infrastructure\"",\""lack\"",\""of\"",\""resource\"",\""immediate\"",\""removal\""],\""rationale\"":\""I choose these phrases because they are living with what they were giving after they had everything taken away from them. They're just getting by and trying to do good by their family but it doesn't meet the european stadards even though the erupeans are the ones in control of the resouce they can have. Talking about Annie Googoo like she is an oject that they have controll over and like they know how she feels or how she is being treated is \\\""not right\\\"".\""}"",""slide_5"":""{\""ans_0\"":\""The name change completely ignores her indigenous culture and identity.\"",\""ans_1\"":\""I believe a kid acts this way when they are afraid and in this case afraid of being punished physically and harmed. Any lost her culture and her family and her free will because she had to pretend to be something she was not.\""}"",""slide_6"":""What happened to Annie Googoo was unfortunately the act of indigenous child welfare removal of indigenous children and hopes of assimilating First Nation culture by raising indigenous children in European environment. They Justified these removals as  being the appropriate decision because they said they would not get proper education or care with their indigenous families.Maya's and Sarah's family stories connect because  the reasoning behind both actions were to assimilate indigenous culture. The province made up of settlers decided what's considered the norms and care and family."",""slide_7"":""{\""part_0\"":\""These connect because in Sarah's condition the government legally took away her Indian status while Annie was forcefully stripped of her status because she was taken away from her family these posts disrupted their connection to their indigenous community and culture.\"",\""part_1\"":\""In both cases the crown is going against the agreement  from between them and make the witch go against the mall Network there's a trend of the crown doing what they want because the mi’kmaw have no controlcompared to the government.\"",\""part_2\"":\""Residential schools my families feel disconnected and unwelcome to their culture and communities Which combined with the date of the reserves create the look of families being distant and unloving. It's became very hard and frustrating to continue practicing your culture and along with the pressure of the government with all these systems made it easy for the crown to gain control.\""}""}"
"5/28/2026, 11:18:56 AM",C Block (Waugh),Anthony (JUNE),MIKMAW11,Sixties Scoop — Maya Paul,INCREMENTAL_SAVE,"{""_timestamps"":{""start"":""2026-05-28T13:55:59.072Z"",""slide_1"":""2026-05-28T14:07:36.879Z"",""slide_2"":""2026-05-28T14:07:52.965Z"",""slide_2_5"":""2026-05-28T14:08:05.679Z"",""slide_3"":""2026-05-28T14:10:18.730Z"",""slide_4"":""2026-05-28T14:10:43.685Z"",""slide_5"":""2026-05-28T14:11:33.302Z"",""slide_6"":""2026-05-28T14:14:14.717Z"",""slide_7"":""2026-05-28T14:18:47.183Z""},""slide_1"":""{\""part_0\"":\""The name change is an important detail in the chapter because it shows how Residential Schools and the government attempted to erase Indigenous identity and culture. By changing children’s names, they were no longer called by their Indigenous names, making it easier for their traditions and connections to be taken away.\"",\""part_1\"":\""The box shows that all three ideas are connected. The items inside carried stories and memories that were once hidden or forgotten. They acted as keepsakes that helped preserve Annie’s past, even though many people were afraid to speak openly about their experiences and memories.\"",\""part_2\"":\""It may only reveal part of a family’s story because many records were incomplete or written from the government’s perspective instead of the family’s. Names were often misspelled or changed, and many personal experiences were never documented at all.\""}"",""_telemetry"":{""slide_1"":{""pasted"":true,""keystrokes"":0,""duration_sec"":252},""slide_2"":{""pasted"":true,""keystrokes"":0,""duration_sec"":12},""slide_2_5"":{""pasted"":true,""keystrokes"":0,""duration_sec"":11},""slide_3"":{""pasted"":true,""keystrokes"":0,""duration_sec"":48},""slide_4"":{""pasted"":true,""keystrokes"":0,""duration_sec"":24},""slide_5"":{""pasted"":true,""keystrokes"":0,""duration_sec"":36},""slide_6"":{""pasted"":true,""keystrokes"":0,""duration_sec"":23},""slide_7"":{""pasted"":true,""keystrokes"":0,""duration_sec"":279}},""slide_2"":""Maya wants to understand who Annie was before officials shaped her story so she can see Annie as a complete person rather than only through the government’s description. Learning about Mi’kmaw self-governance also shows how child removal often reflected a clash between Indigenous systems of care and government control, where authorities ignored community leadership."",""slide_2_5"":""Sarah Johnson’s legal status case and Maya Paul’s grandmother’s child apprehension case both represent attempts at erasing Indigenous family ties and identity. Each example shows how colonial systems were used to control Indigenous people and separate families."",""slide_3"":""{\""words\"":[],\""rationale\"":\""The reason I chose the words material, poverty, lack, and standard is because they reflect the expectations the government created for families. These standards caused many Indigenous children to be removed from their homes. Since poverty rates were so high due to colonial policies, many families could not meet these expectations, leading to children being taken away.\""}"",""slide_4"":""Maya pieces the day together through fragments because trauma and shock can cause memories to become broken apart. The phrase best interests hides the colonial beliefs used to justify removing Indigenous children from their families. The law made these actions seem official and powerful, leaving many families frightened and unable to resist the system."",""slide_5"":""{\""ans_0\"":\""Annie’s identity was never truly erased because she remained connected to her Mi’kmaq family, community, language, and ancestors, even though the system tried to rename her and hide those connections.\"",\""ans_1\"":\""Annie’s silence and withdrawal can be understood as effects of trauma caused by separation from her family, culture, and sense of belonging.\""}"",""slide_6"":""Annie Francis was taken from her family during the Sixties Scoop after officials claimed her living conditions were neglectful. However, those conditions were heavily influenced by colonial policies, including poverty, Residential Schools, and government control over Indigenous communities. Sarah’s family story is connected through the Indian Act, which determined who was legally recognized as Indigenous. Both situations show how the government used different systems to weaken Mi’kmaw identity, family connections, and belonging. Maya asked students to help uncover the truth because official records often ignored the human impact of colonialism and failed to tell the complete story."",""slide_7"":""{\""part_0\"":\""Sarah’s case and Maya’s grandmother’s case both show how colonial systems tried to erase Indigenous identity and break family connections. Sarah lost her legal status through the Indian Act, while Annie was renamed “Anne Peters” and marked as “inactive,” which disconnected her from her Mi’kmaq identity and family history. Both policies were used to control Indigenous people and weaken family lines by removing their identity, culture, and sense of belonging.\"",\""part_1\"":\""Leo’s case shows how provincial governments ignored Mi’kmaw sovereignty and community authority. Child welfare agents were able to override traditional Mi’kmaw kinship systems and remove children from their homes because the government believed its laws had more power than Indigenous self-governance. This allowed officials to separate children from their families and communities even when Indigenous people had their own ways of caring for children.\"",\""part_2\"":\""Residential Schools caused deep trauma by separating Indigenous children from their language, culture, and families. This trauma, along with poverty on reserves caused by colonial policies, created conditions that welfare agents labeled as “neglect.” Instead of addressing the causes of poverty and trauma, the government used child welfare systems to remove more children from their homes. Residential Schools and child welfare worked together as one system of colonial control because both aimed to weaken Indigenous identity, break family connections, and increase government control over Indigenous communities.\""}""}"
"5/27/2026, 9:30:16 AM",C Block (Waugh),Anthony (K00l),MIKMAW11,Sixties Scoop — Maya Paul,INCREMENTAL_SAVE,"{""slide_1"":""{\""part_0\"":\""The name change is powerful because it shows how identity and culture were taken away from Indigenous children. Changing someone’s name can erase family history and connection to their community. It represents control and the attempt to make children forget who they really were.\"",\""part_1\"":\""The box suggests that memories and trauma can stay hidden for years. Silence may protect painful experiences, but it can also stop families from healing. The box symbolizes emotions, stories, and truths that were locked away because of fear, shame, or hurt.\"",\""part_2\"":\""Official records may only tell part of a family’s story because they often leave out emotions, personal experiences, and the voices of the people affected. Records focus on facts and documents, but families carry memories, pain, traditions, and perspectives that cannot always be written down.\""}"",""slide_2"":""Maya needs to know who Annie was before officials because records do not show her full identity or culture. Understanding Mi’kmaw self-governance shows that Indigenous families had their own ways of caring for children before outside authorities judged them."",""slide_2_5"":""Both cases show colonial policies erasing Indigenous identity and separating families through legal status rules and child apprehension.""}"
"2026-05-26, 9:11:55 PM",C Block (Waugh),CHRISTOPHER (CHIP),MIKMAW11,Sixties Scoop — Maya Paul,INCREMENTAL_SAVE,"{""slide_1"":""{\""part_0\"":\""The name change is such a powerful detail in the chapter as it shows that Residential schools and the government tried to erase details about Indigenous children, and their culture. Them changing their names meant that they wouldn't be addressed by their indigenous name, and that the culture could be fully stripped away from them.\"",\""part_1\"":\""The box suggests that all 3 of these are connected. The items shared stories that were hidden or forgotten, these items were a keepsake to never forget her past. But also some people were scared to hide their stories and the memories.\"",\""part_2\"":\""It may only tell a part of a family's story as many documents were incomplete, or written by the government, instead of the family themselves.  Names were misspelled, or changed, and many personal experiences were never recorded.\""}"",""slide_2"":""Maya needs to know who Annie was before the officials entered her story so she could see Annie as a full person rather than who the government described her as that could really have a negative impact on how she really is. Understanding Mi'kmaw self-governance shows that neglect and removal can reflect a conflict between indigenous and state systems of child care, and where authorities override community authority."",""slide_2_5"":""Sarah Johnson's legal status case and Maya Paul's grandmother's child apprehension case is two expressions of the same goal of family/ identity erasure as both show how colonial systems worked to control Indigenous Identity and break up families."",""slide_3"":""{\""words\"":[\""family\"",\""dwelling\"",\""of\"",\""material\"",\""poverty\"",\""standard\"",\""lack\"",\""of\"",\""resource\"",\""best\"",\""interests\"",\""of\""],\""rationale\"":\""The reason why I chose the words material, poverty, lack, and standard is because this is what they thought people had to live up too. They created a standard which caused so many children to be removed from their homes. With the rate of poverty being is high, families could rarely live up to these standards, and their children would be taken away instantly.\""}"",""slide_4"":""Maya pieces the day together through fragments because trauma and shock can break memories apart. The phrase \""best interests\"" hides the colonial beliefs the government used to justify taking Indigenous children from their families. The law made the removal feel more official and powerful, leaving many families afraid, and unable to do anything, or stop the system."",""slide_5"":""{\""ans_0\"":\""Annie's identity was not gone, she was still connected to her Mi'kmaq family, her community, language, and her ancestors, even if the system had tried to rename her and hide all of this from her.\"",\""ans_1\"":\""Annie's silence and her withdrawal can be seen as trauma from being separated from her family, her culture, and her own sense of belonging.\""}"",""slide_6"":""Annie francis was take from her family during the sixties scoop after government officials claimed her home conditions were neglectful. However, those conditions were caused by colonial policies like poverty, residential schools, and government control over Indigenous communities. Sarah's family story connects through the Indian act, which controlled who was legally recognized as Indigenous. Both cases show how the government used different systems to weaken Mi'kmaq identity, families, and their belonging. Maya asked us students to help find the truth because official records often ignored the human impact of colonialism and fail to really tell the full story.""}"
"6/4/2026, 5:32:12 PM",C Block (Waugh),Caitlyn (CAIT),MIKMAW11,Sixties Scoop — Maya Paul,INCREMENTAL_SAVE,"{""_timestamps"":{""start"":""2026-06-03T12:57:18.056Z"",""slide_1"":""2026-06-04T20:01:34.359Z"",""slide_2"":""2026-06-04T20:04:25.721Z"",""slide_2_5"":""2026-06-04T20:06:15.857Z"",""slide_3"":""2026-06-04T20:17:36.817Z"",""slide_4"":""2026-06-04T20:19:54.322Z"",""slide_5"":""2026-06-04T20:21:25.108Z"",""slide_6"":""2026-06-04T20:24:46.427Z"",""slide_7"":""2026-06-04T20:32:12.268Z""},""slide_1"":""{\""part_0\"":\""Joseph and Lena Googoo of sipeknekatik First Nation\"",\""part_1\"":\""Annie and Mary, summer before everything changed\"",\""part_2\"":\""‘Anna Peters’ exceptionally quiet, refuses to speak, and language barrier.\""}"",""_telemetry"":{""slide_1"":{""pasted"":false,""keystrokes"":237,""duration_sec"":181},""slide_2"":{""pasted"":false,""keystrokes"":339,""duration_sec"":169},""slide_2_5"":{""pasted"":false,""keystrokes"":141,""duration_sec"":107},""slide_3"":{""pasted"":false,""keystrokes"":63,""duration_sec"":546},""slide_4"":{""pasted"":false,""keystrokes"":288,""duration_sec"":136},""slide_5"":{""pasted"":false,""keystrokes"":167,""duration_sec"":89},""slide_6"":{""pasted"":false,""keystrokes"":418,""duration_sec"":199},""slide_7"":{""pasted"":false,""keystrokes"":1024,""duration_sec"":445}},""slide_2"":""She spent hours tuning along the shubenacadie river, picking sweetgrass with her grandmother and learning to smudge. ‘Kinship is a circle that came be cut.’  Territory, district leadership, local chiefs, and the grand council. Mikmaw was not empty land waiting for order."",""slide_2_5"":""Joseph and Lena Googoo. Without status the mother would have to leave the reserve splitting up families."",""slide_3"":""{\""words\"":[\""inspector\"",\""dwelling\"",\""overcrowding\"",\""poverty\"",\""management\""],\""rationale\"":\""Because these words sound objective and judging the family living conditions\""}"",""slide_4"":""A car, a clipboard, her mother crying. A promise that this was temporary. Non indigenous ideas about family, poverty and proper upbringing. And approximately 20 000 kids were removed  from there homes"",""slide_5"":""{\""ans_0\"":\""This takes away her whole back ground and last name and where she got it from, all the stories that name could have.\"",\""ans_1\"":\""Because they don’t want to be there.\""}"",""slide_6"":""Sarahs and mayas stories are part of the same colonial system. Sarah’s family was controlled by status rules, and Mayas family was affected by child welfare taking children away. Maya ask students for help because government records don’t show the full truth. Indigenous families should decide what care, belonging and family mean."",""slide_7"":""{\""part_0\"":\""Sarahs case and mayas grandmother both show how government erased indigenous identity on paper. Sarahs family lost or had their status controlled under the Indian act. Mayas grandmother was renamed “Anne peters” and marked “inactive” which removed her real identity in records. Both systems broke family connections by changing names and status.\"",\""part_1\"":\""leos case shows the government had more powers then mikmaw communities. Child welfare workers used provincial laws to decode if Clifton were safe, even on reserves. This ignored mikmaw families and leaders because state laws were treated as stormer, they could take kids away from there families.\"",\""part_2\"":\""Residential schools broke families and caused trauma. Colonial policies also created poverty. Child welfare called the effects “neglect” and removed children. One system caused harm and the other used it to justify taking away more kids.\""}""}"
"5/29/2026, 10:21:39 AM",C Block (Waugh),Caleb (CALE),MIKMAW11,Sixties Scoop — Maya Paul,INCREMENTAL_SAVE,"{""_timestamps"":{""start"":""2026-05-27T12:36:45.918Z"",""slide_1"":""2026-05-27T12:44:58.505Z"",""slide_2"":""2026-05-27T12:52:52.960Z"",""slide_2_5"":""2026-05-27T13:30:53.445Z"",""slide_3"":""2026-05-27T13:36:46.754Z"",""slide_4"":""2026-05-28T18:12:29.079Z"",""slide_5"":""2026-05-29T12:58:35.669Z"",""slide_6"":""2026-05-29T13:12:31.093Z"",""slide_7"":""2026-05-29T13:21:34.776Z""},""slide_1"":""{\""part_0\"":\""Joseph and Lena Francis from Sipeknekatik Frist Nation.\"",\""part_1\"":\""The note on the back of the photograph says \\\""The summer before everything changed.\\\"" Im guessing the young girl with Annie is her younger sister named Mary.\"",\""part_2\"":\""The name replaced was Annie Peters. The instructor wrote that Annie was very quiet and refused to speak.\""}"",""_telemetry"":{""slide_1"":{""pasted"":false,""keystrokes"":424,""duration_sec"":501},""slide_2"":{""pasted"":true,""keystrokes"":63,""duration_sec"":106},""slide_2_5"":{""pasted"":false,""keystrokes"":582,""duration_sec"":541},""slide_3"":{""pasted"":false,""keystrokes"":100,""duration_sec"":353},""slide_4"":{""pasted"":true,""keystrokes"":380,""duration_sec"":889},""slide_5"":{""pasted"":true,""keystrokes"":42,""duration_sec"":253},""slide_6"":{""pasted"":true,""keystrokes"":57,""duration_sec"":828},""slide_7"":{""pasted"":true,""keystrokes"":191,""duration_sec"":547}},""slide_2"":""Annie spent time running along the Shubenacadie River picking sweetgrass with her grandmother and learning how to smudge. Her mother always told her that kinship is a circle that cannot be cut. Before colonial control the Mi'kmaq governed Mi'kma'ki with their own leaders, local chiefs and the Grand."",""slide_2_5"":""It disrupted family unity because they are basically in two different family's now. Both the sisters were separated into two different family's and had kids. Also the grandparents don't even share the same last name anymore."",""slide_3"":""{\""words\"":[\""overcrowding\"",\""lack\"",\""substandard\""],\""rationale\"":\""All three of these words means that something is not up to date or is not such a great thing.\""}"",""slide_4"":""Three fragments Annie remembers are a car, a clipboard and her mother crying. The officials best interests decisions were shaped by non Indigenous ideas about family and  proper up bringing. The 1951 law to the Indian Act gave provinces power over Indigenous child welfare. 20,000 Indigenous children were removed from their homes during the Sixties Scoop."",""slide_5"":""{\""ans_0\"":\""This name change ignored Annie’s indigenous identity and her connection to her family and culture. It showed how the system tried to get rid of who she was and make her fit into another culture.\"",\""ans_1\"":\""Annie may have acted this way because she lost her home, language and family connections. She was likely sad, scared, and lonely after being taken away from the people who cared for her.\""}"",""slide_6"":""Annie Googoo was taken from her family through the child welfare system and was named Anne Peters which separated her from her Indigenous culture, language and family. Sarahs and Mayas family stories both show how colonial government systems controlled Indigenous people and decided what counted as care and family."",""slide_7"":""{\""part_0\"":\""Both Sarahs case and Mayas grandmothers case show how the government used laws and records to get rid of Indigenous identity and weaken family connections. Changing Annie Googoo’s name to Anne Peters and marking her status as inactive separated her from her culture and family line just like Indian Act rules removed status from First Nations people.\"",\""part_1\"":\""Leo’s case showed how the government ignored indigenous sovereignty and took control over indigenous communities. This shows why provincial child welfare workers believed they had the right to remove children from reserves instead of respecting indigenous family and community care systems.\"",\""part_2\"":\""Residential schools caused trauma, loss of language and family separation. While poverty on reserves made conditions even harder for families. Child welfare systems used these things as reasons to remove children so both systems worked together to control and assimilate them.\""}""}"
"2026-05-28, 11:02:12 AM",C Block (Waugh),Christopher (Chris) (RACE),MIKMAW11,Sixties Scoop — Maya Paul,INCREMENTAL_SAVE,"{""_timestamps"":{""start"":""2026-05-27T12:25:41.417Z"",""slide_1"":""2026-05-27T12:44:59.469Z"",""slide_2"":""2026-05-27T12:45:18.517Z"",""slide_2_5"":""2026-05-27T12:45:28.100Z"",""slide_3"":""2026-05-27T12:46:46.817Z"",""slide_4"":""2026-05-27T12:47:01.699Z"",""slide_5"":""2026-05-27T12:47:25.915Z"",""slide_6"":""2026-05-27T12:47:46.700Z"",""slide_7"":""2026-05-27T12:57:54.224Z""},""slide_1"":""{\""part_0\"":\""\\\""The name change is such a powerful detail in the chapter as it shows that Residential schools and the government tried to erase details about Indigenous children, and their culture. Them changing their names meant that they wouldn't be addressed by their indigenous name, and that the culture could be fully stripped away from them.\\\""\"",\""part_1\"":\""The box suggests that all 3 of these are connected. The items shared stories that were hidden or forgotten, these items were a keepsake to never forget her past. But also some people were scared to hide their stories and the memories.\\\""\"",\""part_2\"":\""\\\""It may only tell a part of a family's story as many documents were incomplete, or written by the government, instead of the family themselves. Names were misspelled, or changed, and many personal experiences were never recorded.\\\""\""}"",""_telemetry"":{""slide_1"":{""pasted"":true,""keystrokes"":6,""duration_sec"":59},""slide_2"":{""pasted"":true,""keystrokes"":2,""duration_sec"":18},""slide_2_5"":{""pasted"":true,""keystrokes"":2,""duration_sec"":9},""slide_3"":{""pasted"":true,""keystrokes"":2,""duration_sec"":32},""slide_4"":{""pasted"":true,""keystrokes"":2,""duration_sec"":14},""slide_5"":{""pasted"":true,""keystrokes"":4,""duration_sec"":24},""slide_6"":{""pasted"":true,""keystrokes"":2,""duration_sec"":15},""slide_7"":{""pasted"":false,""keystrokes"":1556,""duration_sec"":1685}},""slide_2"":""\""Maya needs to know who Annie was before the officials entered her story so she could see Annie as a full person rather than who the government described her as that could really have a negative impact on how she really is. Understanding Mi'kmaw self-governance shows that neglect and removal can reflect a conflict between indigenous and state systems of child care, and where authorities override community authority.\"""",""slide_2_5"":""\""Sarah Johnson's legal status case and Maya Paul's grandmother's child apprehension case is two expressions of the same goal of family/ identity erasure as both show how colonial systems worked to control Indigenous Identity and break up families.\"""",""slide_3"":""{\""words\"":[\""family\"",\""dwelling\"",\""conditions\"",\""severe\"",\""material\"",\""Lacks\"",\""Parents\"",\""lack\"",\""Housing\"",\""removal\"",\""best\"",\""interests\""],\""rationale\"":\""\\\""The reason why I chose the words material, poverty, lack, and standard is because this is what they thought people had to live up too. They created a standard which caused so many children to be removed from their homes. With the rate of poverty being is high, families could rarely live up to these standards, and their children would be taken away instantly.\\\""\""}"",""slide_4"":""\""Maya pieces the day together through fragments because trauma and shock can break memories apart. The phrase \""best interests\"" hides the colonial beliefs the government used to justify taking Indigenous children from their families. The law made the removal feel more official and powerful, leaving many families afraid, and unable to do anything, or stop the system.\"""",""slide_5"":""{\""ans_0\"":\""\\\""Annie's identity was not gone, she was still connected to her Mi'kmaq family, her community, language, and her ancestors, even if the system had tried to rename her and hide all of this from her.\\\""\"",\""ans_1\"":\""\\\""Annie's silence and her withdrawal can be seen as trauma from being separated from her family, her culture, and her own sense of belonging.\\\""\""}"",""slide_6"":""\""Annie francis was take from her family during the sixties scoop after government officials claimed her home conditions were neglectful. However, those conditions were caused by colonial policies like poverty, residential schools, and government control over Indigenous communities. Sarah's family story connects through the Indian act, which controlled who was legally recognized as Indigenous. Both cases show how the government used different systems to weaken Mi'kmaq identity, families, and their belonging. Maya asked us students to help find the truth because official records often ignored the human impact of colonialism and fail to really tell the full story.\"""",""slide_7"":""{\""part_0\"":\""Sarah's case shows how the Indian act controlled who was legally recognized as indigenous. Status categories like 6(1) and 6(2) determined whether status could be passed down to future generations. Indigenous women who married non status men would lose their status following the old laws. Bill C-31 and Bill S-3 tried to fix some of this discrimination. However, these laws still caused many Indigenous family lines to disappear from the official records of them over time.\"",\""part_1\"":\""Leo's treaty case explained how the 1752 peace and friendship treaty recognized Mi'kmaq trading rights and sovereignty.  Article 4, called the Truck house clause, allowed Mi'kmaq people to trade freely, and to whoever they wanted too. The sparrow test also confirmed that indigenous rights are protected. However, section 88 of the Indian act allowed provincial laws to limit the rights. This showed how governments continued to control indigenous economies despite the treaty agreements.\"",\""part_2\"":\""Residential schools separated indigenous children from the families, culture, and language, causing long term trauma. Many of the survivors struggled with emotional pain, and family disruption upon returning home. The government underfunding also caused poverty and poor living conditions on many of the reserves. Provincial welfare workers often saw these conditions as neglect, instead of recognizing the harm actually caused by colonial policies. This ended up leading to more indigenous children being removed from their homes during the sixties scoop, continuing the system.\""}""}"
"5/27/2026, 10:17:14 AM",C Block (Waugh),Clara Jones (CLAR),MIKMAW11,Sixties Scoop — Maya Paul,INCREMENTAL_SAVE,"{""slide_1"":""{\""part_0\"":\""Joseph and Lena Francis of sipeknekatik first nations.\"",\""part_1\"":\""A hand written pencil note that says Annie and marry summer before everything changed.\"",\""part_2\"":\""Anne Peters and the instructor wrote exceptionally quiet, refuses to speak, language barrier.\""}"",""slide_2"":""Annie used to run along the shubenacadie river and her mother said that kinship is a circle that cannot be cut. The mikmaq were self governing with chiefs and a grand council."",""slide_2_5"":""Joseph and Lena googoo are the shared ancestors. She was shaped by the Indian act and staus restrictions and renamed without their consent"",""slide_3"":""{\""words\"":[\""overcrowding\"",\""Housing\"",\""substandard\""],\""rationale\"":\""The report says that the living conditions were not liveable and that they would remove the child for its best interest. These words show how awful it can be to live in poverty.\""}"",""slide_4"":""Maya remembers the car a hand pulling her away and a promise that was temporary. The officials said it was in mayas best interest and they removed around 20,000 indigenous children across Canada."",""slide_5"":""{\""ans_0\"":\""The officials ignored her culture, identity and took away her indigenous name.\"",\""ans_1\"":\""A child might act that way because they are stripped from their culture and away from loved ones.\""}"",""slide_6"":""Annie was taken because she was living in horrible living conditions in poverty, and the government thought it was in her best interest to leave leaving Annie with no choice. Annies identity got taken away and her name was changed. She was quiet and deprived of her culture and her loved ones. Maya is asking students rather than records because the students have the actual truth not the sugar coated truth."",""_timestamps"":{""start"":""2026-05-27T12:26:37.748Z"",""slide_1"":""2026-05-27T12:33:39.027Z"",""slide_2"":""2026-05-27T12:36:56.418Z"",""slide_2_5"":""2026-05-27T12:40:31.217Z"",""slide_3"":""2026-05-27T12:42:44.374Z"",""slide_4"":""2026-05-27T12:46:53.543Z"",""slide_5"":""2026-05-27T12:49:43.228Z"",""slide_6"":""2026-05-27T12:53:16.504Z"",""slide_7"":""2026-05-27T13:17:14.056Z""},""_telemetry"":{""slide_1"":{""pasted"":true,""keystrokes"":286,""duration_sec"":419},""slide_2"":{""pasted"":false,""keystrokes"":181,""duration_sec"":199},""slide_2_5"":{""pasted"":false,""keystrokes"":147,""duration_sec"":211},""slide_3"":{""pasted"":false,""keystrokes"":200,""duration_sec"":132},""slide_4"":{""pasted"":false,""keystrokes"":219,""duration_sec"":251},""slide_5"":{""pasted"":false,""keystrokes"":187,""duration_sec"":165},""slide_6"":{""pasted"":false,""keystrokes"":512,""duration_sec"":210},""slide_7"":{""pasted"":false,""keystrokes"":1056,""duration_sec"":466}},""slide_7"":""{\""part_0\"":\""Sarah did not have staus because of the cutoff, this recently changed. The old rule was if you married a nonstatus your child does not get status, and Mayas grandmother got her identity taken away by taking her last name. This shows how the government can just play with our rights.\"",\""part_1\"":\""It relates to the child welfare workers which work for the government and the cannabis stores because even though the people are on indigenous land the government just takes everything away from them.\"",\""part_2\"":\""All these horrible conditions like poverty, bad living conditions were the reasons child welfare workers removed children from their homes because they believed they were getting neglected and even if the child was happy they did not have a choice.\"",\""part_3\"":\""The child welfare workers would gaslight the families into thinking their child would be better off somewhere else and they take away all their rights leaving the indigenous with no choices. The government have set up a system where they can just play with peoples lives.\""}""}"
"5/28/2026, 11:58:16 AM",C Block (Waugh),HARJAS (COLD),MIKMAW11,Sixties Scoop — Maya Paul,INCREMENTAL_SAVE,"{""slide_1"":""{\""part_0\"":\""The name is powerful because it shows Annies identity being taken away. Residential schools Changing her name from Annie Francis to Annie peters, symbolizes how indegenious children were forced to leave behind their culture and family identity. This shocks maya because she realizes  her grandmothers story was hidden.\"",\""part_1\"":\""The box represents memory, silence and trauma. Annie kept it hidden for years because the memories were painful, but she also kept it as proof of what happpened to her. The objects inside show that even though she stayed silent for a long time, she never forgot her experience.\"",\""part_2\"":\""Official records only tell part of a family's story because they focus on facts instead of emotions. The government form lists Annie as a child at residential school, but it does not show her fear, sadness, or the pain she carried for years.\""}"",""slide_2"":""Maya needs to know who annie was before the officials entered her story because Annie was more than the government file or a victim. she was a loved Mi'kmaw child who laughed, spent time with family, and learned traditions from her community. This helps maya see the full person annie was before the residential school tried to erase her identity.  Understanding Mi'kmaw self governance changes the later chapters because it shows indegenious communities already had strong leadership, culture, and systems of care. This makes the removal of the children seem more like control cultural destruction rather than help or protection."",""slide_2_5"":""sarah johnson's case and Annie Francis's case are similar because both show colonial systems broke up the same family in different ways.  To begin with Sarah's branch lost indegenious status through the indian act, which erased legal identity over generations. Annie's branch was taken through child welfare removal, where she seperated from her family, renamed, and disconnected from her language and culture. Even though one is legal erasure and the other is physical seperation, both had the same goal, which was to break the mi'kmaw family ties and weaken their identies across their generations."",""_timestamps"":{""start"":""2026-05-27T23:22:35.153Z"",""slide_3"":""2026-05-28T14:22:49.090Z"",""slide_4"":""2026-05-28T14:32:15.303Z"",""slide_5"":""2026-05-28T14:36:11.469Z"",""slide_6"":""2026-05-28T14:58:16.049Z""},""slide_3"":""{\""words\"":[\""poverty\"",\""lack\"",\""of\"",\""resource\"",\""management\"",\""Housing\"",\""substandard\""],\""rationale\"":\""I chose poverty, housing substandard, and lack of resource management, because i think they reflect colonial bias. \\nPoverty - This reflects detachment because it describes the family's situation like a simple fact instead of explaining the systemic causes and the effects of residential school, economic hardship, and systemic barriers faced by indegenious communities.   \\n- Housing substandard shows bureaucratic detachment by labelling the home conditions without acknowledging the long history of underfunding, land loss, and federal control that contributed to poor housing on reserves.  \\n- Lack of resource management This shows colonoal bias because it displays the family's struggles as a poor parenting rather than recognizing that many indigenious communities faced poverty and dependence caused by government policies and reserve conditions.\""}"",""_telemetry"":{""slide_3"":{""pasted"":false,""keystrokes"":1346,""duration_sec"":1651},""slide_4"":{""pasted"":false,""keystrokes"":712,""duration_sec"":562},""slide_5"":{""pasted"":false,""keystrokes"":450,""duration_sec"":235},""slide_6"":{""pasted"":false,""keystrokes"":1086,""duration_sec"":1192}},""slide_4"":""Three fragments Annie remembers are a car, a clipboard and her mother crying. She also remembers a promise that the removal was temporary  and a hand pulling her toward the road. The officials \"" best interests\"" decisions were shaped by non indegenious ideas about family, poverty and proper upbringing.   The 1951 amendments to the indian act gave provinces power over indigenious child welfare. As a result of the sixties scoop, aproximately 20,000 indigenious children were removed from their homes and placed into mostly non-indigenous homes."",""slide_5"":""{\""ans_0\"":\""The named changed ignored Annies's Mi'kmaw identity, family ties, language , culture, culture and connection to her community. It symbolized assimilation and the erasing of her original identity.\"",\""ans_1\"":\""A child foster care maybehave this way because they experienced trauma and loss. Annie lost her family, sense od belonging, language, culture, and feeling of safety and home.\""}"",""slide_6"":""Annie Googoo was taken from her family  during the sixties scoop and placed into foster care, where her name was changed into Anne Peters. She lost connection to her family, language, culture and community. Officials used poverty and housing conditions to justify her removal, but those condiotions were created by colonial policies like the indian act, reserve confinement, underfunding, and residential schools. \nMaya's family's story connects to sarah's because both show how the government controlled indigenious indentity and belonging. Sarah's case used legal status categories, while Annie's case used the child welfare system. In both situations, colonial systems decided who belonged and how indigenious families should live. Which shows how colonial systems controlled both legal and identity and family life of indigenious people""}"
"2026-05-27, 10:27:35 AM",C Block (Waugh),Isabella Beck (BELL),MIKMAW11,Sixties Scoop — Maya Paul,INCREMENTAL_SAVE,"{""slide_1"":""{\""part_0\"":\""The name change is powerful because it shows her identity being taken away. “Annie Francis” connects her to her family, but “Anne Peters” is the system’s version of her. Crossing out her real name makes it feel like she was erased.\"",\""part_1\"":\""The box shows that memories are stored in objects when people don’t talk about the past. The silence suggests the experience was painful. It shows trauma is still there even if it isn’t spoken.\"",\""part_2\"":\""Official records only show the government’s side of the story. They leave out important context like poverty and family struggles caused by policy. That’s why the story feels incomplete.\""}"",""slide_2"":""Maya needs to know who Annie was before because it shows she had a real life and family before the file. She wasn’t just a case number.\nKnowing about Mi’kmaw self-governance shows the community was already organized. It helps you see that “neglect” and “removal” were caused by government actions, not just bad families."",""slide_2_5"":""Both Sarah Johnson’s status loss and Annie Francis’s child apprehension show the same goal of breaking Indigenous families apart. In Sarah’s case, the Indian Act removes legal status and weakens her connection to identity and family. In Annie’s case, she is taken from her home as a child, which directly separates her from her community. Both are different methods, but they work together to erase family and culture."",""slide_3"":""{\""words\"":[\""severe\"",\""overcrowding\"",\""lack\"",\""of\"",\""resource\"",\""management\"",\""immediate\"",\""removal\"",\""in\"",\""best\"",\""interests\"",\""of\"",\""child\""],\""rationale\"":\""These phrases sound neutral but are biased. They blame the family instead of explaining the poverty caused by government policies. “Immediate removal” also shows the inspector quickly decides without full context.\""}"",""slide_4"":""Maya pieces the day together in fragments because trauma is often remembered in broken parts instead of a full story. The memory is too painful and confusing to recall all at once. “Best interests” makes the removal sound caring, but it hides the harm and ignores culture and family. The law makes it seem official, even though it still takes a child away from their family."",""slide_5"":""{\""ans_0\"":\""It shows her identity was erased and replaced by the system. She was separated from her family and culture. The name change made her feel like a different person on paper, even though she wasn’t.\"",\""ans_1\"":\""A child may act quiet or withdrawn because they feel scared and confused after being removed from their home.\\nThey lose their family, home, culture, and sense of safety and identity.\""}"",""_timestamps"":{""start"":""2026-05-27T12:33:28.126Z"",""slide_2"":""2026-05-27T12:33:42.161Z"",""slide_6"":""2026-05-27T12:43:06.717Z"",""slide_7"":""2026-05-27T13:27:35.630Z""},""_telemetry"":{""slide_2"":{""pasted"":false,""keystrokes"":0,""duration_sec"":1},""slide_6"":{""pasted"":true,""keystrokes"":10,""duration_sec"":1436},""slide_7"":{""pasted"":true,""keystrokes"":120,""duration_sec"":987}},""slide_6"":""Annie Googoo was taken from her family through the child welfare system and renamed in official records. The government blamed her home conditions without explaining how colonial policies caused poverty and hardship in Indigenous communities.\nSarah’s case and Maya’s case are connected because both show the government controlling Indigenous identity and family. Maya asks students instead of government records because official files leave out the full truth and human impact. I think indigenous families and communities should get to decide what counts as care, belonging, and family for themselves."",""slide_7"":""{\""part_0\"":\""Sarah’s case shows how the Indian Act used status rules to decide who officially “counts” as First Nations. In Maya’s family, Annie being renamed “Anne Peters” and marked “Inactive” is another form of this, because her real identity was changed on paper. Both systems affected family lines by breaking connections between people and their legal and cultural identity.\"",\""part_1\"":\""Leo’s case shows how provincial laws often went over Mi’kmaw authority and self-government. This helps explain why child welfare workers could come into communities and take children instead of listening to local families and leaders. It shows the government having more power than Indigenous communities over their own children.\"",\""part_2\"":\""Residential schools caused a lot of damage by breaking language, culture, and family relationships. When that is combined with poverty caused by government policies, officials later called those conditions “neglect.” All of these systems worked together to control Indigenous families and make child removal seem justified.\"",\""part_3\"":\""I would get salt and vinegar chips\""}""}"
"6/1/2026, 2:11:01 PM",C Block (Waugh),Jaiveer (WASD),MIKMAW11,Sixties Scoop — Maya Paul,INCREMENTAL_SAVE,"{""slide_1"":""{\""part_0\"":\""The name change is such a powerful detail in this chapter because Maya's grandmother's rename meant more than just changing her name, but it meant that she had a change of identity and was replaced with the new name.\"",\""part_1\"":\""The box suggests memory and trauma are being kept in silence because no one talks about it and it is stored away, only being brought out carefully.\"",\""part_2\"":\""Official records might only tell part of a family's story because they only show forms and reports, not the personal experience to individuals in the family and their story.\""}"",""slide_2"":""Maya needs to know who Annie was before the officials entered her story because her identity already existed and it was said in the text by \""a fast-running little girl who laughed easily.\""\n\nUnderstanding Mi'kmaw self-governance changes the way I read later chapters about 'neglect' and 'removal' because I now understand that the Mi'kmaw self-governance system already had a supporting system before government control arrived."",""slide_2_5"":""Sarah Johnson's legal status case and Maya Paul's grandmother's child apprehension case two expressions of the same colonial goal of family/identity erasure by both cases targeting the same family line and weaken connection between relatives or families, showing ways that families are seperated."",""slide_3"":""{\""words\"":[\""severe\"",\""overcrowding\"",\""lack\"",\""of\"",\""resource\"",\""management\"",\""Housing\"",\""substandard\""],\""rationale\"":\""These words show bias because they blame the family for conditions and the text says that it was caused by decades of federal control and deep poverty created by policy and not parental failure.\""}"",""slide_4"":""Maya pieces this day together through fragments rather than a complete memory because Annie \""never described the day in one complete story,\"" which led to the memory existing in pieces rather than a complete and whole memory.\n\nThe phrase 'best interests' hides that children were being taken based on non-Indigenous ideas instead of the child's real family situation.\n\nLaw makes the removal feel both official and frightening at the same time because it is done through the Indian Act and jurisdiction over Indigenous child welfare, but it is frightening because it led to mass removals of children from their homes."",""slide_5"":""{\""ans_0\"":\""This name change ignores that she already had a real identity before her name change to Anne Peters and had a home as Annie Francis.\"",\""ans_1\"":\""A child in foster care would behave this way because that child was seperated from their family including loss of their identity and home.\""}"",""slide_6"":""Annie Francis was removed from her family, renamed \""Anne Peters,\"" and placed into foster care. Colonial policies like the Indian Act and child welfare laws created conditions like poverty, control, and seperation of families which were justified to removing children. Maya's family story connects to Sarah's family story because Sarah's case shows status erasure under the Indian Act and Annie's shows child removal which both are connected by child removal. In the text it is showed that child welfare systems and laws are what counts as care, belonging, and family, but Maya's story deflects that because it shows that it actually comes from language and family connections, and not the government. Sarah's case and Maya's case are different expressions of the same colonial story because they are different systems, but both use the law to break families apart. Maya asks students rather than government records because government records only show the state's version and don't tell the truth in full."",""_timestamps"":{""start"":""2026-05-27T13:04:09.154Z"",""slide_7"":""2026-05-27T13:05:08.322Z""},""slide_7"":""{\""part_0\"":\""This theme of legal identity erasure connects to Maya's grandmother being renamed 'Anne Peters' because it replaced her Mi'kmaw identity with an identity that was given to her by the government. In Sarah's case, the Indian Act removed her status and future generations. Both cases disrupt family lines because of these reasons.\"",\""part_1\"":\""This theme of state control explains why provincial child welfare agents could override traditional Mi'kmaw authority because in Leo's case, the provincial rules overrided Treaty rights, which is what allowed child welfare agents to remove children even when not given authority by from the Mi'kmaw community.\"",\""part_2\"":\""This trauma created these conditions by tearing families apart, and forcefully taking Mi'kmaw language and culture away from children. These different policies worked together because residential schools also tore families apart by taking children away, and taking away their language and culture.\""}"",""_telemetry"":{""slide_7"":{""pasted"":false,""keystrokes"":1495,""duration_sec"":2267}}}"
"5/27/2026, 9:59:52 AM",C Block (Waugh),KOEN (LORI),MIKMAW11,Sixties Scoop — Maya Paul,INCREMENTAL_SAVE,"{""slide_1"":""{\""part_0\"":\""the name change is signifacant because it portrays how much suffering that the kids suffered during the schooling and how they were forced to take up a different name.\"",\""part_1\"":\""The box shows everything that she has been through and how she has needed to hide everything  because that is the only way that she can cope with the truma.\"",\""part_2\"":\""because it talks from the stand point of the governmnet and it doesn't truely portray the emotions and mide of the kids that when throught this experience.\""}"",""slide_2_5"":""the reason for this erasure was to better mind wash and remove the nativeness out of the kids that they took and it would work throught taking them while they are young and then putting them in a white household to whitewash them."",""slide_3"":""{\""words\"":[\""severe\"",\""overcrowding\"",\""material\"",\""poverty\"",\""Housing\"",\""substandard\""],\""rationale\"":\""these words show how the housing for the natvie peoples was much to small for the size of the family that lived in them, many were poor because they their area lack the infrustucture to provide jobs, and the housing was falling apart when the natives arrived\""}"",""slide_4"":""she has to piece the day together because the day that the box represents is a day of horror and the only parts that she might view are the better parts because she does not want to see the worse parts or ever remember them again."",""slide_5"":""{\""ans_0\"":\""it ignores the fact that she may not have wanted a new name and It ignores that it was taken away by force.\"",\""ans_1\"":\""she may have lost everything that made her herself and that has cause her to act the way that she does.\""}"",""slide_6"":""the two stories a alike because each story is a side of one coin, so when the side of residential schools was filpped it went over into the new age of the sixties scoop. And they look for information in each other as people instead of the system because the system wants to give the story in a better light than it was and when this is retold it would not show the real pain and injustice that the native people's have suffered"",""slide_2"":""she needs to know who she was before the officials because the person that Annie was, was completly different than the one who had been put into the system and change completely and is no longer the person they once were"",""_timestamps"":{""start"":""2026-05-27T12:32:00.289Z"",""slide_7"":""2026-05-27T12:59:52.433Z""},""slide_7"":""{\""part_0\"":\""the roles of these these status was most likely to keep the population of native peoples in lower amouts and it may also have been used to allow the government to avoid giving more benefits to more people because if these rules didn't exist then they would have to give benfits to hundreds of thousands more people. and the bill c-31 was to remove the discrimination of sex based rules, and bill s-2 is to officially amend the indian act but this could lead to every native person losing their identity and status because every law that favors the natives most likely refers to them as indians and removing this title would take away the given rights to the natives.\"",\""part_1\"":\""these clauses state that the Mi'kmaq have been give the right to trade and to govern their own trade through the use of truckhouses and this shows how the Mi'kmaq had been given a right to self government even limited as it was, but the indian act uses vague wording to worm its way around these laws to give the government the ability to impose itself on any affairs that native peoples are involved in.\"",\""part_2\"":\""the systems that these kids were put into would give them everlasting metal scars that would cause them to become unstable or to become unfit to take care of any kids, but other times the government could just use it as a reason to take the child away from the family because they had the athority to just claim that the parent is unfit.\"",\""part_3\"":\""these four things work together as a system to control the rights laws and land of the native people thought the legal loopholes that are all over the clauses and throught the vague writings in the treaties and laws to give the government the ability to fill in any gaps with what ever they need to win any lawsuits or to get out of the responsbility of helping the native people.\""}"",""_telemetry"":{""slide_7"":{""pasted"":false,""keystrokes"":2977,""duration_sec"":1666}}}"
"6/1/2026, 11:44:37 AM",C Block (Waugh),Kaden (CHUD),MIKMAW11,Sixties Scoop — Maya Paul,INCREMENTAL_SAVE,"{""_timestamps"":{""start"":""2026-06-01T14:12:40.275Z"",""slide_1"":""2026-06-01T14:18:42.030Z"",""slide_2"":""2026-06-01T14:21:21.289Z"",""slide_2_5"":""2026-06-01T14:27:32.957Z"",""slide_3"":""2026-06-01T14:30:39.593Z"",""slide_5"":""2026-06-01T14:34:24.532Z"",""slide_4"":""2026-06-01T14:38:50.550Z"",""slide_6"":""2026-06-01T14:44:37.575Z""},""slide_1"":""{\""part_0\"":\""He parents names being Joseph and Lena googoo of sipeknekatik first nation.\"",\""part_1\"":\""The note on the faded photograph reads  'Annie A MArys, summer before everything changed.' so standing next to her is her sister\"",\""part_2\"":\""The name replaced with Annie googoo was Annie Peters with a note from a instructor saying she is exceptionally quiet and refuses to speak, language barriers\""}"",""_telemetry"":{""slide_1"":{""pasted"":false,""keystrokes"":428,""duration_sec"":362},""slide_2"":{""pasted"":false,""keystrokes"":205,""duration_sec"":154},""slide_2_5"":{""pasted"":false,""keystrokes"":381,""duration_sec"":367},""slide_3"":{""pasted"":false,""keystrokes"":146,""duration_sec"":185},""slide_5"":{""pasted"":false,""keystrokes"":248,""duration_sec"":169},""slide_4"":{""pasted"":false,""keystrokes"":509,""duration_sec"":257},""slide_6"":{""pasted"":false,""keystrokes"":548,""duration_sec"":346}},""slide_2"":""her mother said that kinshipis a circle that cannot be cut and before colonialism the mi'kmaw people were self governed and controled with chiefs and strong political relationships"",""slide_2_5"":""The shared ancestors of Annie and Mary are Joseph and Lena googoo the loss of status on Mary's branch was because of the Indian act registration rules and the child welfare apprehension on Annie's branch was because of social workers who took her and renamed her Annie peters by educational and provincial authorities"",""slide_3"":""{\""words\"":[\""overcrowding\"",\""poverty\"",\""Lacks\"",\""standard\"",\""municipal\"",\""infrastructure\"",\""lack\"",\""of\"",\""resource\"",\""management\""],\""rationale\"":\""Because due to the Indian act that's the reason their situation is so lacking in proper infrastructure\""}"",""slide_5"":""{\""ans_0\"":\""Her culture, childhood, and lively hood as a aboriginal person\"",\""ans_1\"":\""A child in foster care who was basically kidnapped and couldn't understand what anyone was saying would be horrible and I would be quiet too\""}"",""slide_4"":""Annie remembered a car, a clipboard, and her mother crying, and the phase best interests comes from officials to justify removal which they caused because of the Indian act and the 1951 legislative change which basically gave them permission to take the lacking mi'kmaq community's children, brainwash them, and send them right back into the poor community they lived in anyways"",""slide_6"":""both cases of Sarah's and mayas was a result of control to scatter their family and shes asking students rather than government records because they have never told the truth and answer to the question who gets to decide what counts as care, belonging and family is the parents who raised the children in the first place its their kids let them decide wether they want help or not and don't put them in a situation where they have to give up their kids""}"
"5/27/2026, 10:25:03 AM",C Block (Waugh),Kyle Parsons (PUCK),MIKMAW11,Sixties Scoop — Maya Paul,INCREMENTAL_SAVE,"{""slide_1"":""{\""part_0\"":\""The name change is powerful because it shows Annie losing part of her identity. Her real name was Annie Francis, but the file calls her Anne Peters. This shows how Indigenous children were forced to fit into settler society.\"",\""part_1\"":\""The box shows that painful memories were hidden for a long time. Annie kept it stored away because the memories were hard to face. The items inside are small pieces of her past and show how trauma can stay with families for generations.\"",\""part_2\"":\""Official records mostly show the government’s view. They leave out the family’s feelings, experiences, and the unfair conditions they lived in. Because of this, the records do not tell the full story.\""}"",""slide_2"":""Maya needs to know who Annie was before the officials because Annie was more than a file. She was a loved child with a family, culture, and community. Understanding Mi'kmaw self-governance shows that Indigenous communities already had strong systems of leadership and care. This makes later ideas of “neglect” and “removal” seem unfair because officials ignored Indigenous ways of life."",""slide_2_5"":""Sarah Johnson’s case and Annie Francis’s case both show how colonial policies tried to erase Indigenous identity and family connections. The Indian Act removed status through laws, while the Sixties Scoop removed children from their families. Both were meant to force assimilation."",""slide_3"":""{\""words\"":[\""overcrowding\"",\""resource\"",\""management\"",\""best\"",\""interests\"",\""of\"",\""child\""],\""rationale\"":\""This sounds neutral, but it ignores why housing is crowded. It leaves out the history of government policies that caused housing shortages.\\n\\nThis blames the parents, even though the real issue is limited jobs, money, and support caused by systemic inequality.\\n\\nThis is very formal and cold. It hides the harm of taking a child away from family and culture.\""}"",""slide_5"":""{\""ans_0\"":\""In the official file, this makes it sound like a simple name change, but in reality it ignores her identity as a Mi’kmaw child and the loss of her language, family, and culture. It treats her like a new record instead of the same person with a real past.\"",\""ans_1\"":\""The file describes her like a problem to be managed, but it ignores why she became that way. In reality, she was likely grieving and traumatized from being taken away from her family and community.\""}"",""slide_4"":""Maya pieces the day together in fragments because it was traumatic, so it is remembered in broken images instead of one clear story. The phrase “best interests” hides the harm of removing children from their families and culture by making it sound helpful or protective. The law makes it feel official through legal authority and formal rules, but also frightening because it allows the government to take children away from their families."",""slide_6"":""Annie Francis was taken from her home during the Sixties Scoop after being judged as needing protection, even though the conditions she lived in were created by colonial policies like the Indian Act, reserve confinement, and residential schools. These systems caused poverty, overcrowding, and family disruption, which were then used to justify child welfare removals. Maya’s family story shows how Annie was removed through child welfare, while Sarah’s side was controlled through legal status and registration under the Indian Act. Both are part of the same colonial system that used law to control Indigenous identity and family life. Maya asks students instead of government records because official files often leave out truth, context, and lived experience. In both cases, the government decides what counts as “care,” “belonging,” and “family,” even when those decisions harm Indigenous families."",""_timestamps"":{""start"":""2026-05-27T13:04:06.655Z"",""slide_7"":""2026-05-27T13:25:03.057Z""},""slide_7"":""{\""part_0\"":\""Sarah’s case showed how the government used the Indian Act to decide who legally counted as First Nations, which could erase Indigenous identity across generations. This connects to Maya’s grandmother being renamed “Anne Peters” and having her status marked “Inactive” because both policies separated Indigenous people from their culture, family, and legal identity.\"",\""part_1\"":\""Leo’s case showed how governments ignored Mi’kmaw sovereignty by forcing provincial laws onto Indigenous communities. This explains why child welfare agents believed they could remove children from reserves while ignoring traditional Mi’kmaw kinship systems where extended family and community cared for children.\"",\""part_2\"":\""Residential schools caused trauma by separating children from their families and culture, while colonial policies also created poverty on reserves. Child welfare workers often called these conditions “neglect” and removed more children, showing how residential schools, poverty, and child welfare worked together as one system of control over Indigenous peoples.\"",\""part_3\"":\""\""}"",""_telemetry"":{""slide_7"":{""pasted"":true,""keystrokes"":16,""duration_sec"":849}}}"
"2026-05-26, 2:48:35 PM",C Block (Waugh),Kyra (ABCD),MIKMAW11,Sixties Scoop — Maya Paul,INCREMENTAL_SAVE,"{""slide_1"":""{\""part_0\"":\""The name change is important because it shows Annie losing part of who she was. Changing her name separated her from her family, culture, and identity\"",\""part_1\"":\""The box shows that trauma can cause missing memories and silence. Annie only remembers parts of what happened, and the family did not talk much about it.\"",\""part_2\"":\""Official records only tell part of the story because they were written by the government. They often blamed Indigenous families but left out the reasons behind their struggles.\""}"",""slide_2"":""Maya needs to know who Annie was before because Annie’s life was more than government records. She was loved, connected to her family, culture, and community. Understanding Mi’kmaw self-governance shows that the Mi’kmaq already had their own strong system and way of life. This changes how we see “neglect” and “removal” because it shows officials were judging Indigenous families instead of respecting their culture and community."",""slide_2_5"":""Sarah Johnson’s case and Maya Paul’s grandmother’s case are connected because both show the government trying to break Indigenous family identity. In Sarah’s branch, the Indian Act removed legal status and weakened family connections. In Maya’s branch, the Sixties Scoop removed children from their families and culture. Both policies separated Indigenous people from their identity, community, and belonging."",""slide_3"":""{\""words\"":[],\""rationale\"":\""1. “Substandard Housing” — This judges the family’s living conditions without explaining the poverty and government policies behind it.\\n2. “Overcrowding” — It describes the problem but ignores why many Indigenous families faced crowded housing on reserves.\\n3. “Material poverty” — This sounds cold and clinical. It talks about poverty like it is the family’s problem instead of recognizing the larger government causes\""}"",""slide_4"":""1. Maya pieces it together through fragments because trauma and shock can break memories into small pieces instead of one full story. \n2. Best interests” hides the fact that officials used non-Indigenous beliefs about family and parenting to justify taking Indigenous children from their homes.             3. The law makes it feel official because the government had legal power to remove children, but frightening because families had little control or way to stop it."",""slide_5"":""{\""ans_0\"":\""Annie was still a Mi’kmaw child with a family, culture, language, and community that cared about her.\"",\""ans_1\"":\""Annie was likely hurt, scared, and grieving after being taken from her home and identity.\""}"",""slide_6"":""Annie Francis was taken from her family during the Sixties Scoop, renamed Anne Peters, and separated from her family, culture, and language. Government policies created poor conditions in Indigenous communities and then used those conditions to justify removing children. Sarah’s and Maya’s stories are connected because both show the government controlling Indigenous families, through legal status loss in one case and child removal in the other. Maya asks students to help because official records don’t tell the full truth, and understanding history requires looking at what was left out. Care, belonging, and family should not be decided only by governments, but also by Indigenous communities themselves""}"
"29.5.2026, 23:43:19",C Block (Waugh),Madina Mirza (INNA),MIKMAW11,Sixties Scoop — Maya Paul,INCREMENTAL_SAVE,"{""slide_1"":""{\""part_0\"":\""The name change is powerful because it shows identity was altered by outside forces, not choosen by her grandmother. It suggests loss of culture, control, or even forced assimilation, making the past feel hidden or rewritten.\"",\""part_1\"":\""The box suggests that memory and trauma have been kept quit for a long time. The fact that it was hidden and never discussed show silence around painful experiences, and the objects represent memories that were never fully spoken about.\"",\""part_2\"":\""Official records often leave out emotions, context, and personal truth. They may record  facts, but not lived experiences, relationships, or harm, so a familys real story can be much deeper and more complex that what documents show.\""}"",""_timestamps"":{""start"":""2026-05-28T19:55:30.671Z"",""slide_2"":""2026-05-28T20:23:27.938Z"",""slide_2_5"":""2026-05-28T20:35:45.544Z"",""slide_3"":""2026-05-30T02:14:09.147Z"",""slide_4"":""2026-05-30T02:20:00.626Z"",""slide_5"":""2026-05-30T02:25:28.175Z"",""slide_6"":""2026-05-30T02:30:58.229Z"",""slide_7"":""2026-05-30T02:39:56.620Z""},""slide_2"":""Activities near the Shubencadie River: Annie ran along the  Shubencadie River, picked sweetgrass with her grandmother, and learned how to smudge as part of her cultural traditions. \nWhat her mothr said about the kinship: ´´Kinship is a circle that cannot be cut.´´\nHow the Mikmaq governd before colonial control: \nThe Mikmaq were a self governing people in mikmaqi, with their own political system that included local chiefs and the Grand Council. Their society was organized around responsibillity, seasonal movement, and strong kinship based leadership system."",""_telemetry"":{""slide_2"":{""pasted"":true,""keystrokes"":645,""duration_sec"":626},""slide_2_5"":{""pasted"":false,""keystrokes"":393,""duration_sec"":743},""slide_3"":{""pasted"":true,""keystrokes"":2,""duration_sec"":5},""slide_4"":{""pasted"":false,""keystrokes"":570,""duration_sec"":344},""slide_5"":{""pasted"":false,""keystrokes"":398,""duration_sec"":320},""slide_6"":{""pasted"":false,""keystrokes"":570,""duration_sec"":326},""slide_7"":{""pasted"":false,""keystrokes"":920,""duration_sec"":690}},""slide_2_5"":""The shared ancestors are Joseph and Lena Googoo \nStatus loss on Marys branch under the Indian Act limited hr legal identity and rights, while child welfare apprehension on Annies branch removed her fro her family and culture. Both disrupted family unity by seperating relatives and breaking kinship connections across generations."",""slide_3"":""{\""words\"":[],\""rationale\"":\""Three phrases that show colonial bias or bureaucratic dtatchment are ´´Substandard Housing´´, ´´lack of manegment´´, and ´´immediate removal in best interest of child´´. \\nThese phrases focus on blaming the family and judging their living conditions without explaining the poverty and hardship caused by government policies. The report uses formal, detached language and ignores the larger historical causes that affected family and community.\""}"",""slide_4"":""Annie remembers a car, a clipboard, and her mother crying on the day she was taken. Officials used the phrase ´´best interests´´ to justify removal by assuming that nuclear families were better than Indigenous kinship networks, that poverty meant parental failure, and that a European style upbringing was the propr way to raise children.  The 1951 amendment to the Indian Act gave provinces power ove Indigenous chil welfare, and approximately 20,000 Indigenous children were removed during the Sixties Scoop."",""slide_5"":""{\""ans_0\"":\""This ignores Annies Mikmaw identity, family connections, culture, language, and history. The name change symbolizes the loss of her identity and an attempt to replace it with a newone.\"",\""ans_1\"":\""A child in foster care might behave this way because theyhave   been seperated from their family, home, language, and community. Annie lost important kinship connections and a sense of belonging.\""}"",""slide_6"":""Annie Googoo was taken from her family during the Sixties Scoop and renamed Anne Peters. She lost connections to her family, language, and culture. \nMayas story connects to Sarah because both families were affected by colonial policies. Sarahs branch faced status loss under the Indian Act, while Annies branch faced child welfare removal. \nMaya asks students to find the truth because government records do not tell the whole story. Care, belonging, and family should be defined by families and communities, not just governments."",""slide_7"":""{\""part_0\"":\""Both Sarah and Maya case involved identity beign charged or erased by government policies. Sarahs family lost legal status under the Indian Act, while Annie was renamed Anne Peters and separated from her identity and family. Both policies disrupted family lines and connections.\"",\""part_1\"":\""Like in Leos case, the government used its authority to override Mikmaw self governanc. Provincial child welfare agents ignored traditional kinship networks and community authority when removing children from their families.\"",\""part_2\"":\""Residential schools caused trauma, language loss, and family disruption. Comvined with poverty on reserves, these conditions were later labeled as negelct by welfare agents. Together, residential schools and child welfar removals worked as a system of colonial control that seperated Indigenous children from their families and cultures.\""}""}"
"27/05/2026, 10:18:17",C Block (Waugh),Raida (QAZK),MIKMAW11,Sixties Scoop — Maya Paul,INCREMENTAL_SAVE,"{""slide_1"":""{\""part_0\"":\""It's a detail that shows how the government tried to wipe her original name away, giving her a new one to separate her origin from the place they put her in.\"",\""part_1\"":\""The contents of the box contain items that are evidence to Annie Googoo's story of how she was taken away from her parents. Her hesitation towards opening the box also shows how traumatizing this was to her.\"",\""part_2\"":\""The official records would tell only a small part of the family's story as an attempt to erase the history of the atrocities they did to Indigenous peoples and families.\""}"",""slide_2"":""Maya needs to know who Annie was before officials entered her story so she could understand how unnecessary child welfare's intervention was and how they just used whatever excuse they could use to take Annie away from her family and community and assimilate her into settler European culture and lifestyle. Understanding Mi'kmaw self-governance helps us understand how all these claims of neglect made by the Canadian child welfare were problems that the European settlers purposefully created by adding acts and rules that would cause poverty and social issues that would cause this neglect to occur (sometimes they even see just poverty as an excuse) just so they can take the Indigenous children away, when these problems didn't occur that frequently before the settlers came, which also proves how this level of \""neglect\"" is created by the government to, again, take Indigenous children away for the purpose of assimilating them into euro settler culture and lifestyle."",""_timestamps"":{""start"":""2026-05-27T12:27:10.696Z"",""slide_1"":""2026-05-27T12:36:45.309Z"",""slide_2_5"":""2026-05-27T12:54:09.280Z"",""slide_3"":""2026-05-27T13:05:23.463Z"",""slide_4"":""2026-05-27T13:12:57.550Z"",""slide_5"":""2026-05-27T13:18:17.456Z""},""_telemetry"":{""slide_1"":{""pasted"":false,""keystrokes"":14,""duration_sec"":21},""slide_2_5"":{""pasted"":true,""keystrokes"":1501,""duration_sec"":1030},""slide_3"":{""pasted"":false,""keystrokes"":1420,""duration_sec"":673},""slide_4"":{""pasted"":false,""keystrokes"":576,""duration_sec"":453},""slide_5"":{""pasted"":false,""keystrokes"":539,""duration_sec"":319}},""slide_2_5"":""Both are cases of different ways the government attempted to assimilate Indigenous people. On Sarah's side, her status wasn't granted to her because of the generational cutoff rule just because only one of her parents has half status which is the government trying to assimilate Sarah's Indigenous identity. And on Maya's side, her grandmother Annie Googoo was taken away from her family as a child during the Sixties Scoop and the government changed her name and separated her from her family, community and cultural identity to assimilate her into Settler European culture. Both of these events heavily impacted the family and gave them problems with reconnecting with their Indigenous culture after all that happened."",""slide_3"":""{\""words\"":[\""material\"",\""poverty\"",\""Lacks\"",\""standard\"",\""municipal\"",\""infrastructure\"",\""lack\"",\""of\"",\""resource\"",\""management\""],\""rationale\"":\""They claim that the material poverty, lacking \\\""standard municipal infastructure\\\"" and \\\""lack of resource management\\\"" is the family and parents' fault even though it is the government who took away their resources and caused poor living conditions so they could take Indigenous children away from their homes and assimilate them, which is a part of their colonial plan\""}"",""slide_4"":""Annie remembers seeing her mother crying, being promised that it was temporary, and a hand pulling her toward a road.\nThe non-Indigenous ideas that shaped officials' \""best interests\"" decisions are about family, poverty, and proper upbringing.\nThe 1951 law that gave provinces power over Indigenous child welfare is the Indian act and from the 1950s to 1980s, approximately 20,000 Indigenous children were removed from their homes and communities."",""slide_5"":""{\""ans_0\"":\""This name is a huge part of her Identity especially her last name, since its linked to her family.\"",\""ans_1\"":\""She was quiet and withdrawn because she was, at that moment, currently experiencing a severely traumatic event at a really young age where no one was there to protect her or even at least comfort her.\""}""}"
"5/28/2026, 11:23:29 AM",C Block (Waugh),Reiley (RILE),MIKMAW11,Sixties Scoop — Maya Paul,INCREMENTAL_SAVE,"{""_timestamps"":{""start"":""2026-05-27T12:42:48.591Z"",""slide_1"":""2026-05-27T12:50:08.757Z"",""slide_2"":""2026-05-28T13:51:51.472Z"",""slide_2_5"":""2026-05-28T13:55:12.255Z"",""slide_3"":""2026-05-28T14:04:26.172Z"",""slide_4"":""2026-05-28T14:07:53.673Z"",""slide_5"":""2026-05-28T14:10:20.054Z"",""slide_6"":""2026-05-28T14:13:05.838Z"",""slide_7"":""2026-05-28T14:23:29.621Z""},""slide_1"":""{\""part_0\"":\""Joseph and Lena Francis of Sipeknekatik first nation.\"",\""part_1\"":\""\\\""Annie & Mary, Summer before everything changed\\\"", Presumably, Mary is pictured with Annie.\"",\""part_2\"":\""Anne Peters, note says \\\""exceptionally quiet, refuses to speak, language barrier.\\\""\""}"",""_telemetry"":{""slide_1"":{""pasted"":false,""keystrokes"":259,""duration_sec"":440},""slide_2"":{""pasted"":false,""keystrokes"":249,""duration_sec"":90097},""slide_2_5"":{""pasted"":false,""keystrokes"":312,""duration_sec"":199},""slide_3"":{""pasted"":false,""keystrokes"":380,""duration_sec"":553},""slide_4"":{""pasted"":false,""keystrokes"":324,""duration_sec"":207},""slide_5"":{""pasted"":false,""keystrokes"":176,""duration_sec"":143},""slide_6"":{""pasted"":false,""keystrokes"":329,""duration_sec"":164},""slide_7"":{""pasted"":true,""keystrokes"":823,""duration_sec"":619}},""slide_2"":""Annie picked sweetgrass with her grandmother and learned to smudge. Her mother told her \""Kinship is a circle that cannot be cut\"". They were self-governed with district leadership, local chiefs, and the grand council."",""slide_2_5"":""Joseph and Lena Googoo are the shared ancestors. Status loss on Mary'sbranch led to Mary being kicked off the reserve when she \""married out\"", Annie lost her status via being taken from her home, family, and reserve. This led to both of them being seperated by not being on reserve."",""slide_3"":""{\""words\"":[\""overcrowding\"",\""poverty\"",\""Lacks\"",\""infrastructure\"",\""lack\"",\""of\"",\""management\""],\""rationale\"":\""Overcrowding and poverty are results of the reserves system directly, giving small houses for large families. The governemnt even says the houses lack infastructure. Also, the government saying the family \\\""lack of management\\\"", it shows that the government doesn't care about self government, shows how they want to manage and control people.\""}"",""slide_4"":""Annie remembers a car, her mother crying, and a hand pulling her toward the road. Non-indigenous ideas about family, poverty, and \""proper\"" upbringing. the 1951 ammendment to the indian act gave the government power over indiginous children wellfare, leading to ~20,000 indigenous children being taken."",""slide_5"":""{\""ans_0\"":\""It ignores her indigenous roots, giving her a more traditionally \\\""white\\\"" name.\"",\""ans_1\"":\""Because she is scared, alone, isolated, and she just lost her family.\""}"",""slide_6"":""Both cases show a way that families can be pulled away from their culture. Maya isn't asking the government, because they are the ones that caused the problems. Care, belonging, and family is subjective, rather than objective, so no individual, or even group of individuals, can really decide what counts as those."",""slide_7"":""{\""part_0\"":\""Status 6(2) not passing on status is what caused Sarah to loss her status. Bill S-2 aims to fix the issue.\"",\""part_1\"":\""Article 4 states that people \\\""shall have free liberty to bring for Sale... Skins, feathers, fowl, fish or any other thing they have to sell\\\"", the sparrow test is a 2 step method to test if limiting indigenous peoples is productive or inhibiting. Section 88 overrides indigenous laws in Leo's case because it insures that provincial laws apply to indigenous people.\"",\""part_2\"":\""Betty Ross's story shows the abuse of people in residential schools. Intergenerational trauma can lead to parents with mental health conditions that may make them unable to parent.\"",\""part_3\"":\""All of these systems come together to legally, economically, and physically control inigenous peoples, limiting them to specific spaces and living in poverty (reserves).\""}""}"
"5/27/2026, 10:33:50 AM",C Block (Waugh),River Thomas (DEWO),MIKMAW11,Sixties Scoop — Maya Paul,INCREMENTAL_SAVE,"{""slide_1"":""{\""part_0\"":\""because the changing of Annie's name could have been a malicious attempt to keep Annie from finding her original family or her original family form finding her, while also removing her from her original native name\"",\""part_1\"":\""the box and evidence kept within it were an attempt by the grandmother to hide away her traumatic past and keep the memories and knowledge of those events from herself and family\"",\""part_2\"":\""when the sixties scoop occurred it was an additional attempt by the government to seperate the indigenous children from their culture and families, and by telling limited information and changing other information the government made it extremely difficult for children to find their original gomes\""}"",""_timestamps"":{""start"":""2026-05-27T12:31:48.371Z"",""slide_2"":""2026-05-27T12:35:41.215Z"",""slide_2_5"":""2026-05-27T12:43:53.127Z"",""slide_3"":""2026-05-27T12:52:30.234Z"",""slide_4"":""2026-05-27T12:57:11.862Z"",""slide_5"":""2026-05-27T13:03:48.337Z"",""slide_6"":""2026-05-27T13:09:19.898Z"",""slide_7"":""2026-05-27T13:33:50.030Z""},""slide_2"":""she would pick sweet grass along the shubenacadie river and learn to do smudging ceremonies with her grandmother, her mother said that  'Kinship is a circle that cannot be cut.' before colonial control the mi'kmaq people had a sophisticated and organized government"",""_telemetry"":{""slide_2"":{""pasted"":true,""keystrokes"":263,""duration_sec"":227},""slide_2_5"":{""pasted"":false,""keystrokes"":901,""duration_sec"":483},""slide_3"":{""pasted"":false,""keystrokes"":894,""duration_sec"":515},""slide_4"":{""pasted"":false,""keystrokes"":565,""duration_sec"":278},""slide_5"":{""pasted"":false,""keystrokes"":850,""duration_sec"":395},""slide_6"":{""pasted"":false,""keystrokes"":1274,""duration_sec"":601},""slide_7"":{""pasted"":false,""keystrokes"":3392,""duration_sec"":1195}},""slide_2_5"":""Joseph and Lena Googoo are the great grandparents of both Sarah and Mary, as the family tree progressed the children became more heavily targeted and effected by the governments attempts to separate mi'kmaq children and families from their history and culture, both Sarah and Mary's families were victims of these attempts in different ways, Sarah had her families indigenous status hindered and removed by the government and Mary's family were affected by the sixties scoop where children were taken immediately from residential school and placed in foster care"",""slide_3"":""{\""words\"":[\""conditions\"",\""of\"",\""severe\"",\""overcrowding\"",\""and\"",\""material\"",\""poverty\"",\""Parents\"",\""demonstrate\"",\""lack\"",\""of\"",\""resource\"",\""management\"",\""immediate\"",\""removal\"",\""in\"",\""best\"",\""interests\"",\""of\"",\""child\""],\""rationale\"":\""many of these phrases very firmly indicate that the poor conditions of the housing are to be attributed to the parents and guardians, for example with the phrase \\\""Conditions of overcrowding and material poverty\\\"" and \\\""immeadiate removal in best interest of child\\\"" it makes it seem as though the guardians are responsible and need to have their children separated from them when in fact we know that these conditions seem awfully similar to those of the reservations that the government mandated indigenous people relocate to without giving proper infastructure, economy, or space which are all the things that are being pointed out by the investigator.\""}"",""slide_4"":""Annie remembers a car, a clipboard, and her mother crying. when the sixties scoop occurred the government beleived that the way indigenous families were living In a system the government created were deemed unfit for the upbringing of children, and no doubt the bias against aboriginal tradition and living structures were seen as strange and possibly harmful to children, and with the removal of over 20,000 indigenous children freely allowed and encouraged by the government caused the horrible mass removals of the sixties scoop"",""slide_5"":""{\""ans_0\"":\""changing a childs name distances them from their families and their memory, changing her name caused her to be considered a different person, stripping her of her identity and attempting to sever her ties with her \\\""old life\\\"" including that strong familial kinship and culture of her true family\"",\""ans_1\"":\""Annie had been taken from her home and entire family, having her name and identity changed and placed into the guardianship of people who bore  no care or consideration for her history and culture and instead tried to continue to force her away from her traditions and into colonial assimilation / centralization, these events would cause a massive amount of emotional and deep mental stress\""}"",""slide_6"":""Annie was a victim of an incredibly ignorant and malicious sequence of events and acts made by the government of Canada in order to assimilate and centralize indigenous peoples away from their culture and into new colonial tradition and life, Annie was entirely taken and removed from not only her family but her culture, identity, and history. similarly to Annie, Mary was also a victim of the governments attempts to detach indigenous people from their identities as indigenous people by removing their official status as aboriginal people. Who gets to decide what counts as care, belonging, and family? not only children but all peoples have the right to know, follow, and experience their culture as they and their guardians intend, removal of this right belongs to no person and government and the actions of the Canadian government in these times were an  impossibly destructive attempt to remove the indigenous people of Canada from their rights to family, history and culture which all people deserve to have."",""slide_7"":""{\""part_0\"":\""in sarah's case we can see the governments attempts to detach aboriginal people from their culture and families by removing legal status were done by creating limits on how people are considered legally indigenous with Indian status by making ways for people, especially children, to lose their status through unfair decision and circumstance. the specific acts were clauses 6(1) and 6(2), 6(1) made it so Indian status could be lost if children were second generation children of half-indigenous parents, 6(2) was made to ammend the previous act and give indigenous children access to legal status\"",\""part_1\"":\""in Leo's case the government attempted to attack and limit indigenous people from selling cannabis by using unclear treaty agreements and ungrounded accusations to prosecute Leo in the pursuit of legal commercial sale of cannibis. this shows how the government attempted to use inconclusive evidence and accusations to limit indigenous people for the sake of racist and greedy intentions, they acted in pursuit of limiting agreed aboriginal sovereignty and indigenous right to commercial buisness. the government attempted to claim that the cannabis being sold by Leo was spiked and unsafe for sale, however this was later disproven in chemical analysis.\"",\""part_2\"":\""the residential school system was the most destructive and extreme action by the government taken towards removing indigenous children from their cultures and families. for example with Betty Ross she was a victim of the system who was taken away and completely detached from her culture and abused heavily alongside many other children, the residential schools caused massive damage to indigenous people creating massive amounts of intergenerational trauma between the victims and their children.\"",\""part_3\"":\""all of these acts passed and acted on in the pursuit of complete assimilation and centralization of the indigenous people came together to make indigenous people and children forget their culture and history in incredibly overpowering and aggresive ways, removing people's legally recognized indigenous status, taking and abusing indigenous children in residential schools, contradicting and blatantly ignoring treaty agreements and indigenous rights, and forcing the removal and complete changing of indigenous children's identities through mass removal into foster care. all of these horrible movements made by the government all came together one after the other to manipulate, limit, and remove indigenous culture from aboriginal people.\""}""}"
"5/28/2026, 11:04:03 AM",C Block (Waugh),Sam (WAVE),MIKMAW11,Sixties Scoop — Maya Paul,INCREMENTAL_SAVE,"{""_timestamps"":{""start"":""2026-05-27T12:25:55.409Z"",""slide_1"":""2026-05-27T12:58:09.700Z"",""slide_2"":""2026-05-28T13:50:43.625Z"",""slide_2_5"":""2026-05-28T13:51:15.464Z"",""slide_3"":""2026-05-28T13:52:41.703Z"",""slide_4"":""2026-05-28T13:53:28.092Z"",""slide_5"":""2026-05-28T13:54:03.934Z"",""slide_6"":""2026-05-28T13:55:08.707Z"",""slide_7"":""2026-05-28T14:03:54.870Z""},""slide_1"":""{\""part_0\"":\""The name change is such a powerful detail in the chapter because it shows how Residential Schools and the government tried to erase Indigenous identity and culture. By changing Indigenous children’s names, they were no longer recognized by their traditional names, which separated them from their heritage and community.\"",\""part_1\"":\""The box suggests that memory, silence, and trauma are all connected. The items inside represent stories and experiences that were hidden or forgotten for many years. They also acted as reminders of the past, while showing that many survivors were afraid to speak openly about their painful memories.\"",\""part_2\"":\""Official records may only tell part of a family’s story because many documents were incomplete or written from the government’s perspective instead of the family’s. Names were often misspelled or changed.\""}"",""_telemetry"":{""slide_1"":{""pasted"":true,""keystrokes"":99,""duration_sec"":1589},""slide_2"":{""pasted"":true,""keystrokes"":7,""duration_sec"":34},""slide_2_5"":{""pasted"":true,""keystrokes"":3,""duration_sec"":16},""slide_3"":{""pasted"":true,""keystrokes"":7,""duration_sec"":79},""slide_4"":{""pasted"":true,""keystrokes"":13,""duration_sec"":45},""slide_5"":{""pasted"":true,""keystrokes"":25,""duration_sec"":35},""slide_6"":{""pasted"":true,""keystrokes"":28,""duration_sec"":48},""slide_7"":{""pasted"":true,""keystrokes"":24,""duration_sec"":533}},""slide_2"":""Maya needs to know who Annie was before officials became part of her story so she can understand Annie as a complete person, not only through the government’s description of her. Learning about Mi’kmaw self governance also shows how child neglect and removal often reflected conflicts between Indigenous community systems and government control."",""slide_2_5"":""Sarah Johnson’s legal status case and Maya Paul’s grandmother’s child apprehension case are both examples of attempts to erase Indigenous identity and family connections. They demonstrate how colonial systems were designed to control Indigenous peoples and separate families from their culture and communities."",""slide_3"":""{\""words\"":[\""overcrowding\"",\""material\"",\""poverty\"",\""Lacks\"",\""Housing\"",\""removal\""],\""rationale\"":\""I chose the words because they reflect the expectations the government placed on Indigenous families. These standards often ignored the realities of poverty caused by colonialism, making it difficult for families to meet expectations and leading to many children being removed from their homes.\""}"",""slide_4"":""Maya pieces the day together through fragments because trauma and shock can cause memories to become broken and unclear. The phrase best interests hides the colonial beliefs used by the government to justify removing Indigenous children from their families. By using legal language, the system made these removals seem official and unavoidable."",""slide_5"":""{\""ans_0\"":\""Her identity was never truly erased because she remained connected to her Mi’kmaw family, community, language, and ancestors, even though the system tried to rename her and hide those connections.\"",\""ans_1\"":\""Her silence and withdrawal can be understood as effects of trauma caused by being separated from her family, culture, and sense of belonging.\""}"",""slide_6"":""She was taken from her family during the Sixties Scoop after officials claimed her home was neglectful. But these conditions were caused by policies like poverty and government control over indigenous communities. Sarah story also connects through the Indian Act, which controlled Indigenous identity. Both cases show how the government weakened Mi’kmaw identity and family connections, while official records often ignored the full truth."",""slide_7"":""{\""part_0\"":\""Sarah’s case showed how the Indian Act controlled Indigenous identity through status categories like 6(1) and 6(2). Indigenous women who married non status men lost their status under older laws. Although Bill C31 and Bill S3 tried to fix discrimination, many Indigenous family lines were still removed from official records over time.\"",\""part_1\"":\""Leo’s treaty case explained how the 1752 Peace and Friendship Treaty recognized Mi’kmaq trading rights and sovereignty. Article 4, called the Truck House Clause, allowed Mi’kmaq people to trade freely. The Sparrow Test confirmed Indigenous rights were protected, but Section 88 of the Indian Act still allowed provincial laws to limit those rights.\"",\""part_2\"":\""Residential schools separated Indigenous children from their families, language, and culture, causing long-term trauma. Poverty and poor living conditions on reserves, caused by government policies, were often treated as neglect by welfare workers. This led to many Indigenous children being removed during the Sixties Scoop, continuing the cycle of harm.\""}""}"
"1/6/2026, 1:39:19 PM",C Block (Waugh),Soulin Shehab (SOUL),MIKMAW11,Sixties Scoop — Maya Paul,INCREMENTAL_SAVE,"{""_timestamps"":{""start"":""2026-05-29T12:46:25.422Z"",""slide_1"":""2026-05-29T13:03:37.926Z"",""slide_2"":""2026-05-29T13:15:26.856Z"",""slide_2_5"":""2026-05-29T13:33:03.954Z"",""slide_3"":""2026-06-01T04:49:58.593Z"",""slide_4"":""2026-06-01T05:08:10.819Z"",""slide_5"":""2026-06-01T05:17:43.396Z"",""slide_6"":""2026-06-01T15:44:19.308Z"",""slide_7"":""2026-06-01T16:38:55.069Z""},""slide_1"":""{\""part_0\"":\""Annie's parents were Joseph and Lena Googoo, and her home community was Sipeknekatik First Nation.\"",\""part_1\"":\""The note written on the back says, \\\""Annie & Mary, summer before everything changed\\\"" The photograph shows Annie and a girl named Mary standing together on a wooden porch. This shows that something significant happened after that summer.\"",\""part_2\"":\""The assigned name that replaced Annie's name was Anne Peters.  The instructor noted that she was \\\""Exceptionally quite, refuses to speak, language barrier.\\\"" This suggest she may have struggled because of language differences or the pressure to stop using her own culture.\""}"",""_telemetry"":{""slide_1"":{""pasted"":false,""keystrokes"":836,""duration_sec"":1033},""slide_2"":{""pasted"":false,""keystrokes"":658,""duration_sec"":671},""slide_2_5"":{""pasted"":false,""keystrokes"":685,""duration_sec"":736},""slide_3"":{""pasted"":false,""keystrokes"":611,""duration_sec"":1872},""slide_4"":{""pasted"":true,""keystrokes"":472,""duration_sec"":177},""slide_5"":{""pasted"":false,""keystrokes"":434,""duration_sec"":570},""slide_6"":{""pasted"":false,""keystrokes"":1788,""duration_sec"":1946},""slide_7"":{""pasted"":false,""keystrokes"":1927,""duration_sec"":1151}},""slide_2"":""Annie spent time running along the Shubenacadie River, picking sweetgrass with her grandmother, and learning how to smudge, which shows her string connection to her culture and community. Her mother always said, \""Kinship is a circle that cannot be cut,\"" meaning family and community ties are important. The Mi'kmaq governed themselves through their own territory, district leaders, local chiefs, and the Grand Council, showing they have organized systems of leadership long before colonial governments arrived."",""slide_2_5"":""The shared ancestors at the top of the family tree are Joseph and Lena Googoo, Annie and Mary's parents from Sipeknekatik First Nation. Family unity was disrupted in different ways on both branches. On Mary's Branch, statues loss under the Indian Act affected legal identity and connections to community across generations. One Annie's branch, child welfare apprehension separated her from her family, language and culture after she was taken away and renamed Anne Peters. Even though polices are different but both caused separation and weakened family connection."",""slide_3"":""{\""words\"":[\""overcrowding\"",\""lack\"",\""of\"",\""resource\"",\""management\"",\""immediate\"",\""removal\""],\""rationale\"":\""\\\""Overcrowding\\\""focuses only on the living conditions without explaining that Indigenous families faced overcrowding because of government policies, housing and reserve conditions.                      \\n\\\""Lack of resource management\\\""  This phrase blames the parents for poverty instead of recognizing that many families had limited access to jobs, resources, and support.\\n\\\""Immediate removal\\\""This shows that a systems immediately separated children from their families instead of trying to help improve conditions at home.\""}"",""slide_4"":""Three fragments Annie remembers from the day she was taken are a car, her mother crying, and a hand pulling her toward the road. The phrase “best interests” was used with assumptions that non-Indigenous nuclear families were better than Indigenous kinship networks, that poverty meant parents were failing, and that European-style parenting and lifestyles were the proper way to raise children. These beliefs ignored Indigenous cultures and family systems. The 1951 changes to the Indian Act gave provinces authority over Indigenous child welfare,which allowed provincial child welfare agencies to remove children from their communities. As a result, approximately 20,000 Indigenous children were removed during that became known as the Sixties Scoop."",""slide_5"":""{\""ans_0\"":\""This name change ignored Annie's identity, family, connections, language, community, and connection to Sipenknekatik. Changing her name symbolized the erasure of her culture and identity\"",\""ans_1\"":\""A child in foster may act this way because they lost their family, home, language, culture, and sense of belonging. Her behavior could reflect trauma and separation rather that something being wrong with her.\""}"",""slide_6"":""Annie Googoo was a young Mi'kmaw girl from Sipeknekatik First Nation who grew up surrounded by family, culture, and community before being taken from home during the Sixties Scoop. After being removed by child welfare authorities, she was renamed Anne Peters, separated from her family, and pushed to integrate into English culture. Colonial policies created the conditions later used to justify her removal because decades of reserve confinement, poverty, residential schools, and government control caused by overcrowding and limited resources in many Indigenous communities. Instead of addressing these problems, authorities blames families and used child welfare systems to remove children. \n\nMaya's family story connects to Sarah's because both show different forms of colonial control within the same family line. Sarah's branch experienced status loss through Indian Act, where laws decided who counted legally as Indigenous, while Annie;s branch experienced family separation through child welfare removal. Although the methods were different, both policies weakened family connections, and identity. \n         \nMaya asks students rather than government records to help find the truth because official files often reduce people to categories, labels, and reports while ignoring their humanity and experiences. History told through families, survivors, and communities gives a fuller picture. The survivors stories and problems should not be told by government, because they might not define it correctly, because they don't really understand what truly went threw."",""slide_7"":""{\""part_0\"":\""Sarah's case and Maya's grandmother's experience both show how colonial policies controlled Indigenous identity and disrupted family lines. In Sarah's case, the Indian Act used legal rules to decide who could keep or lose status, affecting identity and community connections across generations. In Annie's case, her grandmother being renamed and having her status marked as \\\""Inactive\\\"" erased important parts of her identity and connection to her community. Both policies cause separations from their culture and family networks by changing their identity through government systems.\"",\""part_1\"":\""In Leo's case it shows how the governments often ignored Mi'kmaw sovereignty and traditional authority systems. This same idea explains why child welfare workers could remove children from reserves without respecting MI'kmaw kinship systems or community leadership. Instead of recognizing Indigenous systems of care and decisions making provincial authorities gave themselves power to decide what was  best for Indigenous families and children\"",\""part_2\"":\""Residential schools caused long-term damage to families, language, culture, and community stability, which created trauma that affected later generations. Combined with poverty cause by reserve systems, land loss, and government control, these conditions were later used as a neglect for welfare. Residential schools and child welfare removals worked together as one system because the Residential schools weakened families and communities while the Child welfare used those weakness conditions to justify removing more children. These systems increased government control over Indigenous families.\""}""}"
"6/1/2026, 2:07:05 PM",C Block (Waugh),Sukhbir (NICE),MIKMAW11,Sixties Scoop — Maya Paul,INCREMENTAL_SAVE,"{""_timestamps"":{""start"":""2026-06-01T16:18:42.389Z"",""slide_1"":""2026-06-01T16:22:01.926Z"",""slide_2"":""2026-06-01T16:26:56.661Z"",""slide_2_5"":""2026-06-01T16:29:52.288Z"",""slide_3"":""2026-06-01T16:38:50.399Z"",""slide_4"":""2026-06-01T16:47:45.914Z"",""slide_5"":""2026-06-01T16:51:30.385Z"",""slide_6"":""2026-06-01T16:56:33.019Z"",""slide_7"":""2026-06-01T17:07:05.658Z""},""slide_1"":""{\""part_0\"":\""Joseph and Lena\"",\""part_1\"":\""The note written on the back talks about Annie and Mary before the summer. In the photo, Annie is with a woman named Mary.\"",\""part_2\"":\""The name replaced is Anne Peters, the instructer noted that she is very quiet and has a language barrier\""}"",""_telemetry"":{""slide_1"":{""pasted"":false,""keystrokes"":362,""duration_sec"":200},""slide_2"":{""pasted"":false,""keystrokes"":349,""duration_sec"":289},""slide_2_5"":{""pasted"":false,""keystrokes"":346,""duration_sec"":172},""slide_3"":{""pasted"":false,""keystrokes"":208,""duration_sec"":538},""slide_4"":{""pasted"":true,""keystrokes"":533,""duration_sec"":532},""slide_5"":{""pasted"":true,""keystrokes"":473,""duration_sec"":221},""slide_6"":{""pasted"":false,""keystrokes"":483,""duration_sec"":201},""slide_7"":{""pasted"":false,""keystrokes"":1296,""duration_sec"":631}},""slide_2"":""Annie would run along the river picking up seagrass. Annie's mother said Kinship is a circle which cannot be cut, knowing how kinship would being people closer. The Mi'kmaq would have their own territory under themselves before government control."",""slide_2_5"":""On the top of the tree are the elders to both Sarah and Maya. Since each side of the family was affected by certain laws, they werent able to connect until now which is devastating."",""slide_3"":""{\""words\"":[\""overcrowding\"",\""infrastructure\"",\""resource\""],\""rationale\"":\""These words show bias in different ways, they all symbolize different things that appear to be on the parents but are actually on the government sides.\""}"",""slide_4"":""3 things Annie remembers are a car, a clipboard and her mother crying. The system tried to justify taking kids away by saying that parents don't have certain materials, they are unfit to provide for them which isn't true. From 1951 when the laws changed, around 20,000 kids were taken from their homes."",""slide_5"":""{\""ans_0\"":\""This change ignores the fact that she is her own human and she belongs to her culture. They are taking this away from her.\"",\""ans_1\"":\""A reason a child would act like this in a foster home is because they are separated from their family and everything they know. They lost their loved ones and themselves.\""}"",""slide_6"":""Sarah and mayas case are different yet show the same thing, government control, one is status on paper and one is losing family. Maya is asking students instead of officals because she can use what the students say to determine what actually happened instead of what is painted. Family gets to decide how they care for their kid."",""slide_7"":""{\""part_0\"":\""This legal identity erasure is cruel and connects why Annies name was changed and her status being updated by removing many things about her. The policies disrupt family lines by removing families altogether and not being able to connect until many years later.\"",\""part_1\"":\""In Leo's case, the regulations override the mi'kmaws self-goverance. This shows that even with treaties in place the government will do what they want and disrupts kinship networks and remove children which is unfair and cruel.\"",\""part_2\"":\""Since the government had traumatized all these people and are giving them bad reserves, it is seemed they aren't providing for their kids and neglecting them which isn't the case at all. These 2 things combined work together by helping one hand in hand to paint a picture that is completely out of context.\""}""}"
"5/26/2026, 3:09:06 PM",C Block (Waugh),ZAYDEN (ABCD),MIKMAW11,Sixties Scoop — Maya Paul,INCREMENTAL_SAVE,"{""slide_1"":""{\""part_0\"":\""The name change is such a powerful detail because it shows that the government was trying to cover up the kids names and their cultures\"",\""part_1\"":\""It suggests that the grandmother wanted to try and forget about her past and not let it ruin her future too\"",\""part_2\"":\""They tell only part of the story so they can hide what actually happened and make them look like the good guys\""}"",""slide_2"":""Maya needs to know who Annie was before officials entered her story because Annie wasn't just a victim. She was a happy Mi’kmaw child with. Understanding Mi’kmaw self-governance shows that the Mi’kmaq already had leadership, laws, and ways of caring for their people before governments stopped them. This changes the way later chapters about “neglect” and “removal” are understood because it suggests that the government stopped communities that already were caring for each other.""}"
"5/28/2026, 10:53:06 AM",C Block (Waugh),ZAYDEN (RAIN),MIKMAW11,Sixties Scoop — Maya Paul,INCREMENTAL_SAVE,"{""_timestamps"":{""start"":""2026-05-27T12:24:53.182Z"",""slide_1"":""2026-05-27T12:38:10.188Z"",""slide_2"":""2026-05-27T12:40:40.451Z"",""slide_2_5"":""2026-05-27T12:48:42.209Z"",""slide_3"":""2026-05-27T12:57:31.609Z"",""slide_4"":""2026-05-27T13:13:20.159Z"",""slide_5"":""2026-05-27T13:21:47.948Z"",""slide_6"":""2026-05-27T13:24:17.663Z"",""slide_7"":""2026-05-27T13:37:11.805Z""},""slide_1"":""{\""part_0\"":\""The name change is such a powerful detail because it shows that the government was trying to cover up the kids names, their cultures and their pasts.\"",\""part_1\"":\""It suggests that the grandmother wanted to try and forget about the horrible things that happened in her past and not let it ruin her future.\"",\""part_2\"":\""They tell only part of the story so they can hide what actually happened and make it seem like they are the good guys.\""}"",""_telemetry"":{""slide_1"":{""pasted"":false,""keystrokes"":442,""duration_sec"":529},""slide_2"":{""pasted"":false,""keystrokes"":350,""duration_sec"":148},""slide_2_5"":{""pasted"":true,""keystrokes"":259,""duration_sec"":380},""slide_3"":{""pasted"":true,""keystrokes"":101,""duration_sec"":528},""slide_4"":{""pasted"":true,""keystrokes"":248,""duration_sec"":944},""slide_5"":{""pasted"":true,""keystrokes"":78,""duration_sec"":506},""slide_6"":{""pasted"":true,""keystrokes"":300,""duration_sec"":147},""slide_7"":{""pasted"":true,""keystrokes"":236,""duration_sec"":1087}},""slide_2"":""Maya needs to know who Annie was before before officials entered her story because Annie wasn't just a victim. She was a happy Mi'kmaw child. Understanding Mi'kmaw self-governance shows that the Mi'kmaq already had leadership, laws and ways of caring for their people before governments interrupted."",""slide_2_5"":""The shared ancestors at the top of the family tree are Joseph and Lena Googoo from Sipekne’katik. On Mary’s branch, status loss under the Indian Act caused relatives to lose legal Indigenous status and connection to their community. On Annie’s branch, the Sixties Scoop removed children from their families and culture. This affected family, cultural identity, and friendship."",""slide_3"":""{\""words\"":[\""overcrowding\"",\""removal\"",\""interests\""],\""rationale\"":\""These words show bias and cold government language in the report. The word “removal” makes taking a child away from their family sound normal and simple, even though it was very painful. “Overcrowding” points out the poor housing conditions but ignores how government rules caused those problems. The word “interests” sounds fake because the government said it was helping children while separating them from their families and culture.\""}"",""slide_4"":""A car. A clipboard. Her mother crying. The phrase \""best interests\"" hides the what the government used to justify taking Indigenous children from their families. The law made the removal powerful, leaving many families afraid, and unable to do anything. The Sixties Scoop took approzimately 20 000 Indigenous children."",""slide_5"":""{\""ans_0\"":\""Annie was still connected to her Mi'kmaq family, her community, language, and her ancestors, even if the system had tried to rename her and hide all of this from her.\"",\""ans_1\"":\""Annie's silence and her withdrawal can be seen as trauma from being separated from her family and her culture.\""}"",""slide_6"":""Annie francis was taken from her family during the sixties scoop after the government said her home conditions were bad. Those conditions were caused by policies like, residential schools, and government control over Indigenous communities. Sarah's family story connects through the Indian act, which controlled who was legally recognized as Indigenous. Both cases show how the government used different systems to weaken Mi'kmaq identity, families, and their belonging."",""slide_7"":""{\""part_0\"":\""Sarah's case shows how the Indian act controlled who was legally recognized as indigenous. Status categories like 6(1) and 6(2) determined whether status could be passed down to future generations. Indigenous women who married non status men would lose their status because of the old laws. Bill C-31 and Bill S-3 tried to fix some of this. These laws still caused Indigenous family lines to be gone from the official records.\"",\""part_1\"":\""Leo's treaty case explained how the 1752 peace and friendship treaty recognized Mi'kmaq trading rights. Article 4, called the Truck house clause, allowed Mi'kmaq people to trade freely, and to whoever they wanted too. The sparrow test also confirmed that indigenous rights are protected. Section 88 of the Indian act allowed provincial laws to limit the rights. This showed how governments continued to control indigenous economies despite the treaty agreements.\"",\""part_2\"":\""The Residential School system caused trauma by separating Indigenous children from their families and damaging culture, and language. Government policies also created poverty and overcrowding on reserves, but child welfare agents often called these conditions “neglect” and removed children from their homes. Residential schools and child welfare worked together as one system because both took Indigenous children away from their families.\""}""}"
"2026-05-29, 11:16:41 PM",C Block (Waugh),Zaid (ZAID),MIKMAW11,Sixties Scoop — Maya Paul,INCREMENTAL_SAVE,"{""slide_2"":""Maya needs to know who Annie was in the past to identify where she belongs by knowing the environment she lived in,how wealthy she was rather then defing her life as the victim."",""slide_2_5"":""they are the same colonial goal because they are losing their status and forcefully being assimilated and they are taking Mi'kmaw peoples kids away and making them froget where their kids came from and their tradition and culture without the kids and the parents having a choice of stopping it ."",""slide_3"":""{\""words\"":[\""overcrowding\"",\""infrastructure\"",\""removal\""],\""rationale\"":\""because these words show in the story that they are bias towards Annie but aren't discussing who's fault it is.Its bias because Annies family is living bad because the government doesn't treat them how they should be treated.\""}"",""_timestamps"":{""start"":""2026-05-28T15:14:13.799Z"",""slide_4"":""2026-05-29T01:34:33.573Z"",""slide_5"":""2026-05-29T01:47:23.470Z"",""slide_6"":""2026-05-29T02:05:27.700Z"",""slide_1"":""2026-05-30T02:08:48.652Z"",""slide_7"":""2026-05-30T02:16:38.046Z""},""slide_4"":""there was more then 3 fragments annie remembers, a car, a clipboard, her mother crying, A promise that this was temporary. the phrase best interest was used by the officials to remove indigenous people like it was for the best and because they think non-indigenous people lived better than them. some of the assumptions were that a nuclear family was better then indigenous kinship and community service,the poverty meant that parents were unfit to take care of their children even though any families were struggling because of the colonial places. The european style of parenting was considered the way every kid should be raised.The 1951 legislative  change was amendment to the indian act that gave provinces control over indigenous child welfare services,as a result 20,000 children were removed from their homes."",""_telemetry"":{""slide_4"":{""pasted"":false,""keystrokes"":1003,""duration_sec"":3532},""slide_5"":{""pasted"":false,""keystrokes"":413,""duration_sec"":760},""slide_6"":{""pasted"":true,""keystrokes"":604,""duration_sec"":1032},""slide_1"":{""pasted"":false,""keystrokes"":489,""duration_sec"":670},""slide_7"":{""pasted"":true,""keystrokes"":421,""duration_sec"":467}},""slide_5"":""{\""ans_0\"":\""the name change ignores Annie's mi'kmaq identity,by changing their names wiped an important part of who she was and tried replacing her indigenous part and make it european.\"",\""ans_1\"":\""they acted like this because they wanted everyone mostly the indigenous peoples cultural and traditions to be forgotten and to follow the way the life of europeans.\""}"",""slide_6"":""sarah's case sows how the government use use the indian act and paperwork to decide who belongs where.Mayas case story shows how the child welfare system removed children from their families like annie.hey might have differences but they were both about government control indigenous people.Maya is asking students instead of the government records because the files don't show the full truth or thr harm done to the families.  The story shows that governments have usually decided what counts as care, belonging, and family, but Maya challenges that. It should be the families and communities, not the state."",""slide_1"":""{\""part_0\"":\""According to the St.Anne Parish baptismal card, Annie's parents were Joseph Googoo and Lena Googoo, and her home community was Sipkne’katik First Nation\"",\""part_1\"":\""The back of the photograph says \\\""Annie Annie and marry summer before everything changed,\\\"" and the picture shows Annie and marry together.1\"",\""part_2\"":\""The school record changed Annie's name to Anne Peters. The instructor noted that she spoke Mi’kmaq and had difficulty or reluctance speaking English\""}"",""slide_7"":""{\""part_0\"":\""It connects because they did it forcefully or without Anne knowing and it connects because, in both Sarah's story and Mary's we saw that the government wanted everyone living a European lifestyle because they saw it was the right and best thing for everyone to live so they forced kids away from their family where they would be assimilated forgetting their culture, traditions, and family\"",\""part_1\"":\""\"",\""part_2\"":\""Residential schools caused trauma, loss of culture, and family separation, while poverty on reserves was often mistaken for neglect. Child welfare agencies used this as a reason to remove Indigenous children. Together, residential schools and child welfare removals worked as a system of colonial control by separating children from their families, culture, and communities.\""}""}"
"6/1/2026, 1:49:50 PM",C Block (Waugh),myles (MYLS),MIKMAW11,Sixties Scoop — Maya Paul,INCREMENTAL_SAVE,"{""_timestamps"":{""start"":""2026-06-01T16:23:55.075Z"",""slide_1"":""2026-06-01T16:28:35.090Z"",""slide_2"":""2026-06-01T16:29:32.584Z"",""slide_2_5"":""2026-06-01T16:33:47.316Z"",""slide_3"":""2026-06-01T16:36:17.891Z"",""slide_4"":""2026-06-01T16:36:56.674Z"",""slide_5"":""2026-06-01T16:37:51.579Z"",""slide_6"":""2026-06-01T16:39:38.130Z"",""slide_7"":""2026-06-01T16:49:50.211Z""},""slide_1"":""{\""part_0\"":\""According to the St. Anne's Parish baptismal certificate, Annie's parents were Joseph Googoo and Lena Googoo, and their home community was Sipeknekatik First Nation.\"",\""part_1\"":\""The note written on the back of the faded photograph says: \\\""Annie & Mary, summer before everything changed.\\\"" The photograph shows Annie and Mary standing together on a wooden porch.\"",\""part_2\"":\""On the school record card, Annie's name was replaced with Anne Peters (with \\\""Annie Googoo\\\"" crossed out in red ink). The instructor noted that she was \\\""Exceptionally quiet, refuses to speak, language barrier.\\\""\""}"",""_telemetry"":{""slide_1"":{""pasted"":true,""keystrokes"":9,""duration_sec"":280},""slide_2"":{""pasted"":true,""keystrokes"":2,""duration_sec"":42},""slide_2_5"":{""pasted"":true,""keystrokes"":3,""duration_sec"":254},""slide_3"":{""pasted"":true,""keystrokes"":6,""duration_sec"":144},""slide_4"":{""pasted"":true,""keystrokes"":3,""duration_sec"":36},""slide_5"":{""pasted"":true,""keystrokes"":6,""duration_sec"":53},""slide_6"":{""pasted"":true,""keystrokes"":6,""duration_sec"":105},""slide_7"":{""pasted"":true,""keystrokes"":7,""duration_sec"":608}},""slide_2"":""Annie spent her time running along the Shubenacadie River, picking sweetgrass with her grandmother, and learning to smudge. Her mother taught her that “Kinship is a circle that cannot be cut.” Before colonial control, the Mi'kmaq governed Mi'kma'ki through district leaders, local chiefs, and the Grand Council, with their own established systems of leadership and responsibility."",""slide_2_5"":""The shared ancestors at the top of the family tree are Joseph and Lena Googoo. Family unity was disrupted in two ways: on Mary’s branch, Indian Act status rules caused status loss and legal erasure that affected future generations, while on Annie’s branch, she was taken by child welfare authorities, renamed Anne Peters, and separated from her family, language, and culture. Both policies weakened family connections and disrupted the passing down of identity and belonging."",""slide_3"":""{\""words\"":[\""Found\"",\""family\"",\""dwelling\"",\""in\"",\""conditions\"",\""of\"",\""severe\"",\""overcrowding\"",\""and\"",\""material\"",\""poverty\"",\""Lacks\"",\""standard\"",\""municipal\"",\""infrastructure\"",\""Parents\"",\""cooperative\"",\""but\"",\""demonstrate\"",\""lack\"",\""of\"",\""resource\"",\""management\"",\""Housing\"",\""substandard\""],\""rationale\"":\""The phrases “lack of resource management,” “substandard housing,” and “immediate removal in best interests of child” show bias because they blame the family for their circumstances while ignoring the effects of government policies, poverty, and the lasting impacts of residential schools.\""}"",""slide_4"":""Annie remembers fragments like a car, a clipboard, and her mother crying from the day she was taken. The phrase “best interests” reflected assumptions that nuclear families were superior, poverty meant neglect, European-style upbringing was the standard, and Indigenous culture needed correction. The 1951 amendment to the Indian Act gave provinces control over Indigenous child welfare, leading to about 20,000 children being removed in the Sixties Scoop."",""slide_5"":""{\""ans_0\"":\""It ignores that Annie was a Mi'kmaw child with deep kinship ties, a language, a family, and a cultural identity rooted in Sipeknekatik First Nation, reducing her lived life to an administrative label.\"",\""ans_1\"":\""A child in foster care might become quiet and withdrawn due to trauma from being separated from their family, culture, language, and home, losing their sense of safety, belonging, and identity.\""}"",""slide_6"":""Annie was taken from her family through colonial child welfare systems, renamed Anne Peters, and separated from her language, identity, and kinship ties, while Sarah’s case shows how the Indian Act controlled identity through legal status rules. Both are part of the same system of colonial governance that shaped Indigenous lives through law and policy, defining Indigenous families as “problematic” and replacing kinship-based care with state authority. Together, they show how colonial power decided what counted as care, belonging, and family."",""slide_7"":""{\""part_0\"":\""Both Sarah’s case and Maya’s grandmother’s case show how colonial systems erased Indigenous identity by controlling legal status and records: the Indian Act removed or restricted status on paper, while child welfare systems renamed Annie as “Anne Peters” and marked her as “Inactive,” separating her from her family and community. Together, these policies disrupted family lines by breaking generational continuity and replacing kinship-based identity with state-defined categories.\"",\""part_1\"":\""State control meant provincial law was treated as superior to Mi’kmaw sovereignty, allowing child welfare agents to impose outside standards on reserve communities and override traditional kinship authority. This gave the state legal power to remove children even when Mi’kmaw communities had their own systems of care and decision-making.\"",\""part_2\"":\""Residential schools broke language, parenting, and family systems, while reserve poverty created by colonial policies led to poor living conditions. Child welfare agents labeled these consequences as “neglect” and used them to justify removing children. Together, both systems worked as one cycle of colonial control that separated families across generations.\""}""}"
