"5/15/2026, 3:19:06 PM",A Block (Waugh),Jon (DUDE),INCREMENTAL_SAVE,MIKMAW11,IRSSA Settlement Dossier,"{""slide_1"":""Because the implementation of this allowed for the legacy of the horrors of the residential schools to finally come out. This provided former students with truth, healing and compensation. Back in the day residential schools weren't talked about at school or anywhere so for this to be implemented and for the truth to finally be out there must be a relief to any survivors out there."",""slide_2"":""Probably the Health and Healing Services because the survivors were the ones most impacted by these schools and they suffered a crazy amount of physical and mental abuse so for the survivors to be able to get assistance after experiencing all of that is crictical. Yes, getting a direct payment is nice and all, but it doesn't remove what happened in the past and the abuse suffered. No amount of money can justify what happened in those schools."",""slide_3"":""Shubenacadie Indian Residential School was the only residential school that was located in Nova Scotia. The school opened in 1929 and closed for 1967 so the school operated for 38 years. The church that was responsible for the administration of this school was the Roman Catholic Church."",""slide_4"":""The (CEP) would give her a payment for having to reside at a recognized residential school. This payment would try and make up for her experience of being at a residential school. The (TRC) would allow her to tell her stories and her experience about the residential schools. It would allow for the truth to be out there and to show just how bad the schools actually were.""}"
"5/19/2026, 10:56:00 AM",A Block (Waugh),Gala (NIVA),INCREMENTAL_SAVE,MIKMAW11,IRSSA Settlement Dossier,"{""slide_1"":""The implementation of the IRSSA was a turning point because it saw the government admit, in some way, to the horrors it inflicted on Indigenous children, and saw it make some attempt to reconcile."",""slide_2"":""Health and Healing Services are the most important as they help people move past trauma and stop cycles of abuse. This benefits survivors, their children, and the community by potentially reducing rates of suicide and drug abuse through proactive support."",""slide_3"":""Shubenacadie Indian Residential School\n\n\n• Operational Duration: 38 years\n\n\n• Administration: Catholic Church"",""slide_4"":""Common Experience Payment (CEP): Betty would receive a standardized payment for her time spent as a residential school survivor.\n\nIndependent Assessment Process (IAP): Provided Betty testified to her experiences, this would provide specific compensation for the sexual and physical abuses she suffered.\n\nProposed Resource Allocation: * Expansion of Indigenous language lessons.\n\nFunding for specialized therapies and medical aids required due to past abuses.""}"
"5/19/2026, 11:04:09 AM",A Block (Waugh),Kevin (CHIG),INCREMENTAL_SAVE,MIKMAW11,IRSSA Settlement Dossier,"{""slide_1"":""The Indian Residential Schools Settlement Agreement (IRSSA) is recognized as a critical turning point in Canadian history. Its significance lies in:\n\nNational Recognition: It marked the formal acknowledgment of the systemic harm and trauma inflicted upon children within the residential school system.\n\nThe Healing Process: It serves as the foundational starting point for the long-term healing journey of Indigenous peoples, moving toward reconciliation."",""slide_2"":""Among the various pillars of the settlement, Health and Healing is identified as a primary focus due to the following factors:\n\nPhysical Hardship: Survivors were subjected to forced labor and harsh environments.\n\nPsychological Impact: The abusive nature of the schools led to significant mental health challenges, including chronic depression and long-term trauma.\n\nRehabilitation: Targeted health services are essential to address these specific historical injuries and support the well-being of survivors."",""slide_3"":""the indian residential school was operational for 37 years and was administrated by a catholic church.""}"
"2026-06-15, 2:32:49 PM",A Block (Waugh),JESSE (LOUP),MIKMAW11,Restorative Justice — Liam's Journey,INCREMENTAL_SAVE,"{""ans-q1-risk"":""Indigenous women became overrepresented faster than Indigenous men. Men’s admissions went from 25.2% to 33%, while women’s went from 36.1% to 50%.\n\nIndigenous women may be more overrepresented because they often face more poverty, trauma, and discrimination.\n\nThe actuarial scoring system is unfair because it judges people based on things like poverty, housing, and employment instead of their actual actions or intentions."",""ans-q2-trc"":"""",""ans-q3-marshall"":"""",""ans-q4-gladue"":"""",""ans-q5-circle"":"""",""ans-q6-comparison"":"""",""ans-q7-recidivism"":"""",""ans-q8-relations"":"""",""ans-q9-maya"":"""",""ans-q10-leo"":"""",""_timestamps"":{""start"":""2026-06-15T17:32:49.638Z""},""_telemetry"":{""session"":{""keystrokes"":0,""pasted"":true,""duration_sec"":210}}}"
"2026-06-15, 2:33:04 PM",A Block (Waugh),JESSE (LOUP),MIKMAW11,Restorative Justice — Liam's Journey,INCREMENTAL_SAVE,"{""ans-q1-risk"":""Indigenous women became overrepresented faster than Indigenous men. Men’s admissions went from 25.2% to 33%, while women’s went from 36.1% to 50%.\n\nIndigenous women may be more overrepresented because they often face more poverty, trauma, and discrimination.\n\nThe scoring system is unfair because it judges people based on things like poverty, housing, and employment instead of their actual actions or intentions."",""ans-q2-trc"":"""",""ans-q3-marshall"":"""",""ans-q4-gladue"":"""",""ans-q5-circle"":"""",""ans-q6-comparison"":"""",""ans-q7-recidivism"":"""",""ans-q8-relations"":"""",""ans-q9-maya"":"""",""ans-q10-leo"":"""",""_timestamps"":{""start"":""2026-06-15T17:33:04.348Z""},""_telemetry"":{""session"":{""keystrokes"":14,""pasted"":true,""duration_sec"":225}}}"
"2026-06-15, 2:33:18 PM",A Block (Waugh),JESSE (LOUP),MIKMAW11,Restorative Justice — Liam's Journey,INCREMENTAL_SAVE,"{""ans-q1-risk"":""Indigenous women became overrepresented faster than Indigenous men. Men’s admissions went from 25.2% to 33%, while women’s went from 36.1% to 50%.\n\nIndigenous women may be more overrepresented because they often face more poverty, trauma, and discrimination.\n\nThe scoring system is unfair because it judges people based on things like poverty and housing and employment instead of their actual actions or intentions."",""ans-q2-trc"":"""",""ans-q3-marshall"":"""",""ans-q4-gladue"":"""",""ans-q5-circle"":"""",""ans-q6-comparison"":"""",""ans-q7-recidivism"":"""",""ans-q8-relations"":"""",""ans-q9-maya"":"""",""ans-q10-leo"":"""",""_timestamps"":{""start"":""2026-06-15T17:33:18.298Z""},""_telemetry"":{""session"":{""keystrokes"":24,""pasted"":true,""duration_sec"":239}}}"
"2026-06-15, 2:33:28 PM",A Block (Waugh),JESSE (LOUP),MIKMAW11,Restorative Justice — Liam's Journey,INCREMENTAL_SAVE,"{""ans-q1-risk"":""Indigenous women became overrepresented faster than Indigenous men. Men’s admissions went from 25.2% to 33%, while women’s went from 36.1% to 50%.\n\nIndigenous women may be more overrepresented because they often face more poverty, trauma, and discrimination.\n\nThe scoring system is unfair because it judges people based on things like poverty and housing and employment instead of their actual actions"",""ans-q2-trc"":"""",""ans-q3-marshall"":"""",""ans-q4-gladue"":"""",""ans-q5-circle"":"""",""ans-q6-comparison"":"""",""ans-q7-recidivism"":"""",""ans-q8-relations"":"""",""ans-q9-maya"":"""",""ans-q10-leo"":"""",""_timestamps"":{""start"":""2026-06-15T17:33:28.802Z""},""_telemetry"":{""session"":{""keystrokes"":39,""pasted"":true,""duration_sec"":249}}}"
"2026-06-15, 2:34:35 PM",A Block (Waugh),JESSE (LOUP),MIKMAW11,Restorative Justice — Liam's Journey,INCREMENTAL_SAVE,"{""ans-q1-risk"":""Indigenous women became overrepresented faster than Indigenous men. Men’s admissions went from 25.2% to 33%, while women’s went from 36.1% to 50%.\n\nIndigenous women may be more overrepresented because they often face more poverty, trauma, and discrimination.\n\nThe scoring system is unfair because it judges people based on things like poverty and housing and employment instead of their actual actions"",""ans-q2-trc"":""TRC Call to Action #30 asks the federal government to reduce the overrepresentation of Indigenous people in prisons and to report on progress each year.\n\nThis connects to Sugar Falls because residential schools caused trauma that affected survivors and future generations. This intergenerational trauma has contributed to problems such as poverty and family struggles and involvement with the justice system, which can lead to more Indigenous people being imprisoned today."",""ans-q3-marshall"":"""",""ans-q4-gladue"":"""",""ans-q5-circle"":"""",""ans-q6-comparison"":"""",""ans-q7-recidivism"":"""",""ans-q8-relations"":"""",""ans-q9-maya"":"""",""ans-q10-leo"":"""",""_timestamps"":{""start"":""2026-06-15T17:34:35.067Z""},""_telemetry"":{""session"":{""keystrokes"":47,""pasted"":true,""duration_sec"":315}}}"
"2026-06-15, 2:34:45 PM",A Block (Waugh),JESSE (LOUP),MIKMAW11,Restorative Justice — Liam's Journey,INCREMENTAL_SAVE,"{""ans-q1-risk"":""Indigenous women became overrepresented faster than Indigenous men. Men’s admissions went from 25.2% to 33%, while women’s went from 36.1% to 50%.\n\nIndigenous women may be more overrepresented because they often face more poverty, trauma, and discrimination.\n\nThe scoring system is unfair because it judges people based on things like poverty and housing and employment instead of their actual actions"",""ans-q2-trc"":""TRC Call to Action #30 asks the federal government to reduce the overrepresentation of Indigenous people in prisons and to report on progress each year.\n\nThis connects to Sugar Falls because residential schools caused trauma that affected survivors and future generations. This intergenerational trauma has contributed to problems such as poverty and family struggles and involvement with the justice system which can lead to more Indigenous people being imprisoned today."",""ans-q3-marshall"":"""",""ans-q4-gladue"":"""",""ans-q5-circle"":"""",""ans-q6-comparison"":"""",""ans-q7-recidivism"":"""",""ans-q8-relations"":"""",""ans-q9-maya"":"""",""ans-q10-leo"":"""",""_timestamps"":{""start"":""2026-06-15T17:34:45.261Z""},""_telemetry"":{""session"":{""keystrokes"":50,""pasted"":true,""duration_sec"":326}}}"
"2026-06-15, 2:34:53 PM",A Block (Waugh),JESSE (LOUP),MIKMAW11,Restorative Justice — Liam's Journey,INCREMENTAL_SAVE,"{""ans-q1-risk"":""Indigenous women became overrepresented faster than Indigenous men. Men’s admissions went from 25.2% to 33%, while women’s went from 36.1% to 50%.\n\nIndigenous women may be more overrepresented because they often face more poverty, trauma, and discrimination.\n\nThe scoring system is unfair because it judges people based on things like poverty and housing and employment instead of their actual actions"",""ans-q2-trc"":""TRC Call to Action #30 asks the federal government to reduce the overrepresentation of Indigenous people in prisons and to report on progress each year.\n\nThis connects to Sugar Falls because residential schools caused trauma that affected survivors and future generations. This intergenerational trauma has contributed to problems such as poverty and family struggles and involvement with the justice system which can lead to more Indigenous people being in prisoned today."",""ans-q3-marshall"":"""",""ans-q4-gladue"":"""",""ans-q5-circle"":"""",""ans-q6-comparison"":"""",""ans-q7-recidivism"":"""",""ans-q8-relations"":"""",""ans-q9-maya"":"""",""ans-q10-leo"":"""",""_timestamps"":{""start"":""2026-06-15T17:34:53.225Z""},""_telemetry"":{""session"":{""keystrokes"":53,""pasted"":true,""duration_sec"":334}}}"
"2026-06-15, 2:35:20 PM",A Block (Waugh),JESSE (LOUP),MIKMAW11,Restorative Justice — Liam's Journey,INCREMENTAL_SAVE,"{""ans-q1-risk"":""Indigenous women became overrepresented faster than Indigenous men. Men’s admissions went from 25.2% to 33%, while women’s went from 36.1% to 50%.\n\nIndigenous women may be more overrepresented because they often face more poverty, trauma, and discrimination.\n\nThe scoring system is unfair because it judges people based on things like poverty and housing and employment instead of their actual actions"",""ans-q2-trc"":""TRC Call to Action #30 asks the federal government to reduce the overrepresentation of Indigenous people in prisons and  report on progress each year.\n\nThis connects to Sugar Falls because residential schools caused trauma that affected survivors and future generations. This intergenerational trauma has contributed to problems such as poverty and family struggles and involvement with the justice system which can lead to more Indigenous people being in prisoned today."",""ans-q3-marshall"":"""",""ans-q4-gladue"":"""",""ans-q5-circle"":"""",""ans-q6-comparison"":"""",""ans-q7-recidivism"":"""",""ans-q8-relations"":"""",""ans-q9-maya"":"""",""ans-q10-leo"":"""",""_timestamps"":{""start"":""2026-06-15T17:35:20.434Z""},""_telemetry"":{""session"":{""keystrokes"":55,""pasted"":true,""duration_sec"":361}}}"
"2026-06-15, 2:35:27 PM",A Block (Waugh),JESSE (LOUP),MIKMAW11,Restorative Justice — Liam's Journey,INCREMENTAL_SAVE,"{""ans-q1-risk"":""Indigenous women became overrepresented faster than Indigenous men. Men’s admissions went from 25.2% to 33%, while women’s went from 36.1% to 50%.\n\nIndigenous women may be more overrepresented because they often face more poverty, trauma, and discrimination.\n\nThe scoring system is unfair because it judges people based on things like poverty and housing and employment instead of their actual actions"",""ans-q2-trc"":""TRC Call to Action #30 asks the federal government to reduce the overrepresentation of Indigenous people in prisons and  report on progress each year.\n\nThis connects to Sugar Falls because residential schools caused trauma that affected survivors and future generations. This intergenerational trauma has contributed to problems such as poverty and family struggles and involvement with the justice system which can lead to more Indigenous people being in prisoned today"",""ans-q3-marshall"":"""",""ans-q4-gladue"":"""",""ans-q5-circle"":"""",""ans-q6-comparison"":"""",""ans-q7-recidivism"":"""",""ans-q8-relations"":"""",""ans-q9-maya"":"""",""ans-q10-leo"":"""",""_timestamps"":{""start"":""2026-06-15T17:35:27.420Z""},""_telemetry"":{""session"":{""keystrokes"":56,""pasted"":true,""duration_sec"":368}}}"
"2026-06-15, 2:37:00 PM",A Block (Waugh),JESSE (LOUP),MIKMAW11,Restorative Justice — Liam's Journey,INCREMENTAL_SAVE,"{""ans-q1-risk"":""Indigenous women became overrepresented faster than Indigenous men. Men’s admissions went from 25.2% to 33%, while women’s went from 36.1% to 50%.\n\nIndigenous women may be more overrepresented because they often face more poverty, trauma, and discrimination.\n\nThe scoring system is unfair because it judges people based on things like poverty and housing and employment instead of their actual actions"",""ans-q2-trc"":""TRC Call to Action #30 asks the federal government to reduce the overrepresentation of Indigenous people in prisons and  report on progress each year.\n\nThis connects to Sugar Falls because residential schools caused trauma that affected survivors and future generations. This intergenerational trauma has contributed to problems such as poverty and family struggles and involvement with the justice system which can lead to more Indigenous people being in prisoned today"",""ans-q3-marshall"":""Donald Marshall Jr. was a Mi’kmaw man who was wrongly convicted of murder in Sydney, Nova Scotia. He spent 11 years in prison before being proven innocent.\n\nThe Royal Commission found that the justice system failed him because of police mistakes, unfair treatment, and racism toward Indigenous people. His case became an important example of problems within Canada’s justice system."",""ans-q4-gladue"":"""",""ans-q5-circle"":"""",""ans-q6-comparison"":"""",""ans-q7-recidivism"":"""",""ans-q8-relations"":"""",""ans-q9-maya"":"""",""ans-q10-leo"":"""",""_timestamps"":{""start"":""2026-06-15T17:37:00.996Z""},""_telemetry"":{""session"":{""keystrokes"":56,""pasted"":true,""duration_sec"":461}}}"
"2026-06-15, 2:37:26 PM",A Block (Waugh),JESSE (LOUP),MIKMAW11,Restorative Justice — Liam's Journey,INCREMENTAL_SAVE,"{""ans-q1-risk"":""Indigenous women became overrepresented faster than Indigenous men. Men’s admissions went from 25.2% to 33%, while women’s went from 36.1% to 50%.\n\nIndigenous women may be more overrepresented because they often face more poverty, trauma, and discrimination.\n\nThe scoring system is unfair because it judges people based on things like poverty and housing and employment instead of their actual actions"",""ans-q2-trc"":""TRC Call to Action #30 asks the federal government to reduce the overrepresentation of Indigenous people in prisons and  report on progress each year.\n\nThis connects to Sugar Falls because residential schools caused trauma that affected survivors and future generations. This intergenerational trauma has contributed to problems such as poverty and family struggles and involvement with the justice system which can lead to more Indigenous people being in prisoned today"",""ans-q3-marshall"":""Donald Marshall Jr. was a Mi’kmaw man who was convicted of murder in Sydney, Nova Scotia even though it was wrong He spent 11 years in prison before being proven innocent.\n\nThe Royal Commission found that the justice system failed him because of police mistakes, unfair treatment, and racism toward Indigenous people. His case became an important example of problems within Canada’s justice system."",""ans-q4-gladue"":"""",""ans-q5-circle"":"""",""ans-q6-comparison"":"""",""ans-q7-recidivism"":"""",""ans-q8-relations"":"""",""ans-q9-maya"":"""",""ans-q10-leo"":"""",""_timestamps"":{""start"":""2026-06-15T17:37:26.182Z""},""_telemetry"":{""session"":{""keystrokes"":88,""pasted"":true,""duration_sec"":487}}}"
"2026-06-15, 2:37:34 PM",A Block (Waugh),JESSE (LOUP),MIKMAW11,Restorative Justice — Liam's Journey,INCREMENTAL_SAVE,"{""ans-q1-risk"":""Indigenous women became overrepresented faster than Indigenous men. Men’s admissions went from 25.2% to 33%, while women’s went from 36.1% to 50%.\n\nIndigenous women may be more overrepresented because they often face more poverty, trauma, and discrimination.\n\nThe scoring system is unfair because it judges people based on things like poverty and housing and employment instead of their actual actions"",""ans-q2-trc"":""TRC Call to Action #30 asks the federal government to reduce the overrepresentation of Indigenous people in prisons and  report on progress each year.\n\nThis connects to Sugar Falls because residential schools caused trauma that affected survivors and future generations. This intergenerational trauma has contributed to problems such as poverty and family struggles and involvement with the justice system which can lead to more Indigenous people being in prisoned today"",""ans-q3-marshall"":""Donald Marshall Jr. was a Mi’kmaw man who was convicted of murder in Sydney, Nova Scotia even though it was wrong He spent 11 years  before being proven innocent.\n\nThe Royal Commission found that the justice system failed him because of police mistakes, unfair treatment, and racism toward Indigenous people. His case became an important example of problems within Canada’s justice system."",""ans-q4-gladue"":"""",""ans-q5-circle"":"""",""ans-q6-comparison"":"""",""ans-q7-recidivism"":"""",""ans-q8-relations"":"""",""ans-q9-maya"":"""",""ans-q10-leo"":"""",""_timestamps"":{""start"":""2026-06-15T17:37:34.078Z""},""_telemetry"":{""session"":{""keystrokes"":97,""pasted"":true,""duration_sec"":494}}}"
"2026-06-15, 2:37:45 PM",A Block (Waugh),JESSE (LOUP),MIKMAW11,Restorative Justice — Liam's Journey,INCREMENTAL_SAVE,"{""ans-q1-risk"":""Indigenous women became overrepresented faster than Indigenous men. Men’s admissions went from 25.2% to 33%, while women’s went from 36.1% to 50%.\n\nIndigenous women may be more overrepresented because they often face more poverty, trauma, and discrimination.\n\nThe scoring system is unfair because it judges people based on things like poverty and housing and employment instead of their actual actions"",""ans-q2-trc"":""TRC Call to Action #30 asks the federal government to reduce the overrepresentation of Indigenous people in prisons and  report on progress each year.\n\nThis connects to Sugar Falls because residential schools caused trauma that affected survivors and future generations. This intergenerational trauma has contributed to problems such as poverty and family struggles and involvement with the justice system which can lead to more Indigenous people being in prisoned today"",""ans-q3-marshall"":""Donald Marshall Jr. was a Mi’kmaw man who was convicted of murder in Sydney, Nova Scotia even though it was wrong He spent 11 years  before being proven innocent.\n\nThe Royal Commission found that the justice system failed him because of police mistakes annd  unfair treatment, and racism toward Indigenous people. His case became an important example of problems within Canada’s justice system."",""ans-q4-gladue"":"""",""ans-q5-circle"":"""",""ans-q6-comparison"":"""",""ans-q7-recidivism"":"""",""ans-q8-relations"":"""",""ans-q9-maya"":"""",""ans-q10-leo"":"""",""_timestamps"":{""start"":""2026-06-15T17:37:45.266Z""},""_telemetry"":{""session"":{""keystrokes"":103,""pasted"":true,""duration_sec"":506}}}"
"2026-06-15, 2:39:01 PM",A Block (Waugh),JESSE (LOUP),MIKMAW11,Restorative Justice — Liam's Journey,INCREMENTAL_SAVE,"{""ans-q1-risk"":""Indigenous women became overrepresented faster than Indigenous men. Men’s admissions went from 25.2% to 33%, while women’s went from 36.1% to 50%.\n\nIndigenous women may be more overrepresented because they often face more poverty, trauma, and discrimination.\n\nThe scoring system is unfair because it judges people based on things like poverty and housing and employment instead of their actual actions"",""ans-q2-trc"":""TRC Call to Action #30 asks the federal government to reduce the overrepresentation of Indigenous people in prisons and  report on progress each year.\n\nThis connects to Sugar Falls because residential schools caused trauma that affected survivors and future generations. This intergenerational trauma has contributed to problems such as poverty and family struggles and involvement with the justice system which can lead to more Indigenous people being in prisoned today"",""ans-q3-marshall"":""Donald Marshall Jr. was a Mi’kmaw man who was convicted of murder in Sydney, Nova Scotia even though it was wrong He spent 11 years  before being proven innocent.\n\nThe Royal Commission found that the justice system failed him because of police mistakes annd  unfair treatment, and racism toward Indigenous people. His case became an important example of problems within Canada’s justice system."",""ans-q4-gladue"":""\n\nWithout enough community resources, judges may not have alternatives like counselling, treatment programs, or restorative justice options available, so they are more likely to sentence people to jail instead."",""ans-q5-circle"":"""",""ans-q6-comparison"":"""",""ans-q7-recidivism"":"""",""ans-q8-relations"":"""",""ans-q9-maya"":"""",""ans-q10-leo"":"""",""_timestamps"":{""start"":""2026-06-15T17:39:01.019Z""},""_telemetry"":{""session"":{""keystrokes"":104,""pasted"":true,""duration_sec"":581}}}"
"2026-06-15, 2:39:14 PM",A Block (Waugh),JESSE (LOUP),MIKMAW11,Restorative Justice — Liam's Journey,INCREMENTAL_SAVE,"{""ans-q1-risk"":""Indigenous women became overrepresented faster than Indigenous men. Men’s admissions went from 25.2% to 33%, while women’s went from 36.1% to 50%.\n\nIndigenous women may be more overrepresented because they often face more poverty, trauma, and discrimination.\n\nThe scoring system is unfair because it judges people based on things like poverty and housing and employment instead of their actual actions"",""ans-q2-trc"":""TRC Call to Action #30 asks the federal government to reduce the overrepresentation of Indigenous people in prisons and  report on progress each year.\n\nThis connects to Sugar Falls because residential schools caused trauma that affected survivors and future generations. This intergenerational trauma has contributed to problems such as poverty and family struggles and involvement with the justice system which can lead to more Indigenous people being in prisoned today"",""ans-q3-marshall"":""Donald Marshall Jr. was a Mi’kmaw man who was convicted of murder in Sydney, Nova Scotia even though it was wrong He spent 11 years  before being proven innocent.\n\nThe Royal Commission found that the justice system failed him because of police mistakes annd  unfair treatment, and racism toward Indigenous people. His case became an important example of problems within Canada’s justice system."",""ans-q4-gladue"":""\n\nWithout enough community resources judges may not have alternatives like counselling treatment programs, or restorative justice options available, so they are more likely to sentence people to jail instead."",""ans-q5-circle"":"""",""ans-q6-comparison"":"""",""ans-q7-recidivism"":"""",""ans-q8-relations"":"""",""ans-q9-maya"":"""",""ans-q10-leo"":"""",""_timestamps"":{""start"":""2026-06-15T17:39:14.240Z""},""_telemetry"":{""session"":{""keystrokes"":110,""pasted"":true,""duration_sec"":595}}}"
"2026-06-15, 2:40:38 PM",A Block (Waugh),JESSE (LOUP),MIKMAW11,Restorative Justice — Liam's Journey,INCREMENTAL_SAVE,"{""ans-q1-risk"":""Indigenous women became overrepresented faster than Indigenous men. Men’s admissions went from 25.2% to 33%, while women’s went from 36.1% to 50%.\n\nIndigenous women may be more overrepresented because they often face more poverty, trauma, and discrimination.\n\nThe scoring system is unfair because it judges people based on things like poverty and housing and employment instead of their actual actions"",""ans-q2-trc"":""TRC Call to Action #30 asks the federal government to reduce the overrepresentation of Indigenous people in prisons and  report on progress each year.\n\nThis connects to Sugar Falls because residential schools caused trauma that affected survivors and future generations. This intergenerational trauma has contributed to problems such as poverty and family struggles and involvement with the justice system which can lead to more Indigenous people being in prisoned today"",""ans-q3-marshall"":""Donald Marshall Jr. was a Mi’kmaw man who was convicted of murder in Sydney, Nova Scotia even though it was wrong He spent 11 years  before being proven innocent.\n\nThe Royal Commission found that the justice system failed him because of police mistakes annd  unfair treatment, and racism toward Indigenous people. His case became an important example of problems within Canada’s justice system."",""ans-q4-gladue"":""\n\nWithout enough community resources judges may not have alternatives like counselling treatment programs, or restorative justice options available, so they are more likely to sentence people to jail instead."",""ans-q5-circle"":""A Sentencing Circle is different from a Western courtroom because everyone sits in a circle at the same height, with no raised judge’s seat or robes. This shows equality and respect instead of hierarchy.\n\nIn Mi’kmaw culture, the Eagle Feather is passed around as a talking piece. Only the person holding it can speak. It represents truth, respect, and speaking honestly."",""ans-q6-comparison"":"""",""ans-q7-recidivism"":"""",""ans-q8-relations"":"""",""ans-q9-maya"":"""",""ans-q10-leo"":"""",""_timestamps"":{""start"":""2026-06-15T17:40:38.335Z""},""_telemetry"":{""session"":{""keystrokes"":110,""pasted"":true,""duration_sec"":679}}}"
"2026-06-15, 2:41:18 PM",A Block (Waugh),JESSE (LOUP),MIKMAW11,Restorative Justice — Liam's Journey,INCREMENTAL_SAVE,"{""ans-q1-risk"":""Indigenous women became overrepresented faster than Indigenous men. Men’s admissions went from 25.2% to 33%, while women’s went from 36.1% to 50%.\n\nIndigenous women may be more overrepresented because they often face more poverty, trauma, and discrimination.\n\nThe scoring system is unfair because it judges people based on things like poverty and housing and employment instead of their actual actions"",""ans-q2-trc"":""TRC Call to Action #30 asks the federal government to reduce the overrepresentation of Indigenous people in prisons and  report on progress each year.\n\nThis connects to Sugar Falls because residential schools caused trauma that affected survivors and future generations. This intergenerational trauma has contributed to problems such as poverty and family struggles and involvement with the justice system which can lead to more Indigenous people being in prisoned today"",""ans-q3-marshall"":""Donald Marshall Jr. was a Mi’kmaw man who was convicted of murder in Sydney, Nova Scotia even though it was wrong He spent 11 years  before being proven innocent.\n\nThe Royal Commission found that the justice system failed him because of police mistakes annd  unfair treatment, and racism toward Indigenous people. His case became an important example of problems within Canada’s justice system."",""ans-q4-gladue"":""\n\nWithout enough community resources judges may not have alternatives like counselling treatment programs, or restorative justice options available, so they are more likely to sentence people to jail instead."",""ans-q5-circle"":""A Sentencing Circle is different from a Western courtroom because everyone sits in a circle at the same height, with no raised judge’s seat or robes. This shows equality and respect instead of hierarchy.\n\nIn Mi’kmaw culture, the Eagle Feather is passed around as a talking piece. Only the person holding it can speak. It represents truth, respect, and speaking honestly."",""ans-q6-comparison"":""Court: punishment and guilt decided by judge.\n\nCircle: healing and repairing harm together.\n\nVictim/community: victim has a voice; community helps fix harm."",""ans-q7-recidivism"":"""",""ans-q8-relations"":"""",""ans-q9-maya"":"""",""ans-q10-leo"":"""",""_timestamps"":{""start"":""2026-06-15T17:41:18.601Z""},""_telemetry"":{""session"":{""keystrokes"":110,""pasted"":true,""duration_sec"":719}}}"
"2026-06-15, 2:41:52 PM",A Block (Waugh),JESSE (LOUP),MIKMAW11,Restorative Justice — Liam's Journey,INCREMENTAL_SAVE,"{""ans-q1-risk"":""Indigenous women became overrepresented faster than Indigenous men. Men’s admissions went from 25.2% to 33%, while women’s went from 36.1% to 50%.\n\nIndigenous women may be more overrepresented because they often face more poverty, trauma, and discrimination.\n\nThe scoring system is unfair because it judges people based on things like poverty and housing and employment instead of their actual actions"",""ans-q2-trc"":""TRC Call to Action #30 asks the federal government to reduce the overrepresentation of Indigenous people in prisons and  report on progress each year.\n\nThis connects to Sugar Falls because residential schools caused trauma that affected survivors and future generations. This intergenerational trauma has contributed to problems such as poverty and family struggles and involvement with the justice system which can lead to more Indigenous people being in prisoned today"",""ans-q3-marshall"":""Donald Marshall Jr. was a Mi’kmaw man who was convicted of murder in Sydney, Nova Scotia even though it was wrong He spent 11 years  before being proven innocent.\n\nThe Royal Commission found that the justice system failed him because of police mistakes annd  unfair treatment, and racism toward Indigenous people. His case became an important example of problems within Canada’s justice system."",""ans-q4-gladue"":""\n\nWithout enough community resources judges may not have alternatives like counselling treatment programs, or restorative justice options available, so they are more likely to sentence people to jail instead."",""ans-q5-circle"":""A Sentencing Circle is different from a Western courtroom because everyone sits in a circle at the same height, with no raised judge’s seat or robes. This shows equality and respect instead of hierarchy.\n\nIn Mi’kmaw culture, the Eagle Feather is passed around as a talking piece. Only the person holding it can speak. It represents truth, respect, and speaking honestly."",""ans-q6-comparison"":""Court: punishment and guilt decided by judge.\n\nCircle: healing and repairing harm together.\n\nVictim/community: victim has a voice; community helps fix harm."",""ans-q7-recidivism"":""Recidivism: about 30–50% lower (around 40%) with restorative programs vs prison.\n\nWhy Bill C-5 isn’t enough: laws alone don’t fix root issues like poverty, trauma, addiction, or lack of housing and support."",""ans-q8-relations"":"""",""ans-q9-maya"":"""",""ans-q10-leo"":"""",""_timestamps"":{""start"":""2026-06-15T17:41:52.626Z""},""_telemetry"":{""session"":{""keystrokes"":110,""pasted"":true,""duration_sec"":753}}}"
"2026-06-15, 2:42:10 PM",A Block (Waugh),JESSE (LOUP),MIKMAW11,Restorative Justice — Liam's Journey,INCREMENTAL_SAVE,"{""ans-q1-risk"":""Indigenous women became overrepresented faster than Indigenous men. Men’s admissions went from 25.2% to 33%, while women’s went from 36.1% to 50%.\n\nIndigenous women may be more overrepresented because they often face more poverty, trauma, and discrimination.\n\nThe scoring system is unfair because it judges people based on things like poverty and housing and employment instead of their actual actions"",""ans-q2-trc"":""TRC Call to Action #30 asks the federal government to reduce the overrepresentation of Indigenous people in prisons and  report on progress each year.\n\nThis connects to Sugar Falls because residential schools caused trauma that affected survivors and future generations. This intergenerational trauma has contributed to problems such as poverty and family struggles and involvement with the justice system which can lead to more Indigenous people being in prisoned today"",""ans-q3-marshall"":""Donald Marshall Jr. was a Mi’kmaw man who was convicted of murder in Sydney, Nova Scotia even though it was wrong He spent 11 years  before being proven innocent.\n\nThe Royal Commission found that the justice system failed him because of police mistakes annd  unfair treatment, and racism toward Indigenous people. His case became an important example of problems within Canada’s justice system."",""ans-q4-gladue"":""\n\nWithout enough community resources judges may not have alternatives like counselling treatment programs, or restorative justice options available, so they are more likely to sentence people to jail instead."",""ans-q5-circle"":""A Sentencing Circle is different from a Western courtroom because everyone sits in a circle at the same height, with no raised judge’s seat or robes. This shows equality and respect instead of hierarchy.\n\nIn Mi’kmaw culture, the Eagle Feather is passed around as a talking piece. Only the person holding it can speak. It represents truth, respect, and speaking honestly."",""ans-q6-comparison"":""Court: punishment and guilt decided by judge.\n\nCircle: healing and repairing harm together.\n\nVictim/community: victim has a voice; community helps fix harm."",""ans-q7-recidivism"":""Recidivism: about 30–50% lower  round 40%with restorative programs vs prison.\n\nWhy Bill C-5 isn’t enough: laws alone don’t fix root issues like poverty, trauma, addiction, or lack of housing and support."",""ans-q8-relations"":"""",""ans-q9-maya"":"""",""ans-q10-leo"":"""",""_timestamps"":{""start"":""2026-06-15T17:42:10.840Z""},""_telemetry"":{""session"":{""keystrokes"":118,""pasted"":true,""duration_sec"":771}}}"
"2026-06-15, 2:42:25 PM",A Block (Waugh),JESSE (LOUP),MIKMAW11,Restorative Justice — Liam's Journey,INCREMENTAL_SAVE,"{""ans-q1-risk"":""Indigenous women became overrepresented faster than Indigenous men. Men’s admissions went from 25.2% to 33%, while women’s went from 36.1% to 50%.\n\nIndigenous women may be more overrepresented because they often face more poverty, trauma, and discrimination.\n\nThe scoring system is unfair because it judges people based on things like poverty and housing and employment instead of their actual actions"",""ans-q2-trc"":""TRC Call to Action #30 asks the federal government to reduce the overrepresentation of Indigenous people in prisons and  report on progress each year.\n\nThis connects to Sugar Falls because residential schools caused trauma that affected survivors and future generations. This intergenerational trauma has contributed to problems such as poverty and family struggles and involvement with the justice system which can lead to more Indigenous people being in prisoned today"",""ans-q3-marshall"":""Donald Marshall Jr. was a Mi’kmaw man who was convicted of murder in Sydney, Nova Scotia even though it was wrong He spent 11 years  before being proven innocent.\n\nThe Royal Commission found that the justice system failed him because of police mistakes annd  unfair treatment, and racism toward Indigenous people. His case became an important example of problems within Canada’s justice system."",""ans-q4-gladue"":""\n\nWithout enough community resources judges may not have alternatives like counselling treatment programs, or restorative justice options available, so they are more likely to sentence people to jail instead."",""ans-q5-circle"":""A Sentencing Circle is different from a Western courtroom because everyone sits in a circle at the same height, with no raised judge’s seat or robes. This shows equality and respect instead of hierarchy.\n\nIn Mi’kmaw culture, the Eagle Feather is passed around as a talking piece. Only the person holding it can speak. It represents truth, respect, and speaking honestly."",""ans-q6-comparison"":""Court: punishment and guilt decided by judge.\n\nCircle: healing and repairing harm together.\n\nVictim/community: victim has a voice; community helps fix harm."",""ans-q7-recidivism"":""Recidivism: about 30–50% lower  round 40%with restorative programs vs prison.\n\nWhy Bill C-5 isn’t enough: laws alone don’t fix root issues like poverty trauma addiction or lack of housing and support."",""ans-q8-relations"":"""",""ans-q9-maya"":"""",""ans-q10-leo"":"""",""_timestamps"":{""start"":""2026-06-15T17:42:25.516Z""},""_telemetry"":{""session"":{""keystrokes"":125,""pasted"":true,""duration_sec"":786}}}"
"2026-06-15, 2:43:41 PM",A Block (Waugh),JESSE (LOUP),MIKMAW11,Restorative Justice — Liam's Journey,INCREMENTAL_SAVE,"{""ans-q1-risk"":""Indigenous women became overrepresented faster than Indigenous men. Men’s admissions went from 25.2% to 33%, while women’s went from 36.1% to 50%.\n\nIndigenous women may be more overrepresented because they often face more poverty, trauma, and discrimination.\n\nThe scoring system is unfair because it judges people based on things like poverty and housing and employment instead of their actual actions"",""ans-q2-trc"":""TRC Call to Action #30 asks the federal government to reduce the overrepresentation of Indigenous people in prisons and  report on progress each year.\n\nThis connects to Sugar Falls because residential schools caused trauma that affected survivors and future generations. This intergenerational trauma has contributed to problems such as poverty and family struggles and involvement with the justice system which can lead to more Indigenous people being in prisoned today"",""ans-q3-marshall"":""Donald Marshall Jr. was a Mi’kmaw man who was convicted of murder in Sydney, Nova Scotia even though it was wrong He spent 11 years  before being proven innocent.\n\nThe Royal Commission found that the justice system failed him because of police mistakes annd  unfair treatment, and racism toward Indigenous people. His case became an important example of problems within Canada’s justice system."",""ans-q4-gladue"":""\n\nWithout enough community resources judges may not have alternatives like counselling treatment programs, or restorative justice options available, so they are more likely to sentence people to jail instead."",""ans-q5-circle"":""A Sentencing Circle is different from a Western courtroom because everyone sits in a circle at the same height, with no raised judge’s seat or robes. This shows equality and respect instead of hierarchy.\n\nIn Mi’kmaw culture, the Eagle Feather is passed around as a talking piece. Only the person holding it can speak. It represents truth, respect, and speaking honestly."",""ans-q6-comparison"":""Court: punishment and guilt decided by judge.\n\nCircle: healing and repairing harm together.\n\nVictim/community: victim has a voice; community helps fix harm."",""ans-q7-recidivism"":""Recidivism: about 30–50% lower  round 40%with restorative programs vs prison.\n\nWhy Bill C-5 isn’t enough: laws alone don’t fix root issues like poverty trauma addiction or lack of housing and support."",""ans-q8-relations"":""Msit No’kmaq: “All My Relations” means everything is connected. The sweetgrass braid shows that connection.\n\nTwo Paths: grey walls = punishment and cold justice; sunset = healing, connection, and hope."",""ans-q9-maya"":""Liam’s housing issues come from the same systems in Maya Paul’s case: family separation, reserve restrictions, and status laws that reduced land, support, and housing access. These past policies still cause instability and loss of housing today."",""ans-q10-leo"":"""",""_timestamps"":{""start"":""2026-06-15T17:43:41.280Z""},""_telemetry"":{""session"":{""keystrokes"":125,""pasted"":true,""duration_sec"":862}}}"
"2026-06-15, 2:44:05 PM",A Block (Waugh),JESSE (LOUP),MIKMAW11,Restorative Justice — Liam's Journey,INCREMENTAL_SAVE,"{""ans-q1-risk"":""Indigenous women became overrepresented faster than Indigenous men. Men’s admissions went from 25.2% to 33%, while women’s went from 36.1% to 50%.\n\nIndigenous women may be more overrepresented because they often face more poverty, trauma, and discrimination.\n\nThe scoring system is unfair because it judges people based on things like poverty and housing and employment instead of their actual actions"",""ans-q2-trc"":""TRC Call to Action #30 asks the federal government to reduce the overrepresentation of Indigenous people in prisons and  report on progress each year.\n\nThis connects to Sugar Falls because residential schools caused trauma that affected survivors and future generations. This intergenerational trauma has contributed to problems such as poverty and family struggles and involvement with the justice system which can lead to more Indigenous people being in prisoned today"",""ans-q3-marshall"":""Donald Marshall Jr. was a Mi’kmaw man who was convicted of murder in Sydney, Nova Scotia even though it was wrong He spent 11 years  before being proven innocent.\n\nThe Royal Commission found that the justice system failed him because of police mistakes annd  unfair treatment, and racism toward Indigenous people. His case became an important example of problems within Canada’s justice system."",""ans-q4-gladue"":""\n\nWithout enough community resources judges may not have alternatives like counselling treatment programs, or restorative justice options available, so they are more likely to sentence people to jail instead."",""ans-q5-circle"":""A Sentencing Circle is different from a Western courtroom because everyone sits in a circle at the same height, with no raised judge’s seat or robes. This shows equality and respect instead of hierarchy.\n\nIn Mi’kmaw culture, the Eagle Feather is passed around as a talking piece. Only the person holding it can speak. It represents truth, respect, and speaking honestly."",""ans-q6-comparison"":""Court: punishment and guilt decided by judge.\n\nCircle: healing and repairing harm together.\n\nVictim/community: victim has a voice; community helps fix harm."",""ans-q7-recidivism"":""Recidivism: about 30–50% lower  round 40%with restorative programs vs prison.\n\nWhy Bill C-5 isn’t enough: laws alone don’t fix root issues like poverty trauma addiction or lack of housing and support."",""ans-q8-relations"":""Msit No’kmaq: “All My Relations” means everything is connected. The sweetgrass braid shows that connection.\n\nTwo Paths: grey walls = punishment and cold justice; sunset = healing, connection, and hope."",""ans-q9-maya"":""Liam’s housing issues come from the same systems in Maya Paul’s case: family separation and reserve restrictions and status laws that reduced land andsupport and housing access. These past policies still cause instability and loss of housing today."",""ans-q10-leo"":"""",""_timestamps"":{""start"":""2026-06-15T17:44:05.099Z""},""_telemetry"":{""session"":{""keystrokes"":142,""pasted"":true,""duration_sec"":886}}}"
"2026-06-15, 2:45:05 PM",A Block (Waugh),JESSE (LOUP),MIKMAW11,Restorative Justice — Liam's Journey,FINAL_SUBMISSION,"{""ans-q1-risk"":""Indigenous women became overrepresented faster than Indigenous men. Men’s admissions went from 25.2% to 33%, while women’s went from 36.1% to 50%.\n\nIndigenous women may be more overrepresented because they often face more poverty, trauma, and discrimination.\n\nThe scoring system is unfair because it judges people based on things like poverty and housing and employment instead of their actual actions"",""ans-q2-trc"":""TRC Call to Action #30 asks the federal government to reduce the overrepresentation of Indigenous people in prisons and  report on progress each year.\n\nThis connects to Sugar Falls because residential schools caused trauma that affected survivors and future generations. This intergenerational trauma has contributed to problems such as poverty and family struggles and involvement with the justice system which can lead to more Indigenous people being in prisoned today"",""ans-q3-marshall"":""Donald Marshall Jr. was a Mi’kmaw man who was convicted of murder in Sydney, Nova Scotia even though it was wrong He spent 11 years  before being proven innocent.\n\nThe Royal Commission found that the justice system failed him because of police mistakes annd  unfair treatment, and racism toward Indigenous people. His case became an important example of problems within Canada’s justice system."",""ans-q4-gladue"":""\n\nWithout enough community resources judges may not have alternatives like counselling treatment programs, or restorative justice options available, so they are more likely to sentence people to jail instead."",""ans-q5-circle"":""A Sentencing Circle is different from a Western courtroom because everyone sits in a circle at the same height, with no raised judge’s seat or robes. This shows equality and respect instead of hierarchy.\n\nIn Mi’kmaw culture, the Eagle Feather is passed around as a talking piece. Only the person holding it can speak. It represents truth, respect, and speaking honestly."",""ans-q6-comparison"":""Court: punishment and guilt decided by judge.\n\nCircle: healing and repairing harm together.\n\nVictim/community: victim has a voice; community helps fix harm."",""ans-q7-recidivism"":""Recidivism: about 30–50% lower  round 40%with restorative programs vs prison.\n\nWhy Bill C-5 isn’t enough: laws alone don’t fix root issues like poverty trauma addiction or lack of housing and support."",""ans-q8-relations"":""Msit No’kmaq: “All My Relations” means everything is connected. The sweetgrass braid shows that connection.\n\nTwo Paths: grey walls = punishment and cold justice; sunset = healing, connection, and hope."",""ans-q9-maya"":""Liam’s housing issues come from the same systems in Maya Paul’s case: family separation and reserve restrictions and status laws that reduced land andsupport and housing access. These past policies still cause instability and loss of housing today."",""ans-q10-leo"":""Courts override Mi’kmaw authority, creating jurisdiction conflicts.\n\nIn Leo’s 1752 Treaty case, this same issue appears when treaty rights are ignored or limited by Canadian law."",""_timestamps"":{""start"":""2026-06-15T17:44:05.099Z""},""_telemetry"":{""session"":{""keystrokes"":0,""pasted"":true,""duration_sec"":16}}}"
"6/16/2026, 8:45:52 AM",A Block (Waugh),DAVE (ABBA),MIKMAW11,Restorative Justice — Liam's Journey,INCREMENTAL_SAVE,"{""ans-q1-risk"":"""",""ans-q2-trc"":"""",""ans-q3-marshall"":""test"",""ans-q4-gladue"":"""",""ans-q5-circle"":"""",""ans-q6-comparison"":"""",""ans-q7-recidivism"":"""",""ans-q8-relations"":"""",""ans-q9-maya"":"""",""ans-q10-leo"":"""",""_timestamps"":{""start"":""2026-06-16T11:45:52.935Z""},""_telemetry"":{""session"":{""keystrokes"":8,""pasted"":false,""duration_sec"":15}}}"
"6/16/2026, 10:59:07 AM",C Block (Waugh),Sam (WAVE),MIKMAW11,Residential School Denialism — Outline of Truth,INCREMENTAL_SAVE,"{""_timestamps"":{""start"":""2026-06-15T13:23:37.971Z"",""slide_1"":""2026-06-16T13:59:07.672Z""},""slide_1"":""They argued that the amendment could limit free speech or that existing laws were enough without adding a specific reference to residential school denialism. Sean Carleton points out that Canada strongly condemns and criminalizes the denial of genocides in other countries, but many people are willing to minimize or deny the genocide against Indigenous peoples in Canada. He argues that this double standard shows a failure to fully recognize the truth about Canadas own history."",""_telemetry"":{""slide_1"":{""pasted"":true,""keystrokes"":10,""duration_sec"":9}}}"
"6/16/2026, 10:59:22 AM",C Block (Waugh),Sam (WAVE),MIKMAW11,Residential School Denialism — Outline of Truth,INCREMENTAL_SAVE,"{""_timestamps"":{""start"":""2026-06-15T13:23:37.971Z"",""slide_1"":""2026-06-16T13:59:07.672Z"",""slide_2"":""2026-06-16T13:59:22.848Z""},""slide_1"":""They argued that the amendment could limit free speech or that existing laws were enough without adding a specific reference to residential school denialism. Sean Carleton points out that Canada strongly condemns and criminalizes the denial of genocides in other countries, but many people are willing to minimize or deny the genocide against Indigenous peoples in Canada. He argues that this double standard shows a failure to fully recognize the truth about Canadas own history."",""_telemetry"":{""slide_1"":{""pasted"":true,""keystrokes"":10,""duration_sec"":9},""slide_2"":{""pasted"":true,""keystrokes"":6,""duration_sec"":14}},""slide_2"":""He explains that denying the abuses of residential schools causes survivors deep emotional pain because it ignores the suffering they experienced. He says it brings back painful memories and makes survivors feel like their experiences are not believed. Denialism is described as a continuation of assimilation and colonialism because it attempts to erase Indigenous voices and history, just as the residential school system tried to erase Indigenous cultures and identities.""}"
"6/16/2026, 10:59:53 AM",C Block (Waugh),Sam (WAVE),MIKMAW11,Residential School Denialism — Outline of Truth,INCREMENTAL_SAVE,"{""_timestamps"":{""start"":""2026-06-15T13:23:37.971Z"",""slide_1"":""2026-06-16T13:59:07.672Z"",""slide_2"":""2026-06-16T13:59:22.848Z"",""slide_3"":""2026-06-16T13:59:53.393Z""},""slide_1"":""They argued that the amendment could limit free speech or that existing laws were enough without adding a specific reference to residential school denialism. Sean Carleton points out that Canada strongly condemns and criminalizes the denial of genocides in other countries, but many people are willing to minimize or deny the genocide against Indigenous peoples in Canada. He argues that this double standard shows a failure to fully recognize the truth about Canadas own history."",""_telemetry"":{""slide_1"":{""pasted"":true,""keystrokes"":10,""duration_sec"":9},""slide_2"":{""pasted"":true,""keystrokes"":6,""duration_sec"":14},""slide_3"":{""pasted"":true,""keystrokes"":2,""duration_sec"":30}},""slide_2"":""He explains that denying the abuses of residential schools causes survivors deep emotional pain because it ignores the suffering they experienced. He says it brings back painful memories and makes survivors feel like their experiences are not believed. Denialism is described as a continuation of assimilation and colonialism because it attempts to erase Indigenous voices and history, just as the residential school system tried to erase Indigenous cultures and identities."",""slide_3"":""To prevent this history from being rewritten, Canadians need to learn the facts about residential schools, listen to survivors' stories, understand the impacts of colonization, and support truth and reconciliation. Education helps challenge misinformation and ensures future generations remember what happened.""}"
"6/16/2026, 2:27:00 PM",C Block (Waugh),Abigail (ABIS),MIKMAW11,Restorative Justice — Liam's Journey,INCREMENTAL_SAVE,"{""ans-q1-risk"":""DGsdgsdg"",""ans-q2-trc"":"""",""ans-q3-marshall"":"""",""ans-q4-gladue"":"""",""ans-q5-circle"":"""",""ans-q6-comparison"":"""",""ans-q7-recidivism"":"""",""ans-q8-relations"":"""",""ans-q9-maya"":"""",""ans-q10-leo"":"""",""_timestamps"":{""start"":""2026-06-16T17:27:00.874Z""},""_telemetry"":{""session"":{""keystrokes"":9,""pasted"":false,""duration_sec"":168}}}"
"6-16-2026, 2:33:52 PM",C Block (Waugh),Abigail (ABIS),MIKMAW11,Restorative Justice — Liam's Journey,INCREMENTAL_SAVE,"{""ans-q4-gladue"":""Substantive equality means treating people fairly by understanding their different backgrounds and challenges instead of treating everyone exactly the same. Gladue Rights ask judges to consider things like residential school trauma, poverty, and family history when talking about Indigenous people. The Gladue funding gap means communities do not have enough money or resources for programs like healing circles, so judges may not have other options besides jail."",""ans-q7-recidivism"":"""",""ans-q1-risk"":""Indigenous women’s numbers in prison are going up faster than men’s, from 36% to 50%, while men went from 25% to 33%. Women are more overrepresented because they deal with extra problems like poverty, trauma, and discrimination. The risk scores they get punish things like being poor or having a rough past, not whether they actually mean to commit a crime."",""ans-q6-comparison"":"""",""_telemetry"":{""session"":{""keystrokes"":1187,""duration_sec"":2984,""pasted"":true}},""ans-q3-marshall"":""Donald Marshall Jr. was a Mi\u0027kmaq man who was wrongly convicted of murder in 1971 in Sydney. HE spent 11 years in prison for a crime he didn\u0027t commit. The Royal Commission found that the justice system failed him because of racism, unfair treatment and mistakes made by police and courts. His case led to major discussions about unfair treatment of Indigenous people in the justice system."",""ans-q8-relations"":"""",""ans-q2-trc"":""The TRC Call to Action #30 demands that the federal government commit to eleminating Indigenous overrepresentation over the next decade. This connects to the residential school trauma in the sugar falls story because of how the government is taking control and trying to eleminate the Indigenous cultures and representations."",""ans-q9-maya"":"""",""_timestamps"":{""start"":""2026-06-02T17:36:23.619Z""},""ans-q5-circle"":""Sentencing Circle bring together the offenders, victim, community and judge into a circle for the case making them all at the same level, as to where Westeran courts have the judge sitting up higher above everyone to show authority over them. The Eagal Feather is significant because whoever is holding the feather is the person speaking and they are speaking their complete truth to the creator."",""ans-q10-leo"":""""}"
"6/16/2026, 9:40:46 PM",A Block (Waugh),JOSH (JOSH),MIKMAW11,IRSSA Settlement Dossier,INCREMENTAL_SAVE,"{""slide_1"":""This was a turning point for Canada because it demonstrated the government taking responsibility for the harm caused by the residential schools and policies to remove children from their families."",""_telemetry"":{""slide_1"":{""pasted"":false,""keystrokes"":283,""duration_sec"":1237},""slide_2"":{""pasted"":false,""keystrokes"":762,""duration_sec"":391},""slide_3"":{""pasted"":false,""keystrokes"":158,""duration_sec"":154},""slide_4"":{""pasted"":false,""keystrokes"":1076,""duration_sec"":2552},""slide_5"":{""pasted"":false,""keystrokes"":500,""duration_sec"":817}},""slide_2"":""The Truth and Reconciliation Commission is the most important pillar for long term reconciliation. It created a detailed document of experiences that is how a historical record and evidence of what happened and its impacts. It also made a list of recommendations for reconciliation that can be worked on into the future. Other pillars are focused on reconciliation with individuals. This will have a longer impact than the other pillars for all Canadians."",""slide_3"":""The school opened in 1929 and closed in 1967. It was operational for 38 years. The Roman Catholic church was responsible for its administration."",""slide_4"":""Betty was taken from her family and schooled to 'unlearn' who she was. She was beaten and sexually abused. She saw her friend drown. Through all her experiences she was made to feel like she didn't matter and people could treat her any way they want to including abuse her. The Common Experience Payment  and TRC both recognized the harm done to her and to all of the other students of the schools. It acknowledged the wrongs committed by taking children away from their homes, stripping away their culture and identity, and treating them without dignity. It provided a step toward healing."",""slide_5"":""The most common reason cited is lack of funding. For some projects, the funding that was promised was not accepted by indigenous leaders for being insufficient. In some other cases, the funding that was promised has not been provided, or it was less than the amount originally promised.""}"
"6/16/2026, 9:40:57 PM",A Block (Waugh),JOSH (JOSH),MIKMAW11,IRSSA Settlement Dossier,INCREMENTAL_SAVE,"{""slide_1"":""This was a turning point for Canada because it demonstrated the government taking responsibility for the harm caused by the residential schools and policies to remove children from their families."",""_telemetry"":{""slide_1"":{""pasted"":false,""keystrokes"":283,""duration_sec"":1237},""slide_2"":{""pasted"":false,""keystrokes"":762,""duration_sec"":391},""slide_3"":{""pasted"":false,""keystrokes"":158,""duration_sec"":154},""slide_4"":{""pasted"":false,""keystrokes"":1076,""duration_sec"":2552},""slide_5"":{""pasted"":false,""keystrokes"":500,""duration_sec"":825}},""slide_2"":""The Truth and Reconciliation Commission is the most important pillar for long term reconciliation. It created a detailed document of experiences that is how a historical record and evidence of what happened and its impacts. It also made a list of recommendations for reconciliation that can be worked on into the future. Other pillars are focused on reconciliation with individuals. This will have a longer impact than the other pillars for all Canadians."",""slide_3"":""The school opened in 1929 and closed in 1967. It was operational for 38 years. The Roman Catholic church was responsible for its administration."",""slide_4"":""Betty was taken from her family and schooled to 'unlearn' who she was. She was beaten and sexually abused. She saw her friend drown. Through all her experiences she was made to feel like she didn't matter and people could treat her any way they want to including abuse her. The Common Experience Payment  and TRC both recognized the harm done to her and to all of the other students of the schools. It acknowledged the wrongs committed by taking children away from their homes, stripping away their culture and identity, and treating them without dignity. It provided a step toward healing."",""slide_5"":""The most common reason cited is lack of funding. For some projects, the funding that was promised was not accepted by indigenous leaders for being insufficient. In some other cases, the funding that was promised has not been provided, or it was less than the amount originally promised.""}"
"6/16/2026, 9:41:31 PM",A Block (Waugh),JOSH (JOSH),MIKMAW11,IRSSA Settlement Dossier,INCREMENTAL_SAVE,"{""slide_1"":""This was a turning point for Canada because it demonstrated the government taking responsibility for the harm caused by the residential schools and policies to remove children from their families."",""_telemetry"":{""slide_1"":{""pasted"":false,""keystrokes"":283,""duration_sec"":1237},""slide_2"":{""pasted"":false,""keystrokes"":762,""duration_sec"":393},""slide_3"":{""pasted"":false,""keystrokes"":158,""duration_sec"":154},""slide_4"":{""pasted"":false,""keystrokes"":1076,""duration_sec"":2552},""slide_5"":{""pasted"":false,""keystrokes"":500,""duration_sec"":825}},""slide_2"":""The Truth and Reconciliation Commission is the most important pillar for long term reconciliation. It created a detailed document of experiences that is how a historical record and evidence of what happened and its impacts. It also made a list of recommendations for reconciliation that can be worked on into the future. Other pillars are focused on reconciliation with individuals. This will have a longer impact than the other pillars for all Canadians."",""slide_3"":""The school opened in 1929 and closed in 1967. It was operational for 38 years. The Roman Catholic church was responsible for its administration."",""slide_4"":""Betty was taken from her family and schooled to 'unlearn' who she was. She was beaten and sexually abused. She saw her friend drown. Through all her experiences she was made to feel like she didn't matter and people could treat her any way they want to including abuse her. The Common Experience Payment  and TRC both recognized the harm done to her and to all of the other students of the schools. It acknowledged the wrongs committed by taking children away from their homes, stripping away their culture and identity, and treating them without dignity. It provided a step toward healing."",""slide_5"":""The most common reason cited is lack of funding. For some projects, the funding that was promised was not accepted by indigenous leaders for being insufficient. In some other cases, the funding that was promised has not been provided, or it was less than the amount originally promised.""}"
"6/16/2026, 9:41:38 PM",A Block (Waugh),JOSH (JOSH),MIKMAW11,IRSSA Settlement Dossier,INCREMENTAL_SAVE,"{""slide_1"":""This was a turning point for Canada because it demonstrated the government taking responsibility for the harm caused by the residential schools and policies to remove children from their families."",""_telemetry"":{""slide_1"":{""pasted"":false,""keystrokes"":283,""duration_sec"":1237},""slide_2"":{""pasted"":false,""keystrokes"":762,""duration_sec"":393},""slide_3"":{""pasted"":false,""keystrokes"":158,""duration_sec"":160},""slide_4"":{""pasted"":false,""keystrokes"":1076,""duration_sec"":2552},""slide_5"":{""pasted"":false,""keystrokes"":500,""duration_sec"":825}},""slide_2"":""The Truth and Reconciliation Commission is the most important pillar for long term reconciliation. It created a detailed document of experiences that is how a historical record and evidence of what happened and its impacts. It also made a list of recommendations for reconciliation that can be worked on into the future. Other pillars are focused on reconciliation with individuals. This will have a longer impact than the other pillars for all Canadians."",""slide_3"":""The school opened in 1929 and closed in 1967. It was operational for 38 years. The Roman Catholic church was responsible for its administration."",""slide_4"":""Betty was taken from her family and schooled to 'unlearn' who she was. She was beaten and sexually abused. She saw her friend drown. Through all her experiences she was made to feel like she didn't matter and people could treat her any way they want to including abuse her. The Common Experience Payment  and TRC both recognized the harm done to her and to all of the other students of the schools. It acknowledged the wrongs committed by taking children away from their homes, stripping away their culture and identity, and treating them without dignity. It provided a step toward healing."",""slide_5"":""The most common reason cited is lack of funding. For some projects, the funding that was promised was not accepted by indigenous leaders for being insufficient. In some other cases, the funding that was promised has not been provided, or it was less than the amount originally promised.""}"
"6/16/2026, 9:41:42 PM",A Block (Waugh),JOSH (JOSH),MIKMAW11,IRSSA Settlement Dossier,INCREMENTAL_SAVE,"{""slide_1"":""This was a turning point for Canada because it demonstrated the government taking responsibility for the harm caused by the residential schools and policies to remove children from their families."",""_telemetry"":{""slide_1"":{""pasted"":false,""keystrokes"":283,""duration_sec"":1237},""slide_2"":{""pasted"":false,""keystrokes"":762,""duration_sec"":393},""slide_3"":{""pasted"":false,""keystrokes"":158,""duration_sec"":160},""slide_4"":{""pasted"":false,""keystrokes"":1076,""duration_sec"":2554},""slide_5"":{""pasted"":false,""keystrokes"":500,""duration_sec"":825}},""slide_2"":""The Truth and Reconciliation Commission is the most important pillar for long term reconciliation. It created a detailed document of experiences that is how a historical record and evidence of what happened and its impacts. It also made a list of recommendations for reconciliation that can be worked on into the future. Other pillars are focused on reconciliation with individuals. This will have a longer impact than the other pillars for all Canadians."",""slide_3"":""The school opened in 1929 and closed in 1967. It was operational for 38 years. The Roman Catholic church was responsible for its administration."",""slide_4"":""Betty was taken from her family and schooled to 'unlearn' who she was. She was beaten and sexually abused. She saw her friend drown. Through all her experiences she was made to feel like she didn't matter and people could treat her any way they want to including abuse her. The Common Experience Payment  and TRC both recognized the harm done to her and to all of the other students of the schools. It acknowledged the wrongs committed by taking children away from their homes, stripping away their culture and identity, and treating them without dignity. It provided a step toward healing."",""slide_5"":""The most common reason cited is lack of funding. For some projects, the funding that was promised was not accepted by indigenous leaders for being insufficient. In some other cases, the funding that was promised has not been provided, or it was less than the amount originally promised.""}"
"6/16/2026, 9:53:26 PM",A Block (Waugh),JOSH (JOSH),MIKMAW11,IRSSA Settlement Dossier,INCREMENTAL_SAVE,"{""slide_1"":""This was a turning point for Canada because it demonstrated the government taking responsibility for the harm caused by the residential schools and policies to remove children from their families."",""_telemetry"":{""slide_1"":{""pasted"":false,""keystrokes"":283,""duration_sec"":1237},""slide_2"":{""pasted"":false,""keystrokes"":762,""duration_sec"":393},""slide_3"":{""pasted"":false,""keystrokes"":158,""duration_sec"":160},""slide_4"":{""pasted"":false,""keystrokes"":1076,""duration_sec"":2554},""slide_5"":{""pasted"":false,""keystrokes"":500,""duration_sec"":825},""slide_6"":{""pasted"":false,""keystrokes"":358,""duration_sec"":150}},""slide_2"":""The Truth and Reconciliation Commission is the most important pillar for long term reconciliation. It created a detailed document of experiences that is how a historical record and evidence of what happened and its impacts. It also made a list of recommendations for reconciliation that can be worked on into the future. Other pillars are focused on reconciliation with individuals. This will have a longer impact than the other pillars for all Canadians."",""slide_3"":""The school opened in 1929 and closed in 1967. It was operational for 38 years. The Roman Catholic church was responsible for its administration."",""slide_4"":""Betty was taken from her family and schooled to 'unlearn' who she was. She was beaten and sexually abused. She saw her friend drown. Through all her experiences she was made to feel like she didn't matter and people could treat her any way they want to including abuse her. The Common Experience Payment  and TRC both recognized the harm done to her and to all of the other students of the schools. It acknowledged the wrongs committed by taking children away from their homes, stripping away their culture and identity, and treating them without dignity. It provided a step toward healing."",""slide_5"":""The most common reason cited is lack of funding. For some projects, the funding that was promised was not accepted by indigenous leaders for being insufficient. In some other cases, the funding that was promised has not been provided, or it was less than the amount originally promised."",""slide_6"":""The biggest challenge for reconciliation in Mi'kmaki is moving beyond recognition of rights and past harms to making actual changes to policy and laws. The government recognized Leo Francis has trading rights but was not prepared to recognize them if his trade cut into government profits.""}"
"6/17/2026, 10:00:43 AM",C Block (Waugh),Abigail (ABIS),MIKMAW11,Restorative Justice — Liam's Journey,INCREMENTAL_SAVE,"{""ans-q1-risk"":"""",""ans-q2-trc"":"""",""ans-q3-marshall"":"""",""ans-q4-gladue"":"""",""ans-q5-circle"":"""",""ans-q6-comparison"":"""",""ans-q7-recidivism"":"""",""ans-q8-relations"":""Sweetgrass is to represent their connection and healing. The cold grey walls show the justice path of injustice, harsh judgment, and hopelessness. Compared to the warm golden sunset represents the justice path of healing, understanding, and hope."",""ans-q9-maya"":"""",""ans-q10-leo"":"""",""_timestamps"":{""start"":""2026-06-17T13:00:43.423Z""},""_telemetry"":{""session"":{""keystrokes"":2,""pasted"":true,""duration_sec"":2052}}}"
"6/17/2026, 10:12:06 AM",C Block (Waugh),Abigail (ABIS),MIKMAW11,Restorative Justice — Liam's Journey,INCREMENTAL_SAVE,"{""ans-q1-risk"":"""",""ans-q2-trc"":"""",""ans-q3-marshall"":"""",""ans-q4-gladue"":"""",""ans-q5-circle"":"""",""ans-q6-comparison"":"""",""ans-q7-recidivism"":"""",""ans-q8-relations"":""Sweetgrass is to represent their connection and healing. The cold grey walls show the justice path of injustice, harsh judgment, and hopelessness. Compared to the warm golden sunset represents the justice path of healing, understanding, and hope."",""ans-q9-maya"":""Liam's insecurity on the reserve can be seen as the impacts of family separations, reservation restrictions, and status. Government disrupted Indigenous families and effect their community, culture, and land. Liam's struggles show how these historical injustices have contributed to ongoing challenges with housing, belonging, and identity as we also saw with Maya Paul's family."",""ans-q10-leo"":"""",""_timestamps"":{""start"":""2026-06-17T13:12:06.521Z""},""_telemetry"":{""session"":{""keystrokes"":4,""pasted"":true,""duration_sec"":2735}}}"
"6/17/2026, 10:28:35 AM",C Block (Waugh),Abigail (ABIS),MIKMAW11,Restorative Justice — Liam's Journey,INCREMENTAL_SAVE,"{""ans-q1-risk"":"""",""ans-q2-trc"":"""",""ans-q3-marshall"":"""",""ans-q4-gladue"":"""",""ans-q5-circle"":"""",""ans-q6-comparison"":"""",""ans-q7-recidivism"":"""",""ans-q8-relations"":""Sweetgrass is to represent their connection and healing. The cold grey walls show the justice path of injustice, harsh judgment, and hopelessness. Compared to the warm golden sunset represents the justice path of healing, understanding, and hope."",""ans-q9-maya"":""Liam's insecurity on the reserve can be seen as the impacts of family separations, reservation restrictions, and status. Government disrupted Indigenous families and effect their community, culture, and land. Liam's struggles show how these historical injustices have contributed to ongoing challenges with housing, belonging, and identity as we also saw with Maya Paul's family."",""ans-q10-leo"":""Leo's Treaty highlights the conflict between Canadian legal systems and Mi'kmaw treaty rights. The Treaty recognized certain rights and agreements between the Mi'kmaq and the British Crown, but these rights get challenged or excused by Canadian courts and governments. Leo's case shows how Mi'kmaw authority and self-determination can be overlooked when decisions are made through conventional courts, creating ongoing disputes over who has the power to govern and interpret treaty rights."",""_timestamps"":{""start"":""2026-06-17T13:28:35.850Z""},""_telemetry"":{""session"":{""keystrokes"":6,""pasted"":true,""duration_sec"":3724}}}"
"6/17/2026, 10:29:13 AM",C Block (Waugh),Abigail (ABIS),MIKMAW11,Restorative Justice — Liam's Journey,INCREMENTAL_SAVE,"{""ans-q1-risk"":"""",""ans-q2-trc"":"""",""ans-q3-marshall"":"""",""ans-q4-gladue"":"""",""ans-q5-circle"":"""",""ans-q6-comparison"":"""",""ans-q7-recidivism"":"" Indigenous-led restorative justice programs reduce rates by 15-20% compared to traditional prison sentences. Changing court laws is not enough because without addressing root socioeconomic issues the court is only looking at how something occurred and was taken as to where root socioeconomic issues look at why something occurred.\n"",""ans-q8-relations"":""Sweetgrass is to represent their connection and healing. The cold grey walls show the justice path of injustice, harsh judgment, and hopelessness. Compared to the warm golden sunset represents the justice path of healing, understanding, and hope."",""ans-q9-maya"":""Liam's insecurity on the reserve can be seen as the impacts of family separations, reservation restrictions, and status. Government disrupted Indigenous families and effect their community, culture, and land. Liam's struggles show how these historical injustices have contributed to ongoing challenges with housing, belonging, and identity as we also saw with Maya Paul's family."",""ans-q10-leo"":""Leo's Treaty highlights the conflict between Canadian legal systems and Mi'kmaw treaty rights. The Treaty recognized certain rights and agreements between the Mi'kmaq and the British Crown, but these rights get challenged or excused by Canadian courts and governments. Leo's case shows how Mi'kmaw authority and self-determination can be overlooked when decisions are made through conventional courts, creating ongoing disputes over who has the power to govern and interpret treaty rights."",""_timestamps"":{""start"":""2026-06-17T13:29:13.576Z""},""_telemetry"":{""session"":{""keystrokes"":8,""pasted"":true,""duration_sec"":3762}}}"
"6/17/2026, 10:29:32 AM",C Block (Waugh),Abigail (ABIS),MIKMAW11,Restorative Justice — Liam's Journey,INCREMENTAL_SAVE,"{""ans-q1-risk"":"""",""ans-q2-trc"":"""",""ans-q3-marshall"":"""",""ans-q4-gladue"":"""",""ans-q5-circle"":"""",""ans-q6-comparison"":""They are comparable because they are both forms of court and have the goals to have a final desicion for the offender. They also both have the focus to look at the things that happened because of the offence that happened. The circle changes the role of the victim and the community because it focuses on healing and restoring instead of giving punishments."",""ans-q7-recidivism"":"" Indigenous-led restorative justice programs reduce rates by 15-20% compared to traditional prison sentences. Changing court laws is not enough because without addressing root socioeconomic issues the court is only looking at how something occurred and was taken as to where root socioeconomic issues look at why something occurred.\n"",""ans-q8-relations"":""Sweetgrass is to represent their connection and healing. The cold grey walls show the justice path of injustice, harsh judgment, and hopelessness. Compared to the warm golden sunset represents the justice path of healing, understanding, and hope."",""ans-q9-maya"":""Liam's insecurity on the reserve can be seen as the impacts of family separations, reservation restrictions, and status. Government disrupted Indigenous families and effect their community, culture, and land. Liam's struggles show how these historical injustices have contributed to ongoing challenges with housing, belonging, and identity as we also saw with Maya Paul's family."",""ans-q10-leo"":""Leo's Treaty highlights the conflict between Canadian legal systems and Mi'kmaw treaty rights. The Treaty recognized certain rights and agreements between the Mi'kmaq and the British Crown, but these rights get challenged or excused by Canadian courts and governments. Leo's case shows how Mi'kmaw authority and self-determination can be overlooked when decisions are made through conventional courts, creating ongoing disputes over who has the power to govern and interpret treaty rights."",""_timestamps"":{""start"":""2026-06-17T13:29:32.500Z""},""_telemetry"":{""session"":{""keystrokes"":10,""pasted"":true,""duration_sec"":3781}}}"
"6/17/2026, 10:30:08 AM",C Block (Waugh),Abigail (ABIS),MIKMAW11,Restorative Justice — Liam's Journey,INCREMENTAL_SAVE,"{""ans-q1-risk"":"""",""ans-q2-trc"":"""",""ans-q3-marshall"":"""",""ans-q4-gladue"":"""",""ans-q5-circle"":""Sentencing Circle bring together the offenders, victim, community and judge into a circle for the case making them all at the same level, as to where Westeran courts have the judge sitting up higher above everyone to show authority over them. The Eagal Feather is significant because whoever is holding the feather is the person speaking and they are speaking their complete truth to the creator."",""ans-q6-comparison"":""They are comparable because they are both forms of court and have the goals to have a final desicion for the offender. They also both have the focus to look at the things that happened because of the offence that happened. The circle changes the role of the victim and the community because it focuses on healing and restoring instead of giving punishments."",""ans-q7-recidivism"":"" Indigenous-led restorative justice programs reduce rates by 15-20% compared to traditional prison sentences. Changing court laws is not enough because without addressing root socioeconomic issues the court is only looking at how something occurred and was taken as to where root socioeconomic issues look at why something occurred.\n"",""ans-q8-relations"":""Sweetgrass is to represent their connection and healing. The cold grey walls show the justice path of injustice, harsh judgment, and hopelessness. Compared to the warm golden sunset represents the justice path of healing, understanding, and hope."",""ans-q9-maya"":""Liam's insecurity on the reserve can be seen as the impacts of family separations, reservation restrictions, and status. Government disrupted Indigenous families and effect their community, culture, and land. Liam's struggles show how these historical injustices have contributed to ongoing challenges with housing, belonging, and identity as we also saw with Maya Paul's family."",""ans-q10-leo"":""Leo's Treaty highlights the conflict between Canadian legal systems and Mi'kmaw treaty rights. The Treaty recognized certain rights and agreements between the Mi'kmaq and the British Crown, but these rights get challenged or excused by Canadian courts and governments. Leo's case shows how Mi'kmaw authority and self-determination can be overlooked when decisions are made through conventional courts, creating ongoing disputes over who has the power to govern and interpret treaty rights."",""_timestamps"":{""start"":""2026-06-17T13:30:08.499Z""},""_telemetry"":{""session"":{""keystrokes"":12,""pasted"":true,""duration_sec"":3817}}}"
"6/17/2026, 10:30:27 AM",C Block (Waugh),Abigail (ABIS),MIKMAW11,Restorative Justice — Liam's Journey,INCREMENTAL_SAVE,"{""ans-q1-risk"":"""",""ans-q2-trc"":"""",""ans-q3-marshall"":"""",""ans-q4-gladue"":""Substantive equality means treating people fairly by understanding their different backgrounds and challenges instead of treating everyone exactly the same. Gladue Rights ask judges to consider things like residential school trauma, poverty, and family history when talking about Indigenous people. The Gladue funding gap means communities do not have enough money or resources for programs like healing circles, so judges may not have other options besides jail."",""ans-q5-circle"":""Sentencing Circle bring together the offenders, victim, community and judge into a circle for the case making them all at the same level, as to where Westeran courts have the judge sitting up higher above everyone to show authority over them. The Eagal Feather is significant because whoever is holding the feather is the person speaking and they are speaking their complete truth to the creator."",""ans-q6-comparison"":""They are comparable because they are both forms of court and have the goals to have a final desicion for the offender. They also both have the focus to look at the things that happened because of the offence that happened. The circle changes the role of the victim and the community because it focuses on healing and restoring instead of giving punishments."",""ans-q7-recidivism"":"" Indigenous-led restorative justice programs reduce rates by 15-20% compared to traditional prison sentences. Changing court laws is not enough because without addressing root socioeconomic issues the court is only looking at how something occurred and was taken as to where root socioeconomic issues look at why something occurred.\n"",""ans-q8-relations"":""Sweetgrass is to represent their connection and healing. The cold grey walls show the justice path of injustice, harsh judgment, and hopelessness. Compared to the warm golden sunset represents the justice path of healing, understanding, and hope."",""ans-q9-maya"":""Liam's insecurity on the reserve can be seen as the impacts of family separations, reservation restrictions, and status. Government disrupted Indigenous families and effect their community, culture, and land. Liam's struggles show how these historical injustices have contributed to ongoing challenges with housing, belonging, and identity as we also saw with Maya Paul's family."",""ans-q10-leo"":""Leo's Treaty highlights the conflict between Canadian legal systems and Mi'kmaw treaty rights. The Treaty recognized certain rights and agreements between the Mi'kmaq and the British Crown, but these rights get challenged or excused by Canadian courts and governments. Leo's case shows how Mi'kmaw authority and self-determination can be overlooked when decisions are made through conventional courts, creating ongoing disputes over who has the power to govern and interpret treaty rights."",""_timestamps"":{""start"":""2026-06-17T13:30:27.501Z""},""_telemetry"":{""session"":{""keystrokes"":14,""pasted"":true,""duration_sec"":3836}}}"
"6/17/2026, 10:30:40 AM",C Block (Waugh),Abigail (ABIS),MIKMAW11,Restorative Justice — Liam's Journey,INCREMENTAL_SAVE,"{""ans-q1-risk"":"""",""ans-q2-trc"":"""",""ans-q3-marshall"":""Donald Marshall Jr. was a Mi'kmaq man who was wrongly convicted of murder in 1971 in Sydney. HE spent 11 years in prison for a crime he didn't commit. The Royal Commission found that the justice system failed him because of racism, unfair treatment and mistakes made by police and courts. His case led to major discussions about unfair treatment of Indigenous people in the justice system."",""ans-q4-gladue"":""Substantive equality means treating people fairly by understanding their different backgrounds and challenges instead of treating everyone exactly the same. Gladue Rights ask judges to consider things like residential school trauma, poverty, and family history when talking about Indigenous people. The Gladue funding gap means communities do not have enough money or resources for programs like healing circles, so judges may not have other options besides jail."",""ans-q5-circle"":""Sentencing Circle bring together the offenders, victim, community and judge into a circle for the case making them all at the same level, as to where Westeran courts have the judge sitting up higher above everyone to show authority over them. The Eagal Feather is significant because whoever is holding the feather is the person speaking and they are speaking their complete truth to the creator."",""ans-q6-comparison"":""They are comparable because they are both forms of court and have the goals to have a final desicion for the offender. They also both have the focus to look at the things that happened because of the offence that happened. The circle changes the role of the victim and the community because it focuses on healing and restoring instead of giving punishments."",""ans-q7-recidivism"":"" Indigenous-led restorative justice programs reduce rates by 15-20% compared to traditional prison sentences. Changing court laws is not enough because without addressing root socioeconomic issues the court is only looking at how something occurred and was taken as to where root socioeconomic issues look at why something occurred.\n"",""ans-q8-relations"":""Sweetgrass is to represent their connection and healing. The cold grey walls show the justice path of injustice, harsh judgment, and hopelessness. Compared to the warm golden sunset represents the justice path of healing, understanding, and hope."",""ans-q9-maya"":""Liam's insecurity on the reserve can be seen as the impacts of family separations, reservation restrictions, and status. Government disrupted Indigenous families and effect their community, culture, and land. Liam's struggles show how these historical injustices have contributed to ongoing challenges with housing, belonging, and identity as we also saw with Maya Paul's family."",""ans-q10-leo"":""Leo's Treaty highlights the conflict between Canadian legal systems and Mi'kmaw treaty rights. The Treaty recognized certain rights and agreements between the Mi'kmaq and the British Crown, but these rights get challenged or excused by Canadian courts and governments. Leo's case shows how Mi'kmaw authority and self-determination can be overlooked when decisions are made through conventional courts, creating ongoing disputes over who has the power to govern and interpret treaty rights."",""_timestamps"":{""start"":""2026-06-17T13:30:40.500Z""},""_telemetry"":{""session"":{""keystrokes"":21,""pasted"":true,""duration_sec"":3849}}}"
"6/17/2026, 10:31:06 AM",C Block (Waugh),Abigail (ABIS),MIKMAW11,Restorative Justice — Liam's Journey,INCREMENTAL_SAVE,"{""ans-q1-risk"":"""",""ans-q2-trc"":""The TRC Call to Action #30 demands that the federal government commit to eleminating Indigenous overrepresentation over the next decade. This connects to the residential school trauma in the sugar falls story because of how the government is taking control and trying to eleminate the Indigenous cultures and representations."",""ans-q3-marshall"":""Donald Marshall Jr. was a Mi'kmaq man who was wrongly convicted of murder in 1971 in Sydney. HE spent 11 years in prison for a crime he didn't commit. The Royal Commission found that the justice system failed him because of racism, unfair treatment and mistakes made by police and courts. His case led to major discussions about unfair treatment of Indigenous people in the justice system."",""ans-q4-gladue"":""Substantive equality means treating people fairly by understanding their different backgrounds and challenges instead of treating everyone exactly the same. Gladue Rights ask judges to consider things like residential school trauma, poverty, and family history when talking about Indigenous people. The Gladue funding gap means communities do not have enough money or resources for programs like healing circles, so judges may not have other options besides jail."",""ans-q5-circle"":""Sentencing Circle bring together the offenders, victim, community and judge into a circle for the case making them all at the same level, as to where Westeran courts have the judge sitting up higher above everyone to show authority over them. The Eagal Feather is significant because whoever is holding the feather is the person speaking and they are speaking their complete truth to the creator."",""ans-q6-comparison"":""They are comparable because they are both forms of court and have the goals to have a final desicion for the offender. They also both have the focus to look at the things that happened because of the offence that happened. The circle changes the role of the victim and the community because it focuses on healing and restoring instead of giving punishments."",""ans-q7-recidivism"":"" Indigenous-led restorative justice programs reduce rates by 15-20% compared to traditional prison sentences. Changing court laws is not enough because without addressing root socioeconomic issues the court is only looking at how something occurred and was taken as to where root socioeconomic issues look at why something occurred.\n"",""ans-q8-relations"":""Sweetgrass is to represent their connection and healing. The cold grey walls show the justice path of injustice, harsh judgment, and hopelessness. Compared to the warm golden sunset represents the justice path of healing, understanding, and hope."",""ans-q9-maya"":""Liam's insecurity on the reserve can be seen as the impacts of family separations, reservation restrictions, and status. Government disrupted Indigenous families and effect their community, culture, and land. Liam's struggles show how these historical injustices have contributed to ongoing challenges with housing, belonging, and identity as we also saw with Maya Paul's family."",""ans-q10-leo"":""Leo's Treaty highlights the conflict between Canadian legal systems and Mi'kmaw treaty rights. The Treaty recognized certain rights and agreements between the Mi'kmaq and the British Crown, but these rights get challenged or excused by Canadian courts and governments. Leo's case shows how Mi'kmaw authority and self-determination can be overlooked when decisions are made through conventional courts, creating ongoing disputes over who has the power to govern and interpret treaty rights."",""_timestamps"":{""start"":""2026-06-17T13:31:06.133Z""},""_telemetry"":{""session"":{""keystrokes"":24,""pasted"":true,""duration_sec"":3874}}}"
"6/17/2026, 10:31:37 AM",C Block (Waugh),Abigail (ABIS),MIKMAW11,Restorative Justice — Liam's Journey,INCREMENTAL_SAVE,"{""ans-q1-risk"":""Indigenous women’s numbers in prison are going up faster than men’s, from 36% to 50%, while men went from 25% to 33%. Women are more overrepresented because they deal with extra problems like poverty, trauma, and discrimination. The risk scores they get punish things like being poor or having a rough past, not whether they actually mean to commit a crime."",""ans-q2-trc"":""The TRC Call to Action #30 demands that the federal government commit to eleminating Indigenous overrepresentation over the next decade. This connects to the residential school trauma in the sugar falls story because of how the government is taking control and trying to eleminate the Indigenous cultures and representations."",""ans-q3-marshall"":""Donald Marshall Jr. was a Mi'kmaq man who was wrongly convicted of murder in 1971 in Sydney. HE spent 11 years in prison for a crime he didn't commit. The Royal Commission found that the justice system failed him because of racism, unfair treatment and mistakes made by police and courts. His case led to major discussions about unfair treatment of Indigenous people in the justice system."",""ans-q4-gladue"":""Substantive equality means treating people fairly by understanding their different backgrounds and challenges instead of treating everyone exactly the same. Gladue Rights ask judges to consider things like residential school trauma, poverty, and family history when talking about Indigenous people. The Gladue funding gap means communities do not have enough money or resources for programs like healing circles, so judges may not have other options besides jail."",""ans-q5-circle"":""Sentencing Circle bring together the offenders, victim, community and judge into a circle for the case making them all at the same level, as to where Westeran courts have the judge sitting up higher above everyone to show authority over them. The Eagal Feather is significant because whoever is holding the feather is the person speaking and they are speaking their complete truth to the creator."",""ans-q6-comparison"":""They are comparable because they are both forms of court and have the goals to have a final desicion for the offender. They also both have the focus to look at the things that happened because of the offence that happened. The circle changes the role of the victim and the community because it focuses on healing and restoring instead of giving punishments."",""ans-q7-recidivism"":"" Indigenous-led restorative justice programs reduce rates by 15-20% compared to traditional prison sentences. Changing court laws is not enough because without addressing root socioeconomic issues the court is only looking at how something occurred and was taken as to where root socioeconomic issues look at why something occurred.\n"",""ans-q8-relations"":""Sweetgrass is to represent their connection and healing. The cold grey walls show the justice path of injustice, harsh judgment, and hopelessness. Compared to the warm golden sunset represents the justice path of healing, understanding, and hope."",""ans-q9-maya"":""Liam's insecurity on the reserve can be seen as the impacts of family separations, reservation restrictions, and status. Government disrupted Indigenous families and effect their community, culture, and land. Liam's struggles show how these historical injustices have contributed to ongoing challenges with housing, belonging, and identity as we also saw with Maya Paul's family."",""ans-q10-leo"":""Leo's Treaty highlights the conflict between Canadian legal systems and Mi'kmaw treaty rights. The Treaty recognized certain rights and agreements between the Mi'kmaq and the British Crown, but these rights get challenged or excused by Canadian courts and governments. Leo's case shows how Mi'kmaw authority and self-determination can be overlooked when decisions are made through conventional courts, creating ongoing disputes over who has the power to govern and interpret treaty rights."",""_timestamps"":{""start"":""2026-06-17T13:31:37.829Z""},""_telemetry"":{""session"":{""keystrokes"":26,""pasted"":true,""duration_sec"":3906}}}"
"6/17/2026, 10:31:43 AM",C Block (Waugh),Abigail (ABIS),MIKMAW11,Restorative Justice — Liam's Journey,FINAL_SUBMISSION,"{""ans-q1-risk"":""Indigenous women’s numbers in prison are going up faster than men’s, from 36% to 50%, while men went from 25% to 33%. Women are more overrepresented because they deal with extra problems like poverty, trauma, and discrimination. The risk scores they get punish things like being poor or having a rough past, not whether they actually mean to commit a crime."",""ans-q2-trc"":""The TRC Call to Action #30 demands that the federal government commit to eleminating Indigenous overrepresentation over the next decade. This connects to the residential school trauma in the sugar falls story because of how the government is taking control and trying to eleminate the Indigenous cultures and representations."",""ans-q3-marshall"":""Donald Marshall Jr. was a Mi'kmaq man who was wrongly convicted of murder in 1971 in Sydney. HE spent 11 years in prison for a crime he didn't commit. The Royal Commission found that the justice system failed him because of racism, unfair treatment and mistakes made by police and courts. His case led to major discussions about unfair treatment of Indigenous people in the justice system."",""ans-q4-gladue"":""Substantive equality means treating people fairly by understanding their different backgrounds and challenges instead of treating everyone exactly the same. Gladue Rights ask judges to consider things like residential school trauma, poverty, and family history when talking about Indigenous people. The Gladue funding gap means communities do not have enough money or resources for programs like healing circles, so judges may not have other options besides jail."",""ans-q5-circle"":""Sentencing Circle bring together the offenders, victim, community and judge into a circle for the case making them all at the same level, as to where Westeran courts have the judge sitting up higher above everyone to show authority over them. The Eagal Feather is significant because whoever is holding the feather is the person speaking and they are speaking their complete truth to the creator."",""ans-q6-comparison"":""They are comparable because they are both forms of court and have the goals to have a final desicion for the offender. They also both have the focus to look at the things that happened because of the offence that happened. The circle changes the role of the victim and the community because it focuses on healing and restoring instead of giving punishments."",""ans-q7-recidivism"":"" Indigenous-led restorative justice programs reduce rates by 15-20% compared to traditional prison sentences. Changing court laws is not enough because without addressing root socioeconomic issues the court is only looking at how something occurred and was taken as to where root socioeconomic issues look at why something occurred.\n"",""ans-q8-relations"":""Sweetgrass is to represent their connection and healing. The cold grey walls show the justice path of injustice, harsh judgment, and hopelessness. Compared to the warm golden sunset represents the justice path of healing, understanding, and hope."",""ans-q9-maya"":""Liam's insecurity on the reserve can be seen as the impacts of family separations, reservation restrictions, and status. Government disrupted Indigenous families and effect their community, culture, and land. Liam's struggles show how these historical injustices have contributed to ongoing challenges with housing, belonging, and identity as we also saw with Maya Paul's family."",""ans-q10-leo"":""Leo's Treaty highlights the conflict between Canadian legal systems and Mi'kmaw treaty rights. The Treaty recognized certain rights and agreements between the Mi'kmaq and the British Crown, but these rights get challenged or excused by Canadian courts and governments. Leo's case shows how Mi'kmaw authority and self-determination can be overlooked when decisions are made through conventional courts, creating ongoing disputes over who has the power to govern and interpret treaty rights."",""_timestamps"":{""start"":""2026-06-17T13:31:43.922Z""},""_telemetry"":{""session"":{""keystrokes"":26,""pasted"":true,""duration_sec"":3912}}}"
"17/06/2026, 11:18:06",C Block (Waugh),Raida (QAZK),MIKMAW11,Independent Project - Description Draft,INCREMENTAL_SAVE,"{""title"":""missing and murdered indigenous women and children"",""description"":""this essay is about the statistics of missing and murdered indigenous women and children. how many are missing, how many were found, how many got justice, what the police and government have done about it, and why it is still a big issue that needs to be addressed.  it will include statistics from all over Canada and also the main places that this happens at.""}"
2026-06-17T01:20:47.551Z,A Block (Waugh),JOSH (JOSH),MIKMAW11,Nora Bernard & Shubenacadie Legacy Project,INCREMENTAL_SAVE,"{""slide_1"":""The division "",""slide_2"":"""",""slide_3"":"""",""slide_4"":"""",""slide_5"":"""",""pathway"":"""",""pathway_inputs"":{},""slide_6"":"""",""slide_7"":""""}"
2026-06-17T01:21:21.595Z,A Block (Waugh),JOSH (JOSH),MIKMAW11,Nora Bernard & Shubenacadie Legacy Project,INCREMENTAL_SAVE,"{""slide_1"":""The division between Federal (funding) and reli"",""slide_2"":"""",""slide_3"":"""",""slide_4"":"""",""slide_5"":"""",""pathway"":"""",""pathway_inputs"":{},""slide_6"":"""",""slide_7"":""""}"
2026-06-17T01:21:30.978Z,A Block (Waugh),JOSH (JOSH),MIKMAW11,Nora Bernard & Shubenacadie Legacy Project,INCREMENTAL_SAVE,"{""slide_1"":""The division of responsibility between Federal (funding) and reli"",""slide_2"":"""",""slide_3"":"""",""slide_4"":"""",""slide_5"":"""",""pathway"":"""",""pathway_inputs"":{},""slide_6"":"""",""slide_7"":""""}"
2026-06-17T01:21:54.678Z,A Block (Waugh),JOSH (JOSH),MIKMAW11,Nora Bernard & Shubenacadie Legacy Project,INCREMENTAL_SAVE,"{""slide_1"":""The division of responsibility between Federal (funding) and religious contregations (daily management) "",""slide_2"":"""",""slide_3"":"""",""slide_4"":"""",""slide_5"":"""",""pathway"":"""",""pathway_inputs"":{},""slide_6"":"""",""slide_7"":""""}"
2026-06-17T01:22:06.512Z,A Block (Waugh),JOSH (JOSH),MIKMAW11,Nora Bernard & Shubenacadie Legacy Project,INCREMENTAL_SAVE,"{""slide_1"":""The division of responsibility between Federal (funding) and religious contregations (daily management) meant that no one was 'fully' responsible "",""slide_2"":"""",""slide_3"":"""",""slide_4"":"""",""slide_5"":"""",""pathway"":"""",""pathway_inputs"":{},""slide_6"":"""",""slide_7"":""""}"
2026-06-17T01:22:20.479Z,A Block (Waugh),JOSH (JOSH),MIKMAW11,Nora Bernard & Shubenacadie Legacy Project,INCREMENTAL_SAVE,"{""slide_1"":""The division of responsibility between Federal (funding) and religious contregations (daily management) meant that no one was 'fully' responsible. "",""slide_2"":"""",""slide_3"":"""",""slide_4"":"""",""slide_5"":"""",""pathway"":"""",""pathway_inputs"":{},""slide_6"":"""",""slide_7"":""""}"
2026-06-17T01:22:46.555Z,A Block (Waugh),JOSH (JOSH),MIKMAW11,Nora Bernard & Shubenacadie Legacy Project,INCREMENTAL_SAVE,"{""slide_1"":""The division of responsibility between Federal (funding) and religious contregations (daily management) meant that no one was 'fully' accountable for problems at the school.  "",""slide_2"":"""",""slide_3"":"""",""slide_4"":"""",""slide_5"":"""",""pathway"":"""",""pathway_inputs"":{},""slide_6"":"""",""slide_7"":""""}"
2026-06-17T01:25:08.462Z,A Block (Waugh),JOSH (JOSH),MIKMAW11,Nora Bernard & Shubenacadie Legacy Project,INCREMENTAL_SAVE,"{""slide_1"":""The division of responsibility between Federal (funding) and religious contregations (daily management) meant that no one was 'fully' accountable for problems at the school.  "",""slide_2"":"""",""slide_3"":"""",""slide_4"":"""",""slide_5"":"""",""pathway"":"""",""pathway_inputs"":{},""slide_6"":"""",""slide_7"":""""}"
2026-06-17T01:25:46.260Z,A Block (Waugh),JOSH (JOSH),MIKMAW11,Nora Bernard & Shubenacadie Legacy Project,INCREMENTAL_SAVE,"{""slide_1"":""The division of responsibility between Federal (funding) and religious contregations (daily management) meant that no one was 'fully' accountable for problems at the school. When concerns or issues were raised, the government could point to the religious leaders  "",""slide_2"":"""",""slide_3"":"""",""slide_4"":"""",""slide_5"":"""",""pathway"":"""",""pathway_inputs"":{},""slide_6"":"""",""slide_7"":""""}"
2026-06-17T01:26:10.334Z,A Block (Waugh),JOSH (JOSH),MIKMAW11,Nora Bernard & Shubenacadie Legacy Project,INCREMENTAL_SAVE,"{""slide_1"":""The division of responsibility between Federal (funding) and religious contregations (daily management) meant that no one was 'fully' accountable for problems at the school. When concerns or issues were raised, the government could point to the religious administrators for being the cause, and vice versa. This meant that  "",""slide_2"":"""",""slide_3"":"""",""slide_4"":"""",""slide_5"":"""",""pathway"":"""",""pathway_inputs"":{},""slide_6"":"""",""slide_7"":""""}"
2026-06-17T01:26:53.553Z,A Block (Waugh),JOSH (JOSH),MIKMAW11,Nora Bernard & Shubenacadie Legacy Project,INCREMENTAL_SAVE,"{""slide_1"":""The division of responsibility between Federal (funding) and religious contregations (daily management) meant that no one was 'fully' accountable for problems at the school. When concerns or issues were raised, the government could point to the religious administrators for being the cause, and vice versa. This meant that no one was fully accountable and no one was overseeing conditions at the school fully, which created dangerous conditions for the children.  "",""slide_2"":"""",""slide_3"":"""",""slide_4"":"""",""slide_5"":"""",""pathway"":"""",""pathway_inputs"":{},""slide_6"":"""",""slide_7"":""""}"
2026-06-17T01:26:56.697Z,A Block (Waugh),JOSH (JOSH),MIKMAW11,Nora Bernard & Shubenacadie Legacy Project,INCREMENTAL_SAVE,"{""slide_1"":""The division of responsibility between Federal (funding) and religious contregations (daily management) meant that no one was 'fully' accountable for problems at the school. When concerns or issues were raised, the government could point to the religious administrators for being the cause, and vice versa. This meant that no one was fully accountable and no one was overseeing conditions at the school fully, which created dangerous conditions for the children.  "",""slide_2"":"""",""slide_3"":"""",""slide_4"":"""",""slide_5"":"""",""pathway"":"""",""pathway_inputs"":{},""slide_6"":"""",""slide_7"":""""}"
2026-06-17T01:32:48.733Z,A Block (Waugh),JOSH (JOSH),MIKMAW11,Nora Bernard & Shubenacadie Legacy Project,INCREMENTAL_SAVE,"{""slide_1"":""The division of responsibility between Federal (funding) and religious contregations (daily management) meant that no one was 'fully' accountable for problems at the school. When concerns or issues were raised, the government could point to the religious administrators for being the cause, and vice versa. This meant that no one was fully accountable and no one was overseeing conditions at the school fully, which created dangerous conditions for the children.  "",""slide_2"":""The residential school system led to malnourishment and "",""slide_3"":"""",""slide_4"":"""",""slide_5"":"""",""pathway"":"""",""pathway_inputs"":{},""slide_6"":"""",""slide_7"":""""}"
2026-06-17T01:33:05.198Z,A Block (Waugh),JOSH (JOSH),MIKMAW11,Nora Bernard & Shubenacadie Legacy Project,INCREMENTAL_SAVE,"{""slide_1"":""The division of responsibility between Federal (funding) and religious contregations (daily management) meant that no one was 'fully' accountable for problems at the school. When concerns or issues were raised, the government could point to the religious administrators for being the cause, and vice versa. This meant that no one was fully accountable and no one was overseeing conditions at the school fully, which created dangerous conditions for the children.  "",""slide_2"":""The residential school system led to malnourishment and medical negl"",""slide_3"":"""",""slide_4"":"""",""slide_5"":"""",""pathway"":"""",""pathway_inputs"":{},""slide_6"":"""",""slide_7"":""""}"
2026-06-17T01:33:12.622Z,A Block (Waugh),JOSH (JOSH),MIKMAW11,Nora Bernard & Shubenacadie Legacy Project,INCREMENTAL_SAVE,"{""slide_1"":""The division of responsibility between Federal (funding) and religious contregations (daily management) meant that no one was 'fully' accountable for problems at the school. When concerns or issues were raised, the government could point to the religious administrators for being the cause, and vice versa. This meant that no one was fully accountable and no one was overseeing conditions at the school fully, which created dangerous conditions for the children.  "",""slide_2"":""The residential school system  malnourishment and medical negl"",""slide_3"":"""",""slide_4"":"""",""slide_5"":"""",""pathway"":"""",""pathway_inputs"":{},""slide_6"":"""",""slide_7"":""""}"
2026-06-17T01:33:28.802Z,A Block (Waugh),JOSH (JOSH),MIKMAW11,Nora Bernard & Shubenacadie Legacy Project,INCREMENTAL_SAVE,"{""slide_1"":""The division of responsibility between Federal (funding) and religious contregations (daily management) meant that no one was 'fully' accountable for problems at the school. When concerns or issues were raised, the government could point to the religious administrators for being the cause, and vice versa. This meant that no one was fully accountable and no one was overseeing conditions at the school fully, which created dangerous conditions for the children.  "",""slide_2"":""The residential school system caused malnourishment and medical negl"",""slide_3"":"""",""slide_4"":"""",""slide_5"":"""",""pathway"":"""",""pathway_inputs"":{},""slide_6"":"""",""slide_7"":""""}"
2026-06-17T01:33:36.002Z,A Block (Waugh),JOSH (JOSH),MIKMAW11,Nora Bernard & Shubenacadie Legacy Project,INCREMENTAL_SAVE,"{""slide_1"":""The division of responsibility between Federal (funding) and religious contregations (daily management) meant that no one was 'fully' accountable for problems at the school. When concerns or issues were raised, the government could point to the religious administrators for being the cause, and vice versa. This meant that no one was fully accountable and no one was overseeing conditions at the school fully, which created dangerous conditions for the children.  "",""slide_2"":""The residential school system caused malnourishment and medical neglect for its students. "",""slide_3"":"""",""slide_4"":"""",""slide_5"":"""",""pathway"":"""",""pathway_inputs"":{},""slide_6"":"""",""slide_7"":""""}"
2026-06-17T01:33:49.788Z,A Block (Waugh),JOSH (JOSH),MIKMAW11,Nora Bernard & Shubenacadie Legacy Project,INCREMENTAL_SAVE,"{""slide_1"":""The division of responsibility between Federal (funding) and religious contregations (daily management) meant that no one was 'fully' accountable for problems at the school. When concerns or issues were raised, the government could point to the religious administrators for being the cause, and vice versa. This meant that no one was fully accountable and no one was overseeing conditions at the school fully, which created dangerous conditions for the children.  "",""slide_2"":""The residential school system caused malnourishment and medical neglect for its students. "",""slide_3"":"""",""slide_4"":"""",""slide_5"":"""",""pathway"":"""",""pathway_inputs"":{},""slide_6"":"""",""slide_7"":""""}"
2026-06-17T01:33:57.782Z,A Block (Waugh),JOSH (JOSH),MIKMAW11,Nora Bernard & Shubenacadie Legacy Project,INCREMENTAL_SAVE,"{""slide_1"":""The division of responsibility between Federal (funding) and religious contregations (daily management) meant that no one was 'fully' accountable for problems at the school. When concerns or issues were raised, the government could point to the religious administrators for being the cause, and vice versa. This meant that no one was fully accountable and no one was overseeing conditions at the school fully, which created dangerous conditions for the children.  "",""slide_2"":""The residential school system caused malnourishment and cases of medical neglect for its students. "",""slide_3"":"""",""slide_4"":"""",""slide_5"":"""",""pathway"":"""",""pathway_inputs"":{},""slide_6"":"""",""slide_7"":""""}"
2026-06-17T01:34:26.831Z,A Block (Waugh),JOSH (JOSH),MIKMAW11,Nora Bernard & Shubenacadie Legacy Project,INCREMENTAL_SAVE,"{""slide_1"":""The division of responsibility between Federal (funding) and religious contregations (daily management) meant that no one was 'fully' accountable for problems at the school. When concerns or issues were raised, the government could point to the religious administrators for being the cause, and vice versa. This meant that no one was fully accountable and no one was overseeing conditions at the school fully, which created dangerous conditions for the children.  "",""slide_2"":""The residential school system caused malnourishment and cases of medical neglect for its students, leading to death in the case of 23 students. Many more suffered physical harm. "",""slide_3"":"""",""slide_4"":"""",""slide_5"":"""",""pathway"":"""",""pathway_inputs"":{},""slide_6"":"""",""slide_7"":""""}"
2026-06-17T01:34:36.919Z,A Block (Waugh),JOSH (JOSH),MIKMAW11,Nora Bernard & Shubenacadie Legacy Project,INCREMENTAL_SAVE,"{""slide_1"":""The division of responsibility between Federal (funding) and religious contregations (daily management) meant that no one was 'fully' accountable for problems at the school. When concerns or issues were raised, the government could point to the religious administrators for being the cause, and vice versa. This meant that no one was fully accountable and no one was overseeing conditions at the school fully, which created dangerous conditions for the children.  "",""slide_2"":""The residential school system caused malnourishment and cases of medical neglect for its students, leading to death in the case of 23 students. Many more suffered physical harm that would have "",""slide_3"":"""",""slide_4"":"""",""slide_5"":"""",""pathway"":"""",""pathway_inputs"":{},""slide_6"":"""",""slide_7"":""""}"
2026-06-17T01:34:47.967Z,A Block (Waugh),JOSH (JOSH),MIKMAW11,Nora Bernard & Shubenacadie Legacy Project,INCREMENTAL_SAVE,"{""slide_1"":""The division of responsibility between Federal (funding) and religious contregations (daily management) meant that no one was 'fully' accountable for problems at the school. When concerns or issues were raised, the government could point to the religious administrators for being the cause, and vice versa. This meant that no one was fully accountable and no one was overseeing conditions at the school fully, which created dangerous conditions for the children.  "",""slide_2"":""The residential school system caused malnourishment and cases of medical neglect for its students, leading to death in the case of 23 students. Many more suffered physical harm that would have impact their quality of life "",""slide_3"":"""",""slide_4"":"""",""slide_5"":"""",""pathway"":"""",""pathway_inputs"":{},""slide_6"":"""",""slide_7"":""""}"
2026-06-17T01:35:02.884Z,A Block (Waugh),JOSH (JOSH),MIKMAW11,Nora Bernard & Shubenacadie Legacy Project,INCREMENTAL_SAVE,"{""slide_1"":""The division of responsibility between Federal (funding) and religious contregations (daily management) meant that no one was 'fully' accountable for problems at the school. When concerns or issues were raised, the government could point to the religious administrators for being the cause, and vice versa. This meant that no one was fully accountable and no one was overseeing conditions at the school fully, which created dangerous conditions for the children.  "",""slide_2"":""The residential school system caused malnourishment and cases of medical neglect for its students, leading to death in the case of 23 students. Many more suffered physical harm that would have impact their quality of life and likely, their lifespans. "",""slide_3"":"""",""slide_4"":"""",""slide_5"":"""",""pathway"":"""",""pathway_inputs"":{},""slide_6"":"""",""slide_7"":""""}"
2026-06-17T01:35:42.837Z,A Block (Waugh),JOSH (JOSH),MIKMAW11,Nora Bernard & Shubenacadie Legacy Project,INCREMENTAL_SAVE,"{""slide_1"":""The division of responsibility between Federal (funding) and religious contregations (daily management) meant that no one was 'fully' accountable for problems at the school. When concerns or issues were raised, the government could point to the religious administrators for being the cause, and vice versa. This meant that no one was fully accountable and no one was overseeing conditions at the school fully, which created dangerous conditions for the children.  "",""slide_2"":""The residential school system caused malnourishment and cases of medical neglect for its students, leading to death in the case of 23 students. Many more suffered physical harm that would have impact their quality of life and likely, their lifespans. The schools provided neclect, not care. "",""slide_3"":"""",""slide_4"":"""",""slide_5"":"""",""pathway"":"""",""pathway_inputs"":{},""slide_6"":"""",""slide_7"":""""}"
2026-06-17T01:35:46.807Z,A Block (Waugh),JOSH (JOSH),MIKMAW11,Nora Bernard & Shubenacadie Legacy Project,INCREMENTAL_SAVE,"{""slide_1"":""The division of responsibility between Federal (funding) and religious contregations (daily management) meant that no one was 'fully' accountable for problems at the school. When concerns or issues were raised, the government could point to the religious administrators for being the cause, and vice versa. This meant that no one was fully accountable and no one was overseeing conditions at the school fully, which created dangerous conditions for the children.  "",""slide_2"":""The residential school system caused malnourishment and cases of medical neglect for its students, leading to death in the case of 23 students. Many more suffered physical harm that would have impact their quality of life and likely, their lifespans. The schools provided neclect, not care. "",""slide_3"":"""",""slide_4"":"""",""slide_5"":"""",""pathway"":"""",""pathway_inputs"":{},""slide_6"":"""",""slide_7"":""""}"
2026-06-17T01:46:50.785Z,A Block (Waugh),JOSH (JOSH),MIKMAW11,Nora Bernard & Shubenacadie Legacy Project,INCREMENTAL_SAVE,"{""slide_1"":""The division of responsibility between Federal (funding) and religious contregations (daily management) meant that no one was 'fully' accountable for problems at the school. When concerns or issues were raised, the government could point to the religious administrators for being the cause, and vice versa. This meant that no one was fully accountable and no one was overseeing conditions at the school fully, which created dangerous conditions for the children.  "",""slide_2"":""The residential school system caused malnourishment and cases of medical neglect for its students, leading to death in the case of 23 students. Many more suffered physical harm that would have impact their quality of life and likely, their lifespans. The schools provided neclect, not care. "",""slide_3"":""Residential school students were "",""slide_4"":"""",""slide_5"":"""",""pathway"":"""",""pathway_inputs"":{},""slide_6"":"""",""slide_7"":""""}"
2026-06-17T01:47:25.094Z,A Block (Waugh),JOSH (JOSH),MIKMAW11,Nora Bernard & Shubenacadie Legacy Project,INCREMENTAL_SAVE,"{""slide_1"":""The division of responsibility between Federal (funding) and religious contregations (daily management) meant that no one was 'fully' accountable for problems at the school. When concerns or issues were raised, the government could point to the religious administrators for being the cause, and vice versa. This meant that no one was fully accountable and no one was overseeing conditions at the school fully, which created dangerous conditions for the children.  "",""slide_2"":""The residential school system caused malnourishment and cases of medical neglect for its students, leading to death in the case of 23 students. Many more suffered physical harm that would have impact their quality of life and likely, their lifespans. The schools provided neclect, not care. "",""slide_3"":""Residential school students were stripped of their culture and identity. For many this meant loosing their home communities and support systems. This lead to "",""slide_4"":"""",""slide_5"":"""",""pathway"":"""",""pathway_inputs"":{},""slide_6"":"""",""slide_7"":""""}"
2026-06-17T01:48:06.676Z,A Block (Waugh),JOSH (JOSH),MIKMAW11,Nora Bernard & Shubenacadie Legacy Project,INCREMENTAL_SAVE,"{""slide_1"":""The division of responsibility between Federal (funding) and religious contregations (daily management) meant that no one was 'fully' accountable for problems at the school. When concerns or issues were raised, the government could point to the religious administrators for being the cause, and vice versa. This meant that no one was fully accountable and no one was overseeing conditions at the school fully, which created dangerous conditions for the children.  "",""slide_2"":""The residential school system caused malnourishment and cases of medical neglect for its students, leading to death in the case of 23 students. Many more suffered physical harm that would have impact their quality of life and likely, their lifespans. The schools provided neclect, not care. "",""slide_3"":""Residential school students were stripped of their culture and identity. For many this meant loosing their home communities and support systems. This lead to being vulerable (financially, socially). As "",""slide_4"":"""",""slide_5"":"""",""pathway"":"""",""pathway_inputs"":{},""slide_6"":"""",""slide_7"":""""}"
2026-06-17T01:48:16.627Z,A Block (Waugh),JOSH (JOSH),MIKMAW11,Nora Bernard & Shubenacadie Legacy Project,INCREMENTAL_SAVE,"{""slide_1"":""The division of responsibility between Federal (funding) and religious contregations (daily management) meant that no one was 'fully' accountable for problems at the school. When concerns or issues were raised, the government could point to the religious administrators for being the cause, and vice versa. This meant that no one was fully accountable and no one was overseeing conditions at the school fully, which created dangerous conditions for the children.  "",""slide_2"":""The residential school system caused malnourishment and cases of medical neglect for its students, leading to death in the case of 23 students. Many more suffered physical harm that would have impact their quality of life and likely, their lifespans. The schools provided neclect, not care. "",""slide_3"":""Residential school students were stripped of their culture and identity. For many this meant loosing their home communities and support systems. This lead to being vulerable (financially, socially). In future generations, this "",""slide_4"":"""",""slide_5"":"""",""pathway"":"""",""pathway_inputs"":{},""slide_6"":"""",""slide_7"":""""}"
2026-06-17T01:48:25.476Z,A Block (Waugh),JOSH (JOSH),MIKMAW11,Nora Bernard & Shubenacadie Legacy Project,INCREMENTAL_SAVE,"{""slide_1"":""The division of responsibility between Federal (funding) and religious contregations (daily management) meant that no one was 'fully' accountable for problems at the school. When concerns or issues were raised, the government could point to the religious administrators for being the cause, and vice versa. This meant that no one was fully accountable and no one was overseeing conditions at the school fully, which created dangerous conditions for the children.  "",""slide_2"":""The residential school system caused malnourishment and cases of medical neglect for its students, leading to death in the case of 23 students. Many more suffered physical harm that would have impact their quality of life and likely, their lifespans. The schools provided neclect, not care. "",""slide_3"":""Residential school students were stripped of their culture and identity. For many this meant loosing their home communities and support systems. This lead to being vulerable (financially, socially). In future generations, this leads to "",""slide_4"":"""",""slide_5"":"""",""pathway"":"""",""pathway_inputs"":{},""slide_6"":"""",""slide_7"":""""}"
2026-06-17T01:48:52.961Z,A Block (Waugh),JOSH (JOSH),MIKMAW11,Nora Bernard & Shubenacadie Legacy Project,INCREMENTAL_SAVE,"{""slide_1"":""The division of responsibility between Federal (funding) and religious contregations (daily management) meant that no one was 'fully' accountable for problems at the school. When concerns or issues were raised, the government could point to the religious administrators for being the cause, and vice versa. This meant that no one was fully accountable and no one was overseeing conditions at the school fully, which created dangerous conditions for the children.  "",""slide_2"":""The residential school system caused malnourishment and cases of medical neglect for its students, leading to death in the case of 23 students. Many more suffered physical harm that would have impact their quality of life and likely, their lifespans. The schools provided neclect, not care. "",""slide_3"":""Residential school students were stripped of their culture and identity. For many this meant loosing their home communities and support systems. This lead to being vulerable (financially, socially). In future generations, this leads to further poverty, addiction, and other forms of "",""slide_4"":"""",""slide_5"":"""",""pathway"":"""",""pathway_inputs"":{},""slide_6"":"""",""slide_7"":""""}"
2026-06-17T01:49:04.590Z,A Block (Waugh),JOSH (JOSH),MIKMAW11,Nora Bernard & Shubenacadie Legacy Project,INCREMENTAL_SAVE,"{""slide_1"":""The division of responsibility between Federal (funding) and religious contregations (daily management) meant that no one was 'fully' accountable for problems at the school. When concerns or issues were raised, the government could point to the religious administrators for being the cause, and vice versa. This meant that no one was fully accountable and no one was overseeing conditions at the school fully, which created dangerous conditions for the children.  "",""slide_2"":""The residential school system caused malnourishment and cases of medical neglect for its students, leading to death in the case of 23 students. Many more suffered physical harm that would have impact their quality of life and likely, their lifespans. The schools provided neclect, not care. "",""slide_3"":""Residential school students were stripped of their culture and identity. For many this meant loosing their home communities and support systems. This lead to being vulerable (financially, socially). In future generations, this leads to further poverty, addiction, and other forms of"",""slide_4"":"""",""slide_5"":"""",""pathway"":"""",""pathway_inputs"":{},""slide_6"":"""",""slide_7"":""""}"
2026-06-17T01:49:21.009Z,A Block (Waugh),JOSH (JOSH),MIKMAW11,Nora Bernard & Shubenacadie Legacy Project,INCREMENTAL_SAVE,"{""slide_1"":""The division of responsibility between Federal (funding) and religious contregations (daily management) meant that no one was 'fully' accountable for problems at the school. When concerns or issues were raised, the government could point to the religious administrators for being the cause, and vice versa. This meant that no one was fully accountable and no one was overseeing conditions at the school fully, which created dangerous conditions for the children.  "",""slide_2"":""The residential school system caused malnourishment and cases of medical neglect for its students, leading to death in the case of 23 students. Many more suffered physical harm that would have impact their quality of life and likely, their lifespans. The schools provided neclect, not care. "",""slide_3"":""Residential school students were stripped of their culture and identity. For many this meant loosing connection to their home communities and support systems. This lead to being vulerable (financially, socially). In future generations, this leads to further poverty, addiction, and other forms of"",""slide_4"":"""",""slide_5"":"""",""pathway"":"""",""pathway_inputs"":{},""slide_6"":"""",""slide_7"":""""}"
2026-06-17T01:49:48.893Z,A Block (Waugh),JOSH (JOSH),MIKMAW11,Nora Bernard & Shubenacadie Legacy Project,INCREMENTAL_SAVE,"{""slide_1"":""The division of responsibility between Federal (funding) and religious contregations (daily management) meant that no one was 'fully' accountable for problems at the school. When concerns or issues were raised, the government could point to the religious administrators for being the cause, and vice versa. This meant that no one was fully accountable and no one was overseeing conditions at the school fully, which created dangerous conditions for the children.  "",""slide_2"":""The residential school system caused malnourishment and cases of medical neglect for its students, leading to death in the case of 23 students. Many more suffered physical harm that would have impact their quality of life and likely, their lifespans. The schools provided neclect, not care. "",""slide_3"":""Residential school students were stripped of their culture and identity. For many this meant loosing connection to their home communities and support systems. This meant they were finanically and socially vulerable. In future generations, this leads to further poverty, addiction, and other forms of"",""slide_4"":"""",""slide_5"":"""",""pathway"":"""",""pathway_inputs"":{},""slide_6"":"""",""slide_7"":""""}"
2026-06-17T01:50:06.171Z,A Block (Waugh),JOSH (JOSH),MIKMAW11,Nora Bernard & Shubenacadie Legacy Project,INCREMENTAL_SAVE,"{""slide_1"":""The division of responsibility between Federal (funding) and religious contregations (daily management) meant that no one was 'fully' accountable for problems at the school. When concerns or issues were raised, the government could point to the religious administrators for being the cause, and vice versa. This meant that no one was fully accountable and no one was overseeing conditions at the school fully, which created dangerous conditions for the children.  "",""slide_2"":""The residential school system caused malnourishment and cases of medical neglect for its students, leading to death in the case of 23 students. Many more suffered physical harm that would have impact their quality of life and likely, their lifespans. The schools provided neclect, not care. "",""slide_3"":""Residential school students were stripped of their culture and identity. For many this meant loosing connection to their home communities and support systems. This meant they were finanically and socially vulerable. In future generations, this leads to further poverty, addiction, and otforms of"",""slide_4"":"""",""slide_5"":"""",""pathway"":"""",""pathway_inputs"":{},""slide_6"":"""",""slide_7"":""""}"
2026-06-17T01:50:17.524Z,A Block (Waugh),JOSH (JOSH),MIKMAW11,Nora Bernard & Shubenacadie Legacy Project,INCREMENTAL_SAVE,"{""slide_1"":""The division of responsibility between Federal (funding) and religious contregations (daily management) meant that no one was 'fully' accountable for problems at the school. When concerns or issues were raised, the government could point to the religious administrators for being the cause, and vice versa. This meant that no one was fully accountable and no one was overseeing conditions at the school fully, which created dangerous conditions for the children.  "",""slide_2"":""The residential school system caused malnourishment and cases of medical neglect for its students, leading to death in the case of 23 students. Many more suffered physical harm that would have impact their quality of life and likely, their lifespans. The schools provided neclect, not care. "",""slide_3"":""Residential school students were stripped of their culture and identity. For many this meant loosing connection to their home communities and support systems. This meant they were finanically and socially vulerable. In future generations, this leads to further poverty and addiction, "",""slide_4"":"""",""slide_5"":"""",""pathway"":"""",""pathway_inputs"":{},""slide_6"":"""",""slide_7"":""""}"
2026-06-17T01:50:28.142Z,A Block (Waugh),JOSH (JOSH),MIKMAW11,Nora Bernard & Shubenacadie Legacy Project,INCREMENTAL_SAVE,"{""slide_1"":""The division of responsibility between Federal (funding) and religious contregations (daily management) meant that no one was 'fully' accountable for problems at the school. When concerns or issues were raised, the government could point to the religious administrators for being the cause, and vice versa. This meant that no one was fully accountable and no one was overseeing conditions at the school fully, which created dangerous conditions for the children.  "",""slide_2"":""The residential school system caused malnourishment and cases of medical neglect for its students, leading to death in the case of 23 students. Many more suffered physical harm that would have impact their quality of life and likely, their lifespans. The schools provided neclect, not care. "",""slide_3"":""Residential school students were stripped of their culture and identity. For many this meant loosing connection to their home communities and support systems. This meant they were finanically and socially vulerable. In future generations, this leads to further poverty and addiction and abuse. "",""slide_4"":"""",""slide_5"":"""",""pathway"":"""",""pathway_inputs"":{},""slide_6"":"""",""slide_7"":""""}"
2026-06-17T01:50:40.262Z,A Block (Waugh),JOSH (JOSH),MIKMAW11,Nora Bernard & Shubenacadie Legacy Project,INCREMENTAL_SAVE,"{""slide_1"":""The division of responsibility between Federal (funding) and religious contregations (daily management) meant that no one was 'fully' accountable for problems at the school. When concerns or issues were raised, the government could point to the religious administrators for being the cause, and vice versa. This meant that no one was fully accountable and no one was overseeing conditions at the school fully, which created dangerous conditions for the children.  "",""slide_2"":""The residential school system caused malnourishment and cases of medical neglect for its students, leading to death in the case of 23 students. Many more suffered physical harm that would have impact their quality of life and likely, their lifespans. The schools provided neclect, not care. "",""slide_3"":""Residential school students were stripped of their culture and identity. For many this meant loosing connection to their home communities and support systems. This meant they were finanically and socially vulerable. In future generations, this leads to further poverty and addiction and abuse. "",""slide_4"":"""",""slide_5"":"""",""pathway"":"""",""pathway_inputs"":{},""slide_6"":"""",""slide_7"":""""}"
2026-06-17T01:54:42.522Z,A Block (Waugh),JOSH (JOSH),MIKMAW11,Nora Bernard & Shubenacadie Legacy Project,INCREMENTAL_SAVE,"{""slide_1"":""The division of responsibility between Federal (funding) and religious contregations (daily management) meant that no one was 'fully' accountable for problems at the school. When concerns or issues were raised, the government could point to the religious administrators for being the cause, and vice versa. This meant that no one was fully accountable and no one was overseeing conditions at the school fully, which created dangerous conditions for the children.  "",""slide_2"":""The residential school system caused malnourishment and cases of medical neglect for its students, leading to death in the case of 23 students. Many more suffered physical harm that would have impact their quality of life and likely, their lifespans. The schools provided neclect, not care. "",""slide_3"":""Residential school students were stripped of their culture and identity. For many this meant loosing connection to their home communities and support systems. This meant they were finanically and socially vulerable. In future generations, this leads to further poverty and addiction and abuse. "",""slide_4"":""Nora Bernard's legal resistence led to "",""slide_5"":"""",""pathway"":"""",""pathway_inputs"":{},""slide_6"":"""",""slide_7"":""""}"
2026-06-17T01:55:27.819Z,A Block (Waugh),JOSH (JOSH),MIKMAW11,Nora Bernard & Shubenacadie Legacy Project,INCREMENTAL_SAVE,"{""slide_1"":""The division of responsibility between Federal (funding) and religious contregations (daily management) meant that no one was 'fully' accountable for problems at the school. When concerns or issues were raised, the government could point to the religious administrators for being the cause, and vice versa. This meant that no one was fully accountable and no one was overseeing conditions at the school fully, which created dangerous conditions for the children.  "",""slide_2"":""The residential school system caused malnourishment and cases of medical neglect for its students, leading to death in the case of 23 students. Many more suffered physical harm that would have impact their quality of life and likely, their lifespans. The schools provided neclect, not care. "",""slide_3"":""Residential school students were stripped of their culture and identity. For many this meant loosing connection to their home communities and support systems. This meant they were finanically and socially vulerable. In future generations, this leads to further poverty and addiction and abuse. "",""slide_4"":""Nora Bernard's legal resistence led to government acknowledgment of the harm caused to residential school survivors, and also led to financial compensation. "",""slide_5"":"""",""pathway"":"""",""pathway_inputs"":{},""slide_6"":"""",""slide_7"":""""}"
2026-06-17T01:55:59.287Z,A Block (Waugh),JOSH (JOSH),MIKMAW11,Nora Bernard & Shubenacadie Legacy Project,INCREMENTAL_SAVE,"{""slide_1"":""The division of responsibility between Federal (funding) and religious contregations (daily management) meant that no one was 'fully' accountable for problems at the school. When concerns or issues were raised, the government could point to the religious administrators for being the cause, and vice versa. This meant that no one was fully accountable and no one was overseeing conditions at the school fully, which created dangerous conditions for the children.  "",""slide_2"":""The residential school system caused malnourishment and cases of medical neglect for its students, leading to death in the case of 23 students. Many more suffered physical harm that would have impact their quality of life and likely, their lifespans. The schools provided neclect, not care. "",""slide_3"":""Residential school students were stripped of their culture and identity. For many this meant loosing connection to their home communities and support systems. This meant they were finanically and socially vulerable. In future generations, this leads to further poverty and addiction and abuse. "",""slide_4"":""Nora Bernard's legal resistence led to government acknowledgment of the harm caused to residential school survivors, and also led to financial compensation. These are two important aspects of justice. "",""slide_5"":"""",""pathway"":"""",""pathway_inputs"":{},""slide_6"":"""",""slide_7"":""""}"
2026-06-17T01:56:04.770Z,A Block (Waugh),JOSH (JOSH),MIKMAW11,Nora Bernard & Shubenacadie Legacy Project,INCREMENTAL_SAVE,"{""slide_1"":""The division of responsibility between Federal (funding) and religious contregations (daily management) meant that no one was 'fully' accountable for problems at the school. When concerns or issues were raised, the government could point to the religious administrators for being the cause, and vice versa. This meant that no one was fully accountable and no one was overseeing conditions at the school fully, which created dangerous conditions for the children.  "",""slide_2"":""The residential school system caused malnourishment and cases of medical neglect for its students, leading to death in the case of 23 students. Many more suffered physical harm that would have impact their quality of life and likely, their lifespans. The schools provided neclect, not care. "",""slide_3"":""Residential school students were stripped of their culture and identity. For many this meant loosing connection to their home communities and support systems. This meant they were finanically and socially vulerable. In future generations, this leads to further poverty and addiction and abuse. "",""slide_4"":""Nora Bernard's legal resistence led to government acknowledgment of the harm caused to residential school survivors, and also led to financial compensation. These are two important aspects of justice being "",""slide_5"":"""",""pathway"":"""",""pathway_inputs"":{},""slide_6"":"""",""slide_7"":""""}"
2026-06-17T01:56:25.987Z,A Block (Waugh),JOSH (JOSH),MIKMAW11,Nora Bernard & Shubenacadie Legacy Project,INCREMENTAL_SAVE,"{""slide_1"":""The division of responsibility between Federal (funding) and religious contregations (daily management) meant that no one was 'fully' accountable for problems at the school. When concerns or issues were raised, the government could point to the religious administrators for being the cause, and vice versa. This meant that no one was fully accountable and no one was overseeing conditions at the school fully, which created dangerous conditions for the children.  "",""slide_2"":""The residential school system caused malnourishment and cases of medical neglect for its students, leading to death in the case of 23 students. Many more suffered physical harm that would have impact their quality of life and likely, their lifespans. The schools provided neclect, not care. "",""slide_3"":""Residential school students were stripped of their culture and identity. For many this meant loosing connection to their home communities and support systems. This meant they were finanically and socially vulerable. In future generations, this leads to further poverty and addiction and abuse. "",""slide_4"":""Nora Bernard's legal resistence led to government acknowledgment of the harm caused to residential school survivors, and also led to financial compensation. These are two important aspects of justice for the survivors. Betty Ross's"",""slide_5"":"""",""pathway"":"""",""pathway_inputs"":{},""slide_6"":"""",""slide_7"":""""}"
2026-06-17T01:56:35.982Z,A Block (Waugh),JOSH (JOSH),MIKMAW11,Nora Bernard & Shubenacadie Legacy Project,INCREMENTAL_SAVE,"{""slide_1"":""The division of responsibility between Federal (funding) and religious contregations (daily management) meant that no one was 'fully' accountable for problems at the school. When concerns or issues were raised, the government could point to the religious administrators for being the cause, and vice versa. This meant that no one was fully accountable and no one was overseeing conditions at the school fully, which created dangerous conditions for the children.  "",""slide_2"":""The residential school system caused malnourishment and cases of medical neglect for its students, leading to death in the case of 23 students. Many more suffered physical harm that would have impact their quality of life and likely, their lifespans. The schools provided neclect, not care. "",""slide_3"":""Residential school students were stripped of their culture and identity. For many this meant loosing connection to their home communities and support systems. This meant they were finanically and socially vulerable. In future generations, this leads to further poverty and addiction and abuse. "",""slide_4"":""Nora Bernard's legal resistence led to government acknowledgment of the harm caused to residential school survivors, and also led to financial compensation. These are two important types of justice for the survivors. Betty Ross's"",""slide_5"":"""",""pathway"":"""",""pathway_inputs"":{},""slide_6"":"""",""slide_7"":""""}"
2026-06-17T01:57:01.336Z,A Block (Waugh),JOSH (JOSH),MIKMAW11,Nora Bernard & Shubenacadie Legacy Project,INCREMENTAL_SAVE,"{""slide_1"":""The division of responsibility between Federal (funding) and religious contregations (daily management) meant that no one was 'fully' accountable for problems at the school. When concerns or issues were raised, the government could point to the religious administrators for being the cause, and vice versa. This meant that no one was fully accountable and no one was overseeing conditions at the school fully, which created dangerous conditions for the children.  "",""slide_2"":""The residential school system caused malnourishment and cases of medical neglect for its students, leading to death in the case of 23 students. Many more suffered physical harm that would have impact their quality of life and likely, their lifespans. The schools provided neclect, not care. "",""slide_3"":""Residential school students were stripped of their culture and identity. For many this meant loosing connection to their home communities and support systems. This meant they were finanically and socially vulerable. In future generations, this leads to further poverty and addiction and abuse. "",""slide_4"":""Nora Bernard's legal resistence led to government acknowledgment of the harm caused to residential school survivors, and also led to financial compensation. These are two important types of justice for the survivors. Betty Ross's cultural resilience was a way to preserve her personal and cultural dignity. "",""slide_5"":"""",""pathway"":"""",""pathway_inputs"":{},""slide_6"":"""",""slide_7"":""""}"
2026-06-17T01:57:05.454Z,A Block (Waugh),JOSH (JOSH),MIKMAW11,Nora Bernard & Shubenacadie Legacy Project,INCREMENTAL_SAVE,"{""slide_1"":""The division of responsibility between Federal (funding) and religious contregations (daily management) meant that no one was 'fully' accountable for problems at the school. When concerns or issues were raised, the government could point to the religious administrators for being the cause, and vice versa. This meant that no one was fully accountable and no one was overseeing conditions at the school fully, which created dangerous conditions for the children.  "",""slide_2"":""The residential school system caused malnourishment and cases of medical neglect for its students, leading to death in the case of 23 students. Many more suffered physical harm that would have impact their quality of life and likely, their lifespans. The schools provided neclect, not care. "",""slide_3"":""Residential school students were stripped of their culture and identity. For many this meant loosing connection to their home communities and support systems. This meant they were finanically and socially vulerable. In future generations, this leads to further poverty and addiction and abuse. "",""slide_4"":""Nora Bernard's legal resistence led to government acknowledgment of the harm caused to residential school survivors, and also led to financial compensation. These are two important types of justice for the survivors. Betty Ross's cultural resilience was a way to preserve her personal and cultural dignity. One "",""slide_5"":"""",""pathway"":"""",""pathway_inputs"":{},""slide_6"":"""",""slide_7"":""""}"
2026-06-17T01:57:15.503Z,A Block (Waugh),JOSH (JOSH),MIKMAW11,Nora Bernard & Shubenacadie Legacy Project,INCREMENTAL_SAVE,"{""slide_1"":""The division of responsibility between Federal (funding) and religious contregations (daily management) meant that no one was 'fully' accountable for problems at the school. When concerns or issues were raised, the government could point to the religious administrators for being the cause, and vice versa. This meant that no one was fully accountable and no one was overseeing conditions at the school fully, which created dangerous conditions for the children.  "",""slide_2"":""The residential school system caused malnourishment and cases of medical neglect for its students, leading to death in the case of 23 students. Many more suffered physical harm that would have impact their quality of life and likely, their lifespans. The schools provided neclect, not care. "",""slide_3"":""Residential school students were stripped of their culture and identity. For many this meant loosing connection to their home communities and support systems. This meant they were finanically and socially vulerable. In future generations, this leads to further poverty and addiction and abuse. "",""slide_4"":""Nora Bernard's legal resistence led to government acknowledgment of the harm caused to residential school survivors, and also led to financial compensation. These are two important types of justice for the survivors. Betty Ross's cultural resilience was a way to preserve her personal and cultural dignity. One approach is very personal and one is "",""slide_5"":"""",""pathway"":"""",""pathway_inputs"":{},""slide_6"":"""",""slide_7"":""""}"
2026-06-17T01:57:24.603Z,A Block (Waugh),JOSH (JOSH),MIKMAW11,Nora Bernard & Shubenacadie Legacy Project,INCREMENTAL_SAVE,"{""slide_1"":""The division of responsibility between Federal (funding) and religious contregations (daily management) meant that no one was 'fully' accountable for problems at the school. When concerns or issues were raised, the government could point to the religious administrators for being the cause, and vice versa. This meant that no one was fully accountable and no one was overseeing conditions at the school fully, which created dangerous conditions for the children.  "",""slide_2"":""The residential school system caused malnourishment and cases of medical neglect for its students, leading to death in the case of 23 students. Many more suffered physical harm that would have impact their quality of life and likely, their lifespans. The schools provided neclect, not care. "",""slide_3"":""Residential school students were stripped of their culture and identity. For many this meant loosing connection to their home communities and support systems. This meant they were finanically and socially vulerable. In future generations, this leads to further poverty and addiction and abuse. "",""slide_4"":""Nora Bernard's legal resistence led to government acknowledgment of the harm caused to residential school survivors, and also led to financial compensation. These are two important types of justice for the survivors. Betty Ross's . cultural resilience was a way to preserve her personal and cultural dignity. One approach is very personal and one is collective"",""slide_5"":"""",""pathway"":"""",""pathway_inputs"":{},""slide_6"":"""",""slide_7"":""""}"
2026-06-17T01:57:31.299Z,A Block (Waugh),JOSH (JOSH),MIKMAW11,Nora Bernard & Shubenacadie Legacy Project,INCREMENTAL_SAVE,"{""slide_1"":""The division of responsibility between Federal (funding) and religious contregations (daily management) meant that no one was 'fully' accountable for problems at the school. When concerns or issues were raised, the government could point to the religious administrators for being the cause, and vice versa. This meant that no one was fully accountable and no one was overseeing conditions at the school fully, which created dangerous conditions for the children.  "",""slide_2"":""The residential school system caused malnourishment and cases of medical neglect for its students, leading to death in the case of 23 students. Many more suffered physical harm that would have impact their quality of life and likely, their lifespans. The schools provided neclect, not care. "",""slide_3"":""Residential school students were stripped of their culture and identity. For many this meant loosing connection to their home communities and support systems. This meant they were finanically and socially vulerable. In future generations, this leads to further poverty and addiction and abuse. "",""slide_4"":""Nora Bernard's legal resistence led to government acknowledgment of the harm caused to residential school survivors, and also led to financial compensation. These are two important types of justice for the survivors. Betty Ross's . cultural resilience was a way to preserve her personal and cultural dignity. One approach is very personal and one is collective. "",""slide_5"":"""",""pathway"":"""",""pathway_inputs"":{},""slide_6"":"""",""slide_7"":""""}"
2026-06-17T01:57:59.513Z,A Block (Waugh),JOSH (JOSH),MIKMAW11,Nora Bernard & Shubenacadie Legacy Project,INCREMENTAL_SAVE,"{""slide_1"":""The division of responsibility between Federal (funding) and religious contregations (daily management) meant that no one was 'fully' accountable for problems at the school. When concerns or issues were raised, the government could point to the religious administrators for being the cause, and vice versa. This meant that no one was fully accountable and no one was overseeing conditions at the school fully, which created dangerous conditions for the children.  "",""slide_2"":""The residential school system caused malnourishment and cases of medical neglect for its students, leading to death in the case of 23 students. Many more suffered physical harm that would have impact their quality of life and likely, their lifespans. The schools provided neclect, not care. "",""slide_3"":""Residential school students were stripped of their culture and identity. For many this meant loosing connection to their home communities and support systems. This meant they were finanically and socially vulerable. In future generations, this leads to further poverty and addiction and abuse. "",""slide_4"":""Nora Bernard's legal resistence led to government acknowledgment of the harm caused to residential school survivors, and also led to financial compensation. These are two important types of justice for the survivors. Betty Ross's . cultural resilience was a way to preserve her personal and cultural dignity. One approach is very personal and one is public. "",""slide_5"":"""",""pathway"":"""",""pathway_inputs"":{},""slide_6"":"""",""slide_7"":""""}"
2026-06-17T01:58:12.830Z,A Block (Waugh),JOSH (JOSH),MIKMAW11,Nora Bernard & Shubenacadie Legacy Project,INCREMENTAL_SAVE,"{""slide_1"":""The division of responsibility between Federal (funding) and religious contregations (daily management) meant that no one was 'fully' accountable for problems at the school. When concerns or issues were raised, the government could point to the religious administrators for being the cause, and vice versa. This meant that no one was fully accountable and no one was overseeing conditions at the school fully, which created dangerous conditions for the children.  "",""slide_2"":""The residential school system caused malnourishment and cases of medical neglect for its students, leading to death in the case of 23 students. Many more suffered physical harm that would have impact their quality of life and likely, their lifespans. The schools provided neclect, not care. "",""slide_3"":""Residential school students were stripped of their culture and identity. For many this meant loosing connection to their home communities and support systems. This meant they were finanically and socially vulerable. In future generations, this leads to further poverty and addiction and abuse. "",""slide_4"":""Nora Bernard's legal resistence led to government acknowledgment of the harm caused to residential school survivors, and also led to financial compensation. These are two important types of justice for the survivors. Betty Ross's . cultural resilience was a way to preserve her personal and cultural dignity. One approach is very personal and one is public and systemic. "",""slide_5"":"""",""pathway"":"""",""pathway_inputs"":{},""slide_6"":"""",""slide_7"":""""}"
2026-06-17T01:58:26.662Z,A Block (Waugh),JOSH (JOSH),MIKMAW11,Nora Bernard & Shubenacadie Legacy Project,INCREMENTAL_SAVE,"{""slide_1"":""The division of responsibility between Federal (funding) and religious contregations (daily management) meant that no one was 'fully' accountable for problems at the school. When concerns or issues were raised, the government could point to the religious administrators for being the cause, and vice versa. This meant that no one was fully accountable and no one was overseeing conditions at the school fully, which created dangerous conditions for the children.  "",""slide_2"":""The residential school system caused malnourishment and cases of medical neglect for its students, leading to death in the case of 23 students. Many more suffered physical harm that would have impact their quality of life and likely, their lifespans. The schools provided neclect, not care. "",""slide_3"":""Residential school students were stripped of their culture and identity. For many this meant loosing connection to their home communities and support systems. This meant they were finanically and socially vulerable. In future generations, this leads to further poverty and addiction and abuse. "",""slide_4"":""Nora Bernard's legal resistence led to government acknowledgment of the harm caused to residential school survivors, and also led to financial compensation. These are two important types of justice for the survivors. Betty Ross's . cultural resilience was a way to preserve her personal and cultural dignity. One approach is very personal and one is public and systemic. The poem \""I lost my talk\"" "",""slide_5"":"""",""pathway"":"""",""pathway_inputs"":{},""slide_6"":"""",""slide_7"":""""}"
2026-06-17T01:58:36.407Z,A Block (Waugh),JOSH (JOSH),MIKMAW11,Nora Bernard & Shubenacadie Legacy Project,INCREMENTAL_SAVE,"{""slide_1"":""The division of responsibility between Federal (funding) and religious contregations (daily management) meant that no one was 'fully' accountable for problems at the school. When concerns or issues were raised, the government could point to the religious administrators for being the cause, and vice versa. This meant that no one was fully accountable and no one was overseeing conditions at the school fully, which created dangerous conditions for the children.  "",""slide_2"":""The residential school system caused malnourishment and cases of medical neglect for its students, leading to death in the case of 23 students. Many more suffered physical harm that would have impact their quality of life and likely, their lifespans. The schools provided neclect, not care. "",""slide_3"":""Residential school students were stripped of their culture and identity. For many this meant loosing connection to their home communities and support systems. This meant they were finanically and socially vulerable. In future generations, this leads to further poverty and addiction and abuse. "",""slide_4"":""Nora Bernard's legal resistence led to government acknowledgment of the harm caused to residential school survivors, and also led to financial compensation. These are two important types of justice for the survivors. Betty Ross's . cultural resilience was a way to preserve her personal and cultural dignity. One approach is very personal and one is public and systemic. The poem \""I lost my talk\"" deals with both types. "",""slide_5"":"""",""pathway"":"""",""pathway_inputs"":{},""slide_6"":"""",""slide_7"":""""}"
2026-06-17T01:59:58.295Z,A Block (Waugh),JOSH (JOSH),MIKMAW11,Nora Bernard & Shubenacadie Legacy Project,INCREMENTAL_SAVE,"{""slide_1"":""The division of responsibility between Federal (funding) and religious contregations (daily management) meant that no one was 'fully' accountable for problems at the school. When concerns or issues were raised, the government could point to the religious administrators for being the cause, and vice versa. This meant that no one was fully accountable and no one was overseeing conditions at the school fully, which created dangerous conditions for the children.  "",""slide_2"":""The residential school system caused malnourishment and cases of medical neglect for its students, leading to death in the case of 23 students. Many more suffered physical harm that would have impact their quality of life and likely, their lifespans. The schools provided neclect, not care. "",""slide_3"":""Residential school students were stripped of their culture and identity. For many this meant loosing connection to their home communities and support systems. This meant they were finanically and socially vulerable. In future generations, this leads to further poverty and addiction and abuse. "",""slide_4"":""Nora Bernard's legal resistence led to government acknowledgment of the harm caused to residential school survivors, and also led to financial compensation. These are two important types of justice for the survivors. Betty Ross's . cultural resilience was a way to preserve her personal and cultural dignity. One approach is very personal and one is public and systemic. The poem \""I lost my talk\"" deals with both types - it talks about personal loss of culture, but also "",""slide_5"":"""",""pathway"":"""",""pathway_inputs"":{},""slide_6"":"""",""slide_7"":""""}"
2026-06-17T02:00:09.966Z,A Block (Waugh),JOSH (JOSH),MIKMAW11,Nora Bernard & Shubenacadie Legacy Project,INCREMENTAL_SAVE,"{""slide_1"":""The division of responsibility between Federal (funding) and religious contregations (daily management) meant that no one was 'fully' accountable for problems at the school. When concerns or issues were raised, the government could point to the religious administrators for being the cause, and vice versa. This meant that no one was fully accountable and no one was overseeing conditions at the school fully, which created dangerous conditions for the children.  "",""slide_2"":""The residential school system caused malnourishment and cases of medical neglect for its students, leading to death in the case of 23 students. Many more suffered physical harm that would have impact their quality of life and likely, their lifespans. The schools provided neclect, not care. "",""slide_3"":""Residential school students were stripped of their culture and identity. For many this meant loosing connection to their home communities and support systems. This meant they were finanically and socially vulerable. In future generations, this leads to further poverty and addiction and abuse. "",""slide_4"":""Nora Bernard's legal resistence led to government acknowledgment of the harm caused to residential school survivors, and also led to financial compensation. These are two important types of justice for the survivors. Betty Ross's . cultural resilience was a way to preserve her personal and cultural dignity. One approach is very personal and one is public and systemic. The poem \""I lost my talk\"" deals with both types - it talks about personal loss of culture, but also speaks broadly to systemic "",""slide_5"":"""",""pathway"":"""",""pathway_inputs"":{},""slide_6"":"""",""slide_7"":""""}"
2026-06-17T02:00:16.862Z,A Block (Waugh),JOSH (JOSH),MIKMAW11,Nora Bernard & Shubenacadie Legacy Project,INCREMENTAL_SAVE,"{""slide_1"":""The division of responsibility between Federal (funding) and religious contregations (daily management) meant that no one was 'fully' accountable for problems at the school. When concerns or issues were raised, the government could point to the religious administrators for being the cause, and vice versa. This meant that no one was fully accountable and no one was overseeing conditions at the school fully, which created dangerous conditions for the children.  "",""slide_2"":""The residential school system caused malnourishment and cases of medical neglect for its students, leading to death in the case of 23 students. Many more suffered physical harm that would have impact their quality of life and likely, their lifespans. The schools provided neclect, not care. "",""slide_3"":""Residential school students were stripped of their culture and identity. For many this meant loosing connection to their home communities and support systems. This meant they were finanically and socially vulerable. In future generations, this leads to further poverty and addiction and abuse. "",""slide_4"":""Nora Bernard's legal resistence led to government acknowledgment of the harm caused to residential school survivors, and also led to financial compensation. These are two important types of justice for the survivors. Betty Ross's . cultural resilience was a way to preserve her personal and cultural dignity. One approach is very personal and one is public and systemic. The poem \""I lost my talk\"" deals with both types - it talks about personal loss of culture, but also speaks broadly to systemic "",""slide_5"":"""",""pathway"":"""",""pathway_inputs"":{},""slide_6"":"""",""slide_7"":""""}"
2026-06-17T02:00:36.166Z,A Block (Waugh),JOSH (JOSH),MIKMAW11,Nora Bernard & Shubenacadie Legacy Project,INCREMENTAL_SAVE,"{""slide_1"":""The division of responsibility between Federal (funding) and religious contregations (daily management) meant that no one was 'fully' accountable for problems at the school. When concerns or issues were raised, the government could point to the religious administrators for being the cause, and vice versa. This meant that no one was fully accountable and no one was overseeing conditions at the school fully, which created dangerous conditions for the children.  "",""slide_2"":""The residential school system caused malnourishment and cases of medical neglect for its students, leading to death in the case of 23 students. Many more suffered physical harm that would have impact their quality of life and likely, their lifespans. The schools provided neclect, not care. "",""slide_3"":""Residential school students were stripped of their culture and identity. For many this meant loosing connection to their home communities and support systems. This meant they were finanically and socially vulerable. In future generations, this leads to further poverty and addiction and abuse. "",""slide_4"":""Nora Bernard's legal resistence led to government acknowledgment of the harm caused to residential school survivors, and also led to financial compensation. These are two important types of justice for the survivors. Betty Ross's . cultural resilience was a way to preserve her personal and cultural dignity. One approach is very personal and one is public and systemic. The poem \""I lost my talk\"" deals with both types - it talks about personal loss of culture, but also speaks broadly to the public policy that caused her loss. "",""slide_5"":"""",""pathway"":"""",""pathway_inputs"":{},""slide_6"":"""",""slide_7"":""""}"
2026-06-17T02:00:42.600Z,A Block (Waugh),JOSH (JOSH),MIKMAW11,Nora Bernard & Shubenacadie Legacy Project,INCREMENTAL_SAVE,"{""slide_1"":""The division of responsibility between Federal (funding) and religious contregations (daily management) meant that no one was 'fully' accountable for problems at the school. When concerns or issues were raised, the government could point to the religious administrators for being the cause, and vice versa. This meant that no one was fully accountable and no one was overseeing conditions at the school fully, which created dangerous conditions for the children.  "",""slide_2"":""The residential school system caused malnourishment and cases of medical neglect for its students, leading to death in the case of 23 students. Many more suffered physical harm that would have impact their quality of life and likely, their lifespans. The schools provided neclect, not care. "",""slide_3"":""Residential school students were stripped of their culture and identity. For many this meant loosing connection to their home communities and support systems. This meant they were finanically and socially vulerable. In future generations, this leads to further poverty and addiction and abuse. "",""slide_4"":""Nora Bernard's legal resistence led to government acknowledgment of the harm caused to residential school survivors, and also led to financial compensation. These are two important types of justice for the survivors. Betty Ross's . cultural resilience was a way to preserve her personal and cultural dignity. One approach is very personal and one is public and systemic. The poem \""I lost my talk\"" deals with both types - it talks about personal loss of culture, but also speaks to the public policy that caused her loss. "",""slide_5"":"""",""pathway"":"""",""pathway_inputs"":{},""slide_6"":"""",""slide_7"":""""}"
2026-06-17T02:00:49.765Z,A Block (Waugh),JOSH (JOSH),MIKMAW11,Nora Bernard & Shubenacadie Legacy Project,INCREMENTAL_SAVE,"{""slide_1"":""The division of responsibility between Federal (funding) and religious contregations (daily management) meant that no one was 'fully' accountable for problems at the school. When concerns or issues were raised, the government could point to the religious administrators for being the cause, and vice versa. This meant that no one was fully accountable and no one was overseeing conditions at the school fully, which created dangerous conditions for the children.  "",""slide_2"":""The residential school system caused malnourishment and cases of medical neglect for its students, leading to death in the case of 23 students. Many more suffered physical harm that would have impact their quality of life and likely, their lifespans. The schools provided neclect, not care. "",""slide_3"":""Residential school students were stripped of their culture and identity. For many this meant loosing connection to their home communities and support systems. This meant they were finanically and socially vulerable. In future generations, this leads to further poverty and addiction and abuse. "",""slide_4"":""Nora Bernard's legal resistence led to government acknowledgment of the harm caused to residential school survivors, and also led to financial compensation. These are two important types of justice for the survivors. Betty Ross's . cultural resilience was a way to preserve her personal and cultural dignity. One approach is very personal and one is public and systemic. The poem \""I lost my talk\"" deals with both types - it talks about personal loss of culture, but also the public policy that caused her loss. "",""slide_5"":"""",""pathway"":"""",""pathway_inputs"":{},""slide_6"":"""",""slide_7"":""""}"
2026-06-17T02:01:02.545Z,A Block (Waugh),JOSH (JOSH),MIKMAW11,Nora Bernard & Shubenacadie Legacy Project,INCREMENTAL_SAVE,"{""slide_1"":""The division of responsibility between Federal (funding) and religious contregations (daily management) meant that no one was 'fully' accountable for problems at the school. When concerns or issues were raised, the government could point to the religious administrators for being the cause, and vice versa. This meant that no one was fully accountable and no one was overseeing conditions at the school fully, which created dangerous conditions for the children.  "",""slide_2"":""The residential school system caused malnourishment and cases of medical neglect for its students, leading to death in the case of 23 students. Many more suffered physical harm that would have impact their quality of life and likely, their lifespans. The schools provided neclect, not care. "",""slide_3"":""Residential school students were stripped of their culture and identity. For many this meant loosing connection to their home communities and support systems. This meant they were finanically and socially vulerable. In future generations, this leads to further poverty and addiction and abuse. "",""slide_4"":""Nora Bernard's legal resistence led to government acknowledgment of the harm caused to residential school survivors, and also led to financial compensation. These are two important types of justice for the survivors. Betty Ross's . cultural resilience was a way to preserve her personal and cultural dignity. One approach is very personal and one is public and systemic. The poem \""I lost my talk\"" deals with both types - it talks about personal loss of culture, but also is about the public policy that caused her loss. "",""slide_5"":"""",""pathway"":"""",""pathway_inputs"":{},""slide_6"":"""",""slide_7"":""""}"
Timestamp,Block,Student,Status,Subject,Simulation,Data
"6/17/2026, 2:01:19 PM",A Block (Waugh),MATEO (YOLO),MIKMAW11,Independent Project - Description Draft,FINAL_SUBMISSION,"{""title"":"""",""description"":""Test w2""}"
"6/17/2026, 2:01:19 PM",A Block (Waugh),MATEO (YOLO),MIKMAW11,Independent Project - Description Draft,FINAL_SUBMISSION,"{""title"":"""",""description"":""Test w2""}"
"6/17/2026, 2:02:12 PM",A Block (Waugh),MATEO (YOLO),MIKMAW11,Independent Project - Description Draft,FINAL_SUBMISSION,"{""title"":"""",""description"":""Test TWESSSSGGT""}"
"6/17/2026, 2:06:30 PM",A Block (Waugh),MATEO (YOLO),MIKMAW11,Independent Project - Description Draft,FINAL_SUBMISSION,"{""title"":"""",""description"":""This is about the portrayal of indigenous people in the media. I've incorporated elements including the 60s scoop, when they were made promises about housing but these ended up untrue. In the piece, the indigenous character is aiming a remote at the TV but the TV is shooting back with a gun. This represents media portrayal.""}"
2026-06-18T00:31:07.916Z,A Block (Waugh),JOSH (JOSH),MIKMAW11,Nora Bernard & Shubenacadie Legacy Project,INCREMENTAL_SAVE,"{""slide_1"":""The division of responsibility between Federal (funding) and religious contregations (daily management) meant that no one was 'fully' accountable for problems at the school. When concerns or issues were raised, the government could point to the religious administrators for being the cause, and vice versa. This meant that no one was fully accountable and no one was overseeing conditions at the school fully, which created dangerous conditions for the children.  "",""slide_2"":""The residential school system caused malnourishment and cases of medical neglect for its students, leading to death in the case of 23 students. Many more suffered physical harm that would have impact their quality of life and likely, their lifespans. The schools provided neclect, not care. "",""slide_3"":""Residential school students were stripped of their culture and identity. For many this meant loosing connection to their home communities and support systems. This meant they were finanically and socially vulerable. In future generations, this leads to further poverty and addiction and abuse. "",""slide_4"":""Nora Bernard's legal resistence resulted in government acknowledgment of the harm caused to residential school survivors, and also led to financial compensation. These are two important types of justice for the survivors. Betty Ross's . cultural resilience was a way to preserve her personal and cultural dignity. One approach is very personal and one is public and systemic. The poem \""I lost my talk\"" deals with both types - it talks about personal loss of culture, but also is about the public policy that caused her loss. "",""slide_5"":"""",""pathway"":"""",""pathway_inputs"":{},""slide_6"":"""",""slide_7"":""""}"
2026-06-18T00:31:08.587Z,A Block (Waugh),JOSH (JOSH),MIKMAW11,Nora Bernard & Shubenacadie Legacy Project,INCREMENTAL_SAVE,"{""slide_1"":""The division of responsibility between Federal (funding) and religious contregations (daily management) meant that no one was 'fully' accountable for problems at the school. When concerns or issues were raised, the government could point to the religious administrators for being the cause, and vice versa. This meant that no one was fully accountable and no one was overseeing conditions at the school fully, which created dangerous conditions for the children.  "",""slide_2"":""The residential school system caused malnourishment and cases of medical neglect for its students, leading to death in the case of 23 students. Many more suffered physical harm that would have impact their quality of life and likely, their lifespans. The schools provided neclect, not care. "",""slide_3"":""Residential school students were stripped of their culture and identity. For many this meant loosing connection to their home communities and support systems. This meant they were finanically and socially vulerable. In future generations, this leads to further poverty and addiction and abuse. "",""slide_4"":""Nora Bernard's legal resistence resulted in government acknowledgment of the harm caused to residential school survivors, and also led to financial compensation. These are two important types of justice for the survivors. Betty Ross's . cultural resilience was a way to preserve her personal and cultural dignity. One approach is very personal and one is public and systemic. The poem \""I lost my talk\"" deals with both types - it talks about personal loss of culture, but also is about the public policy that caused her loss. "",""slide_5"":"""",""pathway"":"""",""pathway_inputs"":{},""slide_6"":"""",""slide_7"":""""}"
2026-06-18T00:31:21.702Z,A Block (Waugh),JOSH (JOSH),MIKMAW11,Nora Bernard & Shubenacadie Legacy Project,INCREMENTAL_SAVE,"{""slide_1"":""The division of responsibility between Federal (funding) and religious contregations (daily management) meant that no one was 'fully' accountable for problems at the school. When concerns or issues were raised, the government could point to the religious administrators for being the cause, and vice versa. This meant that no one was fully accountable and no one was overseeing conditions at the school fully, which created dangerous conditions for the children.  "",""slide_2"":""The residential school system caused malnourishment and cases of medical neglect for its students, leading to death in the case of 23 students. Many more suffered physical harm that would have impact their quality of life and likely, their lifespans. The schools provided neclect, not care. "",""slide_3"":""Residential school students were stripped of their culture and identity. For many this meant loosing connection to their home communities and support systems. This meant they were finanically and socially vulerable. In future generations, this leads to further poverty and addiction and abuse. "",""slide_4"":""Nora Bernard's legal resistence resulted in government acknowledgment of the harm caused to residential school survivord. It also led to financial compensation. These are two important types of justice for the survivors. Betty Ross's . cultural resilience was a way to preserve her personal and cultural dignity. One approach is very personal and one is public and systemic. The poem \""I lost my talk\"" deals with both types - it talks about personal loss of culture, but also is about the public policy that caused her loss. "",""slide_5"":"""",""pathway"":"""",""pathway_inputs"":{},""slide_6"":"""",""slide_7"":""""}"
2026-06-18T00:31:29.529Z,A Block (Waugh),JOSH (JOSH),MIKMAW11,Nora Bernard & Shubenacadie Legacy Project,INCREMENTAL_SAVE,"{""slide_1"":""The division of responsibility between Federal (funding) and religious contregations (daily management) meant that no one was 'fully' accountable for problems at the school. When concerns or issues were raised, the government could point to the religious administrators for being the cause, and vice versa. This meant that no one was fully accountable and no one was overseeing conditions at the school fully, which created dangerous conditions for the children.  "",""slide_2"":""The residential school system caused malnourishment and cases of medical neglect for its students, leading to death in the case of 23 students. Many more suffered physical harm that would have impact their quality of life and likely, their lifespans. The schools provided neclect, not care. "",""slide_3"":""Residential school students were stripped of their culture and identity. For many this meant loosing connection to their home communities and support systems. This meant they were finanically and socially vulerable. In future generations, this leads to further poverty and addiction and abuse. "",""slide_4"":""Nora Bernard's legal resistence resulted in government acknowledgment of the harm caused to residential school survivord. It also resulted in financial compensation. These are two important types of justice for the survivors. Betty Ross's . cultural resilience was a way to preserve her personal and cultural dignity. One approach is very personal and one is public and systemic. The poem \""I lost my talk\"" deals with both types - it talks about personal loss of culture, but also is about the public policy that caused her loss. "",""slide_5"":"""",""pathway"":"""",""pathway_inputs"":{},""slide_6"":"""",""slide_7"":""""}"
2026-06-18T00:31:43.489Z,A Block (Waugh),JOSH (JOSH),MIKMAW11,Nora Bernard & Shubenacadie Legacy Project,INCREMENTAL_SAVE,"{""slide_1"":""The division of responsibility between Federal (funding) and religious contregations (daily management) meant that no one was 'fully' accountable for problems at the school. When concerns or issues were raised, the government could point to the religious administrators for being the cause, and vice versa. This meant that no one was fully accountable and no one was overseeing conditions at the school fully, which created dangerous conditions for the children.  "",""slide_2"":""The residential school system caused malnourishment and cases of medical neglect for its students, leading to death in the case of 23 students. Many more suffered physical harm that would have impact their quality of life and likely, their lifespans. The schools provided neclect, not care. "",""slide_3"":""Residential school students were stripped of their culture and identity. For many this meant loosing connection to their home communities and support systems. This meant they were finanically and socially vulerable. In future generations, this leads to further poverty and addiction and abuse. "",""slide_4"":""Nora Bernard's legal resistence resulted in government acknowledgment of the harm caused to residential school survivord. It also resulted in financial compensation. These are two important types of justice for the survivors. Betty Ross's cultural resilience was a way to preserve her personal and cultural dignity. One approach is very personal and one is public and systemic. The poem \""I lost my talk\"" deals with both types - it talks about personal loss of culture, but also is about the public policy that caused her loss. "",""slide_5"":"""",""pathway"":"""",""pathway_inputs"":{},""slide_6"":"""",""slide_7"":""""}"
2026-06-18T00:31:54.282Z,A Block (Waugh),JOSH (JOSH),MIKMAW11,Nora Bernard & Shubenacadie Legacy Project,INCREMENTAL_SAVE,"{""slide_1"":""The division of responsibility between Federal (funding) and religious contregations (daily management) meant that no one was 'fully' accountable for problems at the school. When concerns or issues were raised, the government could point to the religious administrators for being the cause, and vice versa. This meant that no one was fully accountable and no one was overseeing conditions at the school fully, which created dangerous conditions for the children.  "",""slide_2"":""The residential school system caused malnourishment and cases of medical neglect for its students, leading to death in the case of 23 students. Many more suffered physical harm that would have impact their quality of life and likely, their lifespans. The schools provided neclect, not care. "",""slide_3"":""Residential school students were stripped of their culture and identity. For many this meant loosing connection to their home communities and support systems. This meant they were finanically and socially vulerable. In future generations, this leads to further poverty and addiction and abuse. "",""slide_4"":""Nora Bernard's legal resistence resulted in government acknowledgment of the harm caused to residential school survivord. It also resulted in financial compensation. These are two important types of justice for the survivors. Betty Ross's cultural resilience protected her personal and cultural dignity. One approach is very personal and one is public and systemic. The poem \""I lost my talk\"" deals with both types - it talks about personal loss of culture, but also is about the public policy that caused her loss. "",""slide_5"":"""",""pathway"":"""",""pathway_inputs"":{},""slide_6"":"""",""slide_7"":""""}"
2026-06-18T00:32:22.633Z,A Block (Waugh),JOSH (JOSH),MIKMAW11,Nora Bernard & Shubenacadie Legacy Project,INCREMENTAL_SAVE,"{""slide_1"":""The division of responsibility between Federal (funding) and religious contregations (daily management) meant that no one was 'fully' accountable for problems at the school. When concerns or issues were raised, the government could point to the religious administrators for being the cause, and vice versa. This meant that no one was fully accountable and no one was overseeing conditions at the school fully, which created dangerous conditions for the children.  "",""slide_2"":""The residential school system caused malnourishment and cases of medical neglect for its students, leading to death in the case of 23 students. Many more suffered physical harm that would have impact their quality of life and likely, their lifespans. The schools provided neclect, not care. "",""slide_3"":""Residential school students were stripped of their culture and identity. For many this meant loosing connection to their home communities and support systems. This meant they were finanically and socially vulerable. In future generations, this leads to further poverty and addiction and abuse. "",""slide_4"":""Nora Bernard's legal resistence resulted in government acknowledgment of the harm caused to residential school survivord. It also resulted in financial compensation. These are two important types of justice for the survivors. Betty Ross's cultural resilience protected her personal and cultural dignity. One approach is very personal and one is public and affects many people. The poem \""I lost my talk\"" deals with both types - it talks about personal loss of culture, but also is about the public policy that caused her loss. "",""slide_5"":"""",""pathway"":"""",""pathway_inputs"":{},""slide_6"":"""",""slide_7"":""""}"
2026-06-18T00:32:35.770Z,A Block (Waugh),JOSH (JOSH),MIKMAW11,Nora Bernard & Shubenacadie Legacy Project,INCREMENTAL_SAVE,"{""slide_1"":""The division of responsibility between Federal (funding) and religious contregations (daily management) meant that no one was 'fully' accountable for problems at the school. When concerns or issues were raised, the government could point to the religious administrators for being the cause, and vice versa. This meant that no one was fully accountable and no one was overseeing conditions at the school fully, which created dangerous conditions for the children.  "",""slide_2"":""The residential school system caused malnourishment and cases of medical neglect for its students, leading to death in the case of 23 students. Many more suffered physical harm that would have impact their quality of life and likely, their lifespans. The schools provided neclect, not care. "",""slide_3"":""Residential school students were stripped of their culture and identity. For many this meant loosing connection to their home communities and support systems. This meant they were finanically and socially vulerable. In future generations, this leads to further poverty and addiction and abuse. "",""slide_4"":""Nora Bernard's legal resistence resulted in government acknowledgment of the harm caused to residential school survivord. It also resulted in financial compensation. These are two important types of justice for the survivors. Betty Ross's cultural resilience protected her personal and cultural dignity. One approach is very personal and one is public and affects many people. The poem \""I lost my talk\"" deals with both types - it talks about personal loss of culture, but also is about the public policy that caused her loss. "",""slide_5"":"""",""pathway"":"""",""pathway_inputs"":{},""slide_6"":"""",""slide_7"":""""}"
2026-06-18T00:34:38.365Z,A Block (Waugh),JOSH (JOSH),MIKMAW11,Nora Bernard & Shubenacadie Legacy Project,INCREMENTAL_SAVE,"{""slide_1"":""The division of responsibility between Federal (funding) and religious contregations (daily management) meant that no one was 'fully' accountable for problems at the school. When concerns or issues were raised, the government could point to the religious administrators for being the cause, and vice versa. This meant that no one was fully accountable and no one was overseeing conditions at the school fully, which created dangerous conditions for the children.  "",""slide_2"":""The residential school system caused malnourishment and cases of medical neglect for its students, leading to death in the case of 23 students. Many more suffered physical harm that would have impact their quality of life and likely, their lifespans. The schools provided neglect and not care. "",""slide_3"":""Residential school students were stripped of their culture and identity. For many this meant loosing connection to their home communities and support systems. This meant they were finanically and socially vulerable. In future generations, this leads to further poverty and addiction and abuse. "",""slide_4"":""Nora Bernard's legal resistence resulted in government acknowledgment of the harm caused to residential school survivord. It also resulted in financial compensation. These are two important types of justice for the survivors. Betty Ross's cultural resilience protected her personal and cultural dignity. One approach is very personal and one is public and affects many people. The poem \""I lost my talk\"" deals with both types - it talks about personal loss of culture, but also is about the public policy that caused her loss. "",""slide_5"":"""",""pathway"":"""",""pathway_inputs"":{},""slide_6"":"""",""slide_7"":""""}"
2026-06-18T00:34:52.981Z,A Block (Waugh),JOSH (JOSH),MIKMAW11,Nora Bernard & Shubenacadie Legacy Project,INCREMENTAL_SAVE,"{""slide_1"":""The division of responsibility between Federal (funding) and religious contregations (daily management) meant that no one was 'fully' accountable for problems at the school. When concerns or issues were raised, the government could point to the religious administrators for being the cause, and vice versa. This meant that no one was fully accountable and no one was overseeing conditions at the school fully, which created dangerous conditions for the children.  "",""slide_2"":""The residential school system caused malnourishment and cases of medical neglect for its students, leading to death in the case of 23 students. Many more suffered physical harm that impacted their quality of life and likely, their lifespans. The schools provided neglect and not care. "",""slide_3"":""Residential school students were stripped of their culture and identity. For many this meant loosing connection to their home communities and support systems. This meant they were finanically and socially vulerable. In future generations, this leads to further poverty and addiction and abuse. "",""slide_4"":""Nora Bernard's legal resistence resulted in government acknowledgment of the harm caused to residential school survivord. It also resulted in financial compensation. These are two important types of justice for the survivors. Betty Ross's cultural resilience protected her personal and cultural dignity. One approach is very personal and one is public and affects many people. The poem \""I lost my talk\"" deals with both types - it talks about personal loss of culture, but also is about the public policy that caused her loss. "",""slide_5"":"""",""pathway"":"""",""pathway_inputs"":{},""slide_6"":"""",""slide_7"":""""}"
2026-06-18T00:35:02.618Z,A Block (Waugh),JOSH (JOSH),MIKMAW11,Nora Bernard & Shubenacadie Legacy Project,INCREMENTAL_SAVE,"{""slide_1"":""The division of responsibility between Federal (funding) and religious contregations (daily management) meant that no one was 'fully' accountable for problems at the school. When concerns or issues were raised, the government could point to the religious administrators for being the cause, and vice versa. This meant that no one was fully accountable and no one was overseeing conditions at the school fully, which created dangerous conditions for the children.  "",""slide_2"":""The residential school system caused malnourishment and cases of medical neglect for its students, leading to death in the case of 23 students. Many more suffered physical and mental harm that impacted their quality of life and likely, their lifespans. The schools provided neglect and not care. "",""slide_3"":""Residential school students were stripped of their culture and identity. For many this meant loosing connection to their home communities and support systems. This meant they were finanically and socially vulerable. In future generations, this leads to further poverty and addiction and abuse. "",""slide_4"":""Nora Bernard's legal resistence resulted in government acknowledgment of the harm caused to residential school survivord. It also resulted in financial compensation. These are two important types of justice for the survivors. Betty Ross's cultural resilience protected her personal and cultural dignity. One approach is very personal and one is public and affects many people. The poem \""I lost my talk\"" deals with both types - it talks about personal loss of culture, but also is about the public policy that caused her loss. "",""slide_5"":"""",""pathway"":"""",""pathway_inputs"":{},""slide_6"":"""",""slide_7"":""""}"
2026-06-18T00:35:07.532Z,A Block (Waugh),JOSH (JOSH),MIKMAW11,Nora Bernard & Shubenacadie Legacy Project,INCREMENTAL_SAVE,"{""slide_1"":""The division of responsibility between Federal (funding) and religious contregations (daily management) meant that no one was 'fully' accountable for problems at the school. When concerns or issues were raised, the government could point to the religious administrators for being the cause, and vice versa. This meant that no one was fully accountable and no one was overseeing conditions at the school fully, which created dangerous conditions for the children.  "",""slide_2"":""The residential school system caused malnourishment and cases of medical neglect for its students, leading to death in the case of 23 students. Many more suffered physical and mental harm that impacted their quality of lifes. The schools provided neglect and not care. "",""slide_3"":""Residential school students were stripped of their culture and identity. For many this meant loosing connection to their home communities and support systems. This meant they were finanically and socially vulerable. In future generations, this leads to further poverty and addiction and abuse. "",""slide_4"":""Nora Bernard's legal resistence resulted in government acknowledgment of the harm caused to residential school survivord. It also resulted in financial compensation. These are two important types of justice for the survivors. Betty Ross's cultural resilience protected her personal and cultural dignity. One approach is very personal and one is public and affects many people. The poem \""I lost my talk\"" deals with both types - it talks about personal loss of culture, but also is about the public policy that caused her loss. "",""slide_5"":"""",""pathway"":"""",""pathway_inputs"":{},""slide_6"":"""",""slide_7"":""""}"
2026-06-18T00:35:19.514Z,A Block (Waugh),JOSH (JOSH),MIKMAW11,Nora Bernard & Shubenacadie Legacy Project,INCREMENTAL_SAVE,"{""slide_1"":""The division of responsibility between Federal (funding) and religious contregations (daily management) meant that no one was 'fully' accountable for problems at the school. When concerns or issues were raised, the government could point to the religious administrators for being the cause, and vice versa. This meant that no one was fully accountable and no one was overseeing conditions at the school fully, which created dangerous conditions for the children.  "",""slide_2"":""The residential school system caused malnourishment and cases of medical neglect for its students, leading to death in the case of 23 students. Many more suffered physical and mental harm that impacted their quality of life after they left the school. The schools provided neglect and not care. "",""slide_3"":""Residential school students were stripped of their culture and identity. For many this meant loosing connection to their home communities and support systems. This meant they were finanically and socially vulerable. In future generations, this leads to further poverty and addiction and abuse. "",""slide_4"":""Nora Bernard's legal resistence resulted in government acknowledgment of the harm caused to residential school survivord. It also resulted in financial compensation. These are two important types of justice for the survivors. Betty Ross's cultural resilience protected her personal and cultural dignity. One approach is very personal and one is public and affects many people. The poem \""I lost my talk\"" deals with both types - it talks about personal loss of culture, but also is about the public policy that caused her loss. "",""slide_5"":"""",""pathway"":"""",""pathway_inputs"":{},""slide_6"":"""",""slide_7"":""""}"
2026-06-18T00:35:23.236Z,A Block (Waugh),JOSH (JOSH),MIKMAW11,Nora Bernard & Shubenacadie Legacy Project,INCREMENTAL_SAVE,"{""slide_1"":""The division of responsibility between Federal (funding) and religious contregations (daily management) meant that no one was 'fully' accountable for problems at the school. When concerns or issues were raised, the government could point to the religious administrators for being the cause, and vice versa. This meant that no one was fully accountable and no one was overseeing conditions at the school fully, which created dangerous conditions for the children.  "",""slide_2"":""The residential school system caused malnourishment and cases of medical neglect for its students, leading to death in the case of 23 students. Many more suffered physical and mental harm that impacted their quality of life after they left the school. The schools provided neglect and not care. "",""slide_3"":""Residential school students were stripped of their culture and identity. For many this meant loosing connection to their home communities and support systems. This meant they were finanically and socially vulerable. In future generations, this leads to further poverty and addiction and abuse. "",""slide_4"":""Nora Bernard's legal resistence resulted in government acknowledgment of the harm caused to residential school survivord. It also resulted in financial compensation. These are two important types of justice for the survivors. Betty Ross's cultural resilience protected her personal and cultural dignity. One approach is very personal and one is public and affects many people. The poem \""I lost my talk\"" deals with both types - it talks about personal loss of culture, but also is about the public policy that caused her loss. "",""slide_5"":"""",""pathway"":"""",""pathway_inputs"":{},""slide_6"":"""",""slide_7"":""""}"
2026-06-18T00:35:48.226Z,A Block (Waugh),JOSH (JOSH),MIKMAW11,Nora Bernard & Shubenacadie Legacy Project,INCREMENTAL_SAVE,"{""slide_1"":""The division of responsibility between Federal goverment (funding) and religious contregations (daily management) meant that no one was 'fully' accountable for problems at the school. When concerns or issues were raised, the government could point to the religious administrators for being the cause, and vice versa. This meant that no one was fully accountable and no one was overseeing conditions at the school fully, which created dangerous conditions for the children.  "",""slide_2"":""The residential school system caused malnourishment and cases of medical neglect for its students, leading to death in the case of 23 students. Many more suffered physical and mental harm that impacted their quality of life after they left the school. The schools provided neglect and not care. "",""slide_3"":""Residential school students were stripped of their culture and identity. For many this meant loosing connection to their home communities and support systems. This meant they were finanically and socially vulerable. In future generations, this leads to further poverty and addiction and abuse. "",""slide_4"":""Nora Bernard's legal resistence resulted in government acknowledgment of the harm caused to residential school survivord. It also resulted in financial compensation. These are two important types of justice for the survivors. Betty Ross's cultural resilience protected her personal and cultural dignity. One approach is very personal and one is public and affects many people. The poem \""I lost my talk\"" deals with both types - it talks about personal loss of culture, but also is about the public policy that caused her loss. "",""slide_5"":"""",""pathway"":"""",""pathway_inputs"":{},""slide_6"":"""",""slide_7"":""""}"
2026-06-18T00:36:02.548Z,A Block (Waugh),JOSH (JOSH),MIKMAW11,Nora Bernard & Shubenacadie Legacy Project,INCREMENTAL_SAVE,"{""slide_1"":""The division of responsibility between Federal goverment (funding) and religious contregations (daily management) meant that no one was 'fully' accountable for problems at the school. When concerns or issues were raised, the government could point to the religious administrators for being the cause. This meant that no one was fully accountable and no one was overseeing conditions at the school fully, which created dangerous conditions for the children.  "",""slide_2"":""The residential school system caused malnourishment and cases of medical neglect for its students, leading to death in the case of 23 students. Many more suffered physical and mental harm that impacted their quality of life after they left the school. The schools provided neglect and not care. "",""slide_3"":""Residential school students were stripped of their culture and identity. For many this meant loosing connection to their home communities and support systems. This meant they were finanically and socially vulerable. In future generations, this leads to further poverty and addiction and abuse. "",""slide_4"":""Nora Bernard's legal resistence resulted in government acknowledgment of the harm caused to residential school survivord. It also resulted in financial compensation. These are two important types of justice for the survivors. Betty Ross's cultural resilience protected her personal and cultural dignity. One approach is very personal and one is public and affects many people. The poem \""I lost my talk\"" deals with both types - it talks about personal loss of culture, but also is about the public policy that caused her loss. "",""slide_5"":"""",""pathway"":"""",""pathway_inputs"":{},""slide_6"":"""",""slide_7"":""""}"
2026-06-18T00:36:22.715Z,A Block (Waugh),JOSH (JOSH),MIKMAW11,Nora Bernard & Shubenacadie Legacy Project,INCREMENTAL_SAVE,"{""slide_1"":""The division of responsibility between Federal goverment (funding) and religious contregations (daily management) meant that no one was 'fully' accountable for problems at the school. When concerns or issues were raised, the government could point to the religious administrators for being the cause snd . This meant that no one was fully accountable and no one was overseeing conditions at the school fully, which created dangerous conditions for the children.  "",""slide_2"":""The residential school system caused malnourishment and cases of medical neglect for its students, leading to death in the case of 23 students. Many more suffered physical and mental harm that impacted their quality of life after they left the school. The schools provided neglect and not care. "",""slide_3"":""Residential school students were stripped of their culture and identity. For many this meant loosing connection to their home communities and support systems. This meant they were finanically and socially vulerable. In future generations, this leads to further poverty and addiction and abuse. "",""slide_4"":""Nora Bernard's legal resistence resulted in government acknowledgment of the harm caused to residential school survivord. It also resulted in financial compensation. These are two important types of justice for the survivors. Betty Ross's cultural resilience protected her personal and cultural dignity. One approach is very personal and one is public and affects many people. The poem \""I lost my talk\"" deals with both types - it talks about personal loss of culture, but also is about the public policy that caused her loss. "",""slide_5"":"""",""pathway"":"""",""pathway_inputs"":{},""slide_6"":"""",""slide_7"":""""}"
2026-06-18T00:36:26.730Z,A Block (Waugh),JOSH (JOSH),MIKMAW11,Nora Bernard & Shubenacadie Legacy Project,INCREMENTAL_SAVE,"{""slide_1"":""The division of responsibility between Federal goverment (funding) and religious contregations (daily management) meant that no one was 'fully' accountable for problems at the school. When concerns or issues were raised, the government could point to the religious administrators for being the cause. This meant that no one was fully accountable and no one was overseeing conditions at the school fully, which created dangerous conditions for the children.  "",""slide_2"":""The residential school system caused malnourishment and cases of medical neglect for its students, leading to death in the case of 23 students. Many more suffered physical and mental harm that impacted their quality of life after they left the school. The schools provided neglect and not care. "",""slide_3"":""Residential school students were stripped of their culture and identity. For many this meant loosing connection to their home communities and support systems. This meant they were finanically and socially vulerable. In future generations, this leads to further poverty and addiction and abuse. "",""slide_4"":""Nora Bernard's legal resistence resulted in government acknowledgment of the harm caused to residential school survivord. It also resulted in financial compensation. These are two important types of justice for the survivors. Betty Ross's cultural resilience protected her personal and cultural dignity. One approach is very personal and one is public and affects many people. The poem \""I lost my talk\"" deals with both types - it talks about personal loss of culture, but also is about the public policy that caused her loss. "",""slide_5"":"""",""pathway"":"""",""pathway_inputs"":{},""slide_6"":"""",""slide_7"":""""}"
2026-06-18T00:36:35.429Z,A Block (Waugh),JOSH (JOSH),MIKMAW11,Nora Bernard & Shubenacadie Legacy Project,INCREMENTAL_SAVE,"{""slide_1"":""The division of responsibility between Federal goverment (funding) and religious contregations (daily management) meant that no one was 'fully' accountable for problems at the school. When concerns or issues were raised, the government could point to the religious administrators for being the cause and vice versa. This meant that no one was fully accountable and no one was overseeing conditions at the school fully, which created dangerous conditions for the children.  "",""slide_2"":""The residential school system caused malnourishment and cases of medical neglect for its students, leading to death in the case of 23 students. Many more suffered physical and mental harm that impacted their quality of life after they left the school. The schools provided neglect and not care. "",""slide_3"":""Residential school students were stripped of their culture and identity. For many this meant loosing connection to their home communities and support systems. This meant they were finanically and socially vulerable. In future generations, this leads to further poverty and addiction and abuse. "",""slide_4"":""Nora Bernard's legal resistence resulted in government acknowledgment of the harm caused to residential school survivord. It also resulted in financial compensation. These are two important types of justice for the survivors. Betty Ross's cultural resilience protected her personal and cultural dignity. One approach is very personal and one is public and affects many people. The poem \""I lost my talk\"" deals with both types - it talks about personal loss of culture, but also is about the public policy that caused her loss. "",""slide_5"":"""",""pathway"":"""",""pathway_inputs"":{},""slide_6"":"""",""slide_7"":""""}"
2026-06-18T00:36:40.269Z,A Block (Waugh),JOSH (JOSH),MIKMAW11,Nora Bernard & Shubenacadie Legacy Project,INCREMENTAL_SAVE,"{""slide_1"":""The division of responsibility between Federal goverment (funding) and religious contregations (daily management) meant that no one was 'fully' accountable for problems at the school. When concerns or issues were raised, the government could point to the religious administrators for being the cause and vice versa. This meant that no one was fully accountable and no one was overseeing conditions at the school fully, which created dangerous conditions for the children.  "",""slide_2"":""The residential school system caused malnourishment and cases of medical neglect for its students, leading to death in the case of 23 students. Many more suffered physical and mental harm that impacted their quality of life after they left the school. The schools provided neglect and not care. "",""slide_3"":""Residential school students were stripped of their culture and identity. For many this meant loosing connection to their home communities and support systems. This meant they were finanically and socially vulerable. In future generations, this leads to further poverty and addiction and abuse. "",""slide_4"":""Nora Bernard's legal resistence resulted in government acknowledgment of the harm caused to residential school survivord. It also resulted in financial compensation. These are two important types of justice for the survivors. Betty Ross's cultural resilience protected her personal and cultural dignity. One approach is very personal and one is public and affects many people. The poem \""I lost my talk\"" deals with both types - it talks about personal loss of culture, but also is about the public policy that caused her loss. "",""slide_5"":"""",""pathway"":"""",""pathway_inputs"":{},""slide_6"":"""",""slide_7"":""""}"
2026-06-18T00:45:30.602Z,A Block (Waugh),JOSH (JOSH),MIKMAW11,Nora Bernard & Shubenacadie Legacy Project,INCREMENTAL_SAVE,"{""slide_1"":""The division of responsibility between Federal goverment (funding) and religious contregations (daily management) meant that no one was 'fully' accountable for problems at the school. When concerns or issues were raised, the government could point to the religious administrators for being the cause and vice versa. This meant that no one was fully accountable and no one was overseeing conditions at the school fully, which created dangerous conditions for the children.  "",""slide_2"":""The residential school system caused malnourishment and cases of medical neglect for its students, leading to death in the case of 23 students. Many more suffered physical and mental harm that impacted their quality of life after they left the school. The schools provided neglect and not care. "",""slide_3"":""Residential school students were stripped of their culture and identity. For many this meant loosing connection to their home communities and support systems. This meant they were finanically and socially vulerable. In future generations, this leads to further poverty and addiction and abuse. "",""slide_4"":""Nora Bernard's legal resistence resulted in government acknowledgment of the harm caused to residential school survivord. It also resulted in financial compensation. These are two important types of justice for the survivors. Betty Ross's cultural resilience protected her personal and cultural dignity. One approach is very personal and one is public and affects many people. The poem \""I lost my talk\"" deals with both types - it talks about personal loss of culture, but also is about the public policy that caused her loss. "",""slide_5"":""Nora Bernard's story shows "",""pathway"":"""",""pathway_inputs"":{},""slide_6"":"""",""slide_7"":""""}"
2026-06-18T00:46:06.300Z,A Block (Waugh),JOSH (JOSH),MIKMAW11,Nora Bernard & Shubenacadie Legacy Project,INCREMENTAL_SAVE,"{""slide_1"":""The division of responsibility between Federal goverment (funding) and religious contregations (daily management) meant that no one was 'fully' accountable for problems at the school. When concerns or issues were raised, the government could point to the religious administrators for being the cause and vice versa. This meant that no one was fully accountable and no one was overseeing conditions at the school fully, which created dangerous conditions for the children.  "",""slide_2"":""The residential school system caused malnourishment and cases of medical neglect for its students, leading to death in the case of 23 students. Many more suffered physical and mental harm that impacted their quality of life after they left the school. The schools provided neglect and not care. "",""slide_3"":""Residential school students were stripped of their culture and identity. For many this meant loosing connection to their home communities and support systems. This meant they were finanically and socially vulerable. In future generations, this leads to further poverty and addiction and abuse. "",""slide_4"":""Nora Bernard's legal resistence resulted in government acknowledgment of the harm caused to residential school survivord. It also resulted in financial compensation. These are two important types of justice for the survivors. Betty Ross's cultural resilience protected her personal and cultural dignity. One approach is very personal and one is public and affects many people. The poem \""I lost my talk\"" deals with both types - it talks about personal loss of culture, but also is about the public policy that caused her loss. "",""slide_5"":""Nora Bernard's story shows how the trauma from her experience at residential school "",""pathway"":"""",""pathway_inputs"":{},""slide_6"":"""",""slide_7"":""""}"
2026-06-18T00:46:12.524Z,A Block (Waugh),JOSH (JOSH),MIKMAW11,Nora Bernard & Shubenacadie Legacy Project,INCREMENTAL_SAVE,"{""slide_1"":""The division of responsibility between Federal goverment (funding) and religious contregations (daily management) meant that no one was 'fully' accountable for problems at the school. When concerns or issues were raised, the government could point to the religious administrators for being the cause and vice versa. This meant that no one was fully accountable and no one was overseeing conditions at the school fully, which created dangerous conditions for the children.  "",""slide_2"":""The residential school system caused malnourishment and cases of medical neglect for its students, leading to death in the case of 23 students. Many more suffered physical and mental harm that impacted their quality of life after they left the school. The schools provided neglect and not care. "",""slide_3"":""Residential school students were stripped of their culture and identity. For many this meant loosing connection to their home communities and support systems. This meant they were finanically and socially vulerable. In future generations, this leads to further poverty and addiction and abuse. "",""slide_4"":""Nora Bernard's legal resistence resulted in government acknowledgment of the harm caused to residential school survivord. It also resulted in financial compensation. These are two important types of justice for the survivors. Betty Ross's cultural resilience protected her personal and cultural dignity. One approach is very personal and one is public and affects many people. The poem \""I lost my talk\"" deals with both types - it talks about personal loss of culture, but also is about the public policy that caused her loss. "",""slide_5"":""Nora Bernard's story shows how the trauma from her experience at residential school carried through "",""pathway"":"""",""pathway_inputs"":{},""slide_6"":"""",""slide_7"":""""}"
2026-06-18T00:46:20.505Z,A Block (Waugh),JOSH (JOSH),MIKMAW11,Nora Bernard & Shubenacadie Legacy Project,INCREMENTAL_SAVE,"{""slide_1"":""The division of responsibility between Federal goverment (funding) and religious contregations (daily management) meant that no one was 'fully' accountable for problems at the school. When concerns or issues were raised, the government could point to the religious administrators for being the cause and vice versa. This meant that no one was fully accountable and no one was overseeing conditions at the school fully, which created dangerous conditions for the children.  "",""slide_2"":""The residential school system caused malnourishment and cases of medical neglect for its students, leading to death in the case of 23 students. Many more suffered physical and mental harm that impacted their quality of life after they left the school. The schools provided neglect and not care. "",""slide_3"":""Residential school students were stripped of their culture and identity. For many this meant loosing connection to their home communities and support systems. This meant they were finanically and socially vulerable. In future generations, this leads to further poverty and addiction and abuse. "",""slide_4"":""Nora Bernard's legal resistence resulted in government acknowledgment of the harm caused to residential school survivord. It also resulted in financial compensation. These are two important types of justice for the survivors. Betty Ross's cultural resilience protected her personal and cultural dignity. One approach is very personal and one is public and affects many people. The poem \""I lost my talk\"" deals with both types - it talks about personal loss of culture, but also is about the public policy that caused her loss. "",""slide_5"":""Nora Bernard's story shows how the trauma from her experience at residential school carried throughto "",""pathway"":"""",""pathway_inputs"":{},""slide_6"":"""",""slide_7"":""""}"
2026-06-18T00:46:32.304Z,A Block (Waugh),JOSH (JOSH),MIKMAW11,Nora Bernard & Shubenacadie Legacy Project,INCREMENTAL_SAVE,"{""slide_1"":""The division of responsibility between Federal goverment (funding) and religious contregations (daily management) meant that no one was 'fully' accountable for problems at the school. When concerns or issues were raised, the government could point to the religious administrators for being the cause and vice versa. This meant that no one was fully accountable and no one was overseeing conditions at the school fully, which created dangerous conditions for the children.  "",""slide_2"":""The residential school system caused malnourishment and cases of medical neglect for its students, leading to death in the case of 23 students. Many more suffered physical and mental harm that impacted their quality of life after they left the school. The schools provided neglect and not care. "",""slide_3"":""Residential school students were stripped of their culture and identity. For many this meant loosing connection to their home communities and support systems. This meant they were finanically and socially vulerable. In future generations, this leads to further poverty and addiction and abuse. "",""slide_4"":""Nora Bernard's legal resistence resulted in government acknowledgment of the harm caused to residential school survivord. It also resulted in financial compensation. These are two important types of justice for the survivors. Betty Ross's cultural resilience protected her personal and cultural dignity. One approach is very personal and one is public and affects many people. The poem \""I lost my talk\"" deals with both types - it talks about personal loss of culture, but also is about the public policy that caused her loss. "",""slide_5"":""Nora Bernard's story shows how the trauma from her experience at residential school carried throuhto "",""pathway"":"""",""pathway_inputs"":{},""slide_6"":"""",""slide_7"":""""}"
2026-06-18T00:46:43.755Z,A Block (Waugh),JOSH (JOSH),MIKMAW11,Nora Bernard & Shubenacadie Legacy Project,INCREMENTAL_SAVE,"{""slide_1"":""The division of responsibility between Federal goverment (funding) and religious contregations (daily management) meant that no one was 'fully' accountable for problems at the school. When concerns or issues were raised, the government could point to the religious administrators for being the cause and vice versa. This meant that no one was fully accountable and no one was overseeing conditions at the school fully, which created dangerous conditions for the children.  "",""slide_2"":""The residential school system caused malnourishment and cases of medical neglect for its students, leading to death in the case of 23 students. Many more suffered physical and mental harm that impacted their quality of life after they left the school. The schools provided neglect and not care. "",""slide_3"":""Residential school students were stripped of their culture and identity. For many this meant loosing connection to their home communities and support systems. This meant they were finanically and socially vulerable. In future generations, this leads to further poverty and addiction and abuse. "",""slide_4"":""Nora Bernard's legal resistence resulted in government acknowledgment of the harm caused to residential school survivord. It also resulted in financial compensation. These are two important types of justice for the survivors. Betty Ross's cultural resilience protected her personal and cultural dignity. One approach is very personal and one is public and affects many people. The poem \""I lost my talk\"" deals with both types - it talks about personal loss of culture, but also is about the public policy that caused her loss. "",""slide_5"":""Nora Bernard's story shows how the trauma from her experience at residential school hto "",""pathway"":"""",""pathway_inputs"":{},""slide_6"":"""",""slide_7"":""""}"
2026-06-18T00:46:49.601Z,A Block (Waugh),JOSH (JOSH),MIKMAW11,Nora Bernard & Shubenacadie Legacy Project,INCREMENTAL_SAVE,"{""slide_1"":""The division of responsibility between Federal goverment (funding) and religious contregations (daily management) meant that no one was 'fully' accountable for problems at the school. When concerns or issues were raised, the government could point to the religious administrators for being the cause and vice versa. This meant that no one was fully accountable and no one was overseeing conditions at the school fully, which created dangerous conditions for the children.  "",""slide_2"":""The residential school system caused malnourishment and cases of medical neglect for its students, leading to death in the case of 23 students. Many more suffered physical and mental harm that impacted their quality of life after they left the school. The schools provided neglect and not care. "",""slide_3"":""Residential school students were stripped of their culture and identity. For many this meant loosing connection to their home communities and support systems. This meant they were finanically and socially vulerable. In future generations, this leads to further poverty and addiction and abuse. "",""slide_4"":""Nora Bernard's legal resistence resulted in government acknowledgment of the harm caused to residential school survivord. It also resulted in financial compensation. These are two important types of justice for the survivors. Betty Ross's cultural resilience protected her personal and cultural dignity. One approach is very personal and one is public and affects many people. The poem \""I lost my talk\"" deals with both types - it talks about personal loss of culture, but also is about the public policy that caused her loss. "",""slide_5"":""Nora Bernard's story shows how the trauma from her experience at residential school  "",""pathway"":"""",""pathway_inputs"":{},""slide_6"":"""",""slide_7"":""""}"
2026-06-18T00:47:01.110Z,A Block (Waugh),JOSH (JOSH),MIKMAW11,Nora Bernard & Shubenacadie Legacy Project,INCREMENTAL_SAVE,"{""slide_1"":""The division of responsibility between Federal goverment (funding) and religious contregations (daily management) meant that no one was 'fully' accountable for problems at the school. When concerns or issues were raised, the government could point to the religious administrators for being the cause and vice versa. This meant that no one was fully accountable and no one was overseeing conditions at the school fully, which created dangerous conditions for the children.  "",""slide_2"":""The residential school system caused malnourishment and cases of medical neglect for its students, leading to death in the case of 23 students. Many more suffered physical and mental harm that impacted their quality of life after they left the school. The schools provided neglect and not care. "",""slide_3"":""Residential school students were stripped of their culture and identity. For many this meant loosing connection to their home communities and support systems. This meant they were finanically and socially vulerable. In future generations, this leads to further poverty and addiction and abuse. "",""slide_4"":""Nora Bernard's legal resistence resulted in government acknowledgment of the harm caused to residential school survivord. It also resulted in financial compensation. These are two important types of justice for the survivors. Betty Ross's cultural resilience protected her personal and cultural dignity. One approach is very personal and one is public and affects many people. The poem \""I lost my talk\"" deals with both types - it talks about personal loss of culture, but also is about the public policy that caused her loss. "",""slide_5"":""Nora Bernard'd trauma from her experience at residential school  "",""pathway"":"""",""pathway_inputs"":{},""slide_6"":"""",""slide_7"":""""}"
2026-06-18T00:47:41.637Z,A Block (Waugh),JOSH (JOSH),MIKMAW11,Nora Bernard & Shubenacadie Legacy Project,INCREMENTAL_SAVE,"{""slide_1"":""The division of responsibility between Federal goverment (funding) and religious contregations (daily management) meant that no one was 'fully' accountable for problems at the school. When concerns or issues were raised, the government could point to the religious administrators for being the cause and vice versa. This meant that no one was fully accountable and no one was overseeing conditions at the school fully, which created dangerous conditions for the children.  "",""slide_2"":""The residential school system caused malnourishment and cases of medical neglect for its students, leading to death in the case of 23 students. Many more suffered physical and mental harm that impacted their quality of life after they left the school. The schools provided neglect and not care. "",""slide_3"":""Residential school students were stripped of their culture and identity. For many this meant loosing connection to their home communities and support systems. This meant they were finanically and socially vulerable. In future generations, this leads to further poverty and addiction and abuse. "",""slide_4"":""Nora Bernard's legal resistence resulted in government acknowledgment of the harm caused to residential school survivord. It also resulted in financial compensation. These are two important types of justice for the survivors. Betty Ross's cultural resilience protected her personal and cultural dignity. One approach is very personal and one is public and affects many people. The poem \""I lost my talk\"" deals with both types - it talks about personal loss of culture, but also is about the public policy that caused her loss. "",""slide_5"":""Nora Bernard's childhood trauma was caused by "",""pathway"":"""",""pathway_inputs"":{},""slide_6"":"""",""slide_7"":""""}"
2026-06-18T00:48:18.690Z,A Block (Waugh),JOSH (JOSH),MIKMAW11,Nora Bernard & Shubenacadie Legacy Project,INCREMENTAL_SAVE,"{""slide_1"":""The division of responsibility between Federal goverment (funding) and religious contregations (daily management) meant that no one was 'fully' accountable for problems at the school. When concerns or issues were raised, the government could point to the religious administrators for being the cause and vice versa. This meant that no one was fully accountable and no one was overseeing conditions at the school fully, which created dangerous conditions for the children.  "",""slide_2"":""The residential school system caused malnourishment and cases of medical neglect for its students, leading to death in the case of 23 students. Many more suffered physical and mental harm that impacted their quality of life after they left the school. The schools provided neglect and not care. "",""slide_3"":""Residential school students were stripped of their culture and identity. For many this meant loosing connection to their home communities and support systems. This meant they were finanically and socially vulerable. In future generations, this leads to further poverty and addiction and abuse. "",""slide_4"":""Nora Bernard's legal resistence resulted in government acknowledgment of the harm caused to residential school survivord. It also resulted in financial compensation. These are two important types of justice for the survivors. Betty Ross's cultural resilience protected her personal and cultural dignity. One approach is very personal and one is public and affects many people. The poem \""I lost my talk\"" deals with both types - it talks about personal loss of culture, but also is about the public policy that caused her loss. "",""slide_5"":""Nora Bernard's childhood trauma came from her experience at residential school and the colonial policy that led to the school "",""pathway"":"""",""pathway_inputs"":{},""slide_6"":"""",""slide_7"":""""}"
2026-06-18T00:51:57.728Z,A Block (Waugh),JOSH (JOSH),MIKMAW11,Nora Bernard & Shubenacadie Legacy Project,INCREMENTAL_SAVE,"{""slide_1"":""The division of responsibility between Federal goverment (funding) and religious contregations (daily management) meant that no one was 'fully' accountable for problems at the school. When concerns or issues were raised, the government could point to the religious administrators for being the cause and vice versa. This meant that no one was fully accountable and no one was overseeing conditions at the school fully, which created dangerous conditions for the children.  "",""slide_2"":""The residential school system caused malnourishment and cases of medical neglect for its students, leading to death in the case of 23 students. Many more suffered physical and mental harm that impacted their quality of life after they left the school. The schools provided neglect and not care. "",""slide_3"":""Residential school students were stripped of their culture and identity. For many this meant loosing connection to their home communities and support systems. This meant they were finanically and socially vulerable. In future generations, this leads to further poverty and addiction and abuse. "",""slide_4"":""Nora Bernard's legal resistence resulted in government acknowledgment of the harm caused to residential school survivord. It also resulted in financial compensation. These are two important types of justice for the survivors. Betty Ross's cultural resilience protected her personal and cultural dignity. One approach is very personal and one is public and affects many people. The poem \""I lost my talk\"" deals with both types - it talks about personal loss of culture, but also is about the public policy that caused her loss. "",""slide_5"":""Nora Bernard's childhood trauma was caused by the colonial policy that established the residential school system. came from her experience at residential school and the colonial policy that led to the school "",""pathway"":"""",""pathway_inputs"":{},""slide_6"":"""",""slide_7"":""""}"
2026-06-18T00:52:12.859Z,A Block (Waugh),JOSH (JOSH),MIKMAW11,Nora Bernard & Shubenacadie Legacy Project,INCREMENTAL_SAVE,"{""slide_1"":""The division of responsibility between Federal goverment (funding) and religious contregations (daily management) meant that no one was 'fully' accountable for problems at the school. When concerns or issues were raised, the government could point to the religious administrators for being the cause and vice versa. This meant that no one was fully accountable and no one was overseeing conditions at the school fully, which created dangerous conditions for the children.  "",""slide_2"":""The residential school system caused malnourishment and cases of medical neglect for its students, leading to death in the case of 23 students. Many more suffered physical and mental harm that impacted their quality of life after they left the school. The schools provided neglect and not care. "",""slide_3"":""Residential school students were stripped of their culture and identity. For many this meant loosing connection to their home communities and support systems. This meant they were finanically and socially vulerable. In future generations, this leads to further poverty and addiction and abuse. "",""slide_4"":""Nora Bernard's legal resistence resulted in government acknowledgment of the harm caused to residential school survivord. It also resulted in financial compensation. These are two important types of justice for the survivors. Betty Ross's cultural resilience protected her personal and cultural dignity. One approach is very personal and one is public and affects many people. The poem \""I lost my talk\"" deals with both types - it talks about personal loss of culture, but also is about the public policy that caused her loss. "",""slide_5"":""Nora Bernard's childhood trauma was caused by the colonial policy that established the residential school system. "",""pathway"":"""",""pathway_inputs"":{},""slide_6"":"""",""slide_7"":""""}"
2026-06-18T00:53:01.588Z,A Block (Waugh),JOSH (JOSH),MIKMAW11,Nora Bernard & Shubenacadie Legacy Project,INCREMENTAL_SAVE,"{""slide_1"":""The division of responsibility between Federal goverment (funding) and religious contregations (daily management) meant that no one was 'fully' accountable for problems at the school. When concerns or issues were raised, the government could point to the religious administrators for being the cause and vice versa. This meant that no one was fully accountable and no one was overseeing conditions at the school fully, which created dangerous conditions for the children.  "",""slide_2"":""The residential school system caused malnourishment and cases of medical neglect for its students, leading to death in the case of 23 students. Many more suffered physical and mental harm that impacted their quality of life after they left the school. The schools provided neglect and not care. "",""slide_3"":""Residential school students were stripped of their culture and identity. For many this meant loosing connection to their home communities and support systems. This meant they were finanically and socially vulerable. In future generations, this leads to further poverty and addiction and abuse. "",""slide_4"":""Nora Bernard's legal resistence resulted in government acknowledgment of the harm caused to residential school survivord. It also resulted in financial compensation. These are two important types of justice for the survivors. Betty Ross's cultural resilience protected her personal and cultural dignity. One approach is very personal and one is public and affects many people. The poem \""I lost my talk\"" deals with both types - it talks about personal loss of culture, but also is about the public policy that caused her loss. "",""slide_5"":""Nora Bernard's childhood trauma was caused by the colonial policy that established the residential school system. Later, her cultural identity was further removed from her by the "",""pathway"":"""",""pathway_inputs"":{},""slide_6"":"""",""slide_7"":""""}"
2026-06-18T00:53:17.033Z,A Block (Waugh),JOSH (JOSH),MIKMAW11,Nora Bernard & Shubenacadie Legacy Project,INCREMENTAL_SAVE,"{""slide_1"":""The division of responsibility between Federal goverment (funding) and religious contregations (daily management) meant that no one was 'fully' accountable for problems at the school. When concerns or issues were raised, the government could point to the religious administrators for being the cause and vice versa. This meant that no one was fully accountable and no one was overseeing conditions at the school fully, which created dangerous conditions for the children.  "",""slide_2"":""The residential school system caused malnourishment and cases of medical neglect for its students, leading to death in the case of 23 students. Many more suffered physical and mental harm that impacted their quality of life after they left the school. The schools provided neglect and not care. "",""slide_3"":""Residential school students were stripped of their culture and identity. For many this meant loosing connection to their home communities and support systems. This meant they were finanically and socially vulerable. In future generations, this leads to further poverty and addiction and abuse. "",""slide_4"":""Nora Bernard's legal resistence resulted in government acknowledgment of the harm caused to residential school survivord. It also resulted in financial compensation. These are two important types of justice for the survivors. Betty Ross's cultural resilience protected her personal and cultural dignity. One approach is very personal and one is public and affects many people. The poem \""I lost my talk\"" deals with both types - it talks about personal loss of culture, but also is about the public policy that caused her loss. "",""slide_5"":""Nora Bernard's trauma was caused by the colonial policy that established the residential school system. Later, her cultural identity was further removed from her by the "",""pathway"":"""",""pathway_inputs"":{},""slide_6"":"""",""slide_7"":""""}"
2026-06-18T00:53:38.590Z,A Block (Waugh),JOSH (JOSH),MIKMAW11,Nora Bernard & Shubenacadie Legacy Project,INCREMENTAL_SAVE,"{""slide_1"":""The division of responsibility between Federal goverment (funding) and religious contregations (daily management) meant that no one was 'fully' accountable for problems at the school. When concerns or issues were raised, the government could point to the religious administrators for being the cause and vice versa. This meant that no one was fully accountable and no one was overseeing conditions at the school fully, which created dangerous conditions for the children.  "",""slide_2"":""The residential school system caused malnourishment and cases of medical neglect for its students, leading to death in the case of 23 students. Many more suffered physical and mental harm that impacted their quality of life after they left the school. The schools provided neglect and not care. "",""slide_3"":""Residential school students were stripped of their culture and identity. For many this meant loosing connection to their home communities and support systems. This meant they were finanically and socially vulerable. In future generations, this leads to further poverty and addiction and abuse. "",""slide_4"":""Nora Bernard's legal resistence resulted in government acknowledgment of the harm caused to residential school survivord. It also resulted in financial compensation. These are two important types of justice for the survivors. Betty Ross's cultural resilience protected her personal and cultural dignity. One approach is very personal and one is public and affects many people. The poem \""I lost my talk\"" deals with both types - it talks about personal loss of culture, but also is about the public policy that caused her loss. "",""slide_5"":""Nora Bernard's trauma wloosing her cultural identity and community. This came from the colonial policy that established the residential school system. Later, her cultural identity was further removed from her by the "",""pathway"":"""",""pathway_inputs"":{},""slide_6"":"""",""slide_7"":""""}"
2026-06-18T00:53:48.144Z,A Block (Waugh),JOSH (JOSH),MIKMAW11,Nora Bernard & Shubenacadie Legacy Project,INCREMENTAL_SAVE,"{""slide_1"":""The division of responsibility between Federal goverment (funding) and religious contregations (daily management) meant that no one was 'fully' accountable for problems at the school. When concerns or issues were raised, the government could point to the religious administrators for being the cause and vice versa. This meant that no one was fully accountable and no one was overseeing conditions at the school fully, which created dangerous conditions for the children.  "",""slide_2"":""The residential school system caused malnourishment and cases of medical neglect for its students, leading to death in the case of 23 students. Many more suffered physical and mental harm that impacted their quality of life after they left the school. The schools provided neglect and not care. "",""slide_3"":""Residential school students were stripped of their culture and identity. For many this meant loosing connection to their home communities and support systems. This meant they were finanically and socially vulerable. In future generations, this leads to further poverty and addiction and abuse. "",""slide_4"":""Nora Bernard's legal resistence resulted in government acknowledgment of the harm caused to residential school survivord. It also resulted in financial compensation. These are two important types of justice for the survivors. Betty Ross's cultural resilience protected her personal and cultural dignity. One approach is very personal and one is public and affects many people. The poem \""I lost my talk\"" deals with both types - it talks about personal loss of culture, but also is about the public policy that caused her loss. "",""slide_5"":""Nora Bernard's trauma waw caused from loosing her cultural identity and community. This came from the colonial policy that established the residential school system. Later, her cultural identity was further removed from her by the "",""pathway"":"""",""pathway_inputs"":{},""slide_6"":"""",""slide_7"":""""}"
2026-06-18T00:54:03.273Z,A Block (Waugh),JOSH (JOSH),MIKMAW11,Nora Bernard & Shubenacadie Legacy Project,INCREMENTAL_SAVE,"{""slide_1"":""The division of responsibility between Federal goverment (funding) and religious contregations (daily management) meant that no one was 'fully' accountable for problems at the school. When concerns or issues were raised, the government could point to the religious administrators for being the cause and vice versa. This meant that no one was fully accountable and no one was overseeing conditions at the school fully, which created dangerous conditions for the children.  "",""slide_2"":""The residential school system caused malnourishment and cases of medical neglect for its students, leading to death in the case of 23 students. Many more suffered physical and mental harm that impacted their quality of life after they left the school. The schools provided neglect and not care. "",""slide_3"":""Residential school students were stripped of their culture and identity. For many this meant loosing connection to their home communities and support systems. This meant they were finanically and socially vulerable. In future generations, this leads to further poverty and addiction and abuse. "",""slide_4"":""Nora Bernard's legal resistence resulted in government acknowledgment of the harm caused to residential school survivord. It also resulted in financial compensation. These are two important types of justice for the survivors. Betty Ross's cultural resilience protected her personal and cultural dignity. One approach is very personal and one is public and affects many people. The poem \""I lost my talk\"" deals with both types - it talks about personal loss of culture, but also is about the public policy that caused her loss. "",""slide_5"":""Nora Bernard's trauma waw caused from loosing her cultural identity and community. This happened beacause of colonial policy that established the residential school system. Later, her cultural identity was further removed from her by the "",""pathway"":"""",""pathway_inputs"":{},""slide_6"":"""",""slide_7"":""""}"
2026-06-18T00:54:22.789Z,A Block (Waugh),JOSH (JOSH),MIKMAW11,Nora Bernard & Shubenacadie Legacy Project,INCREMENTAL_SAVE,"{""slide_1"":""The division of responsibility between Federal goverment (funding) and religious contregations (daily management) meant that no one was 'fully' accountable for problems at the school. When concerns or issues were raised, the government could point to the religious administrators for being the cause and vice versa. This meant that no one was fully accountable and no one was overseeing conditions at the school fully, which created dangerous conditions for the children.  "",""slide_2"":""The residential school system caused malnourishment and cases of medical neglect for its students, leading to death in the case of 23 students. Many more suffered physical and mental harm that impacted their quality of life after they left the school. The schools provided neglect and not care. "",""slide_3"":""Residential school students were stripped of their culture and identity. For many this meant loosing connection to their home communities and support systems. This meant they were finanically and socially vulerable. In future generations, this leads to further poverty and addiction and abuse. "",""slide_4"":""Nora Bernard's legal resistence resulted in government acknowledgment of the harm caused to residential school survivord. It also resulted in financial compensation. These are two important types of justice for the survivors. Betty Ross's cultural resilience protected her personal and cultural dignity. One approach is very personal and one is public and affects many people. The poem \""I lost my talk\"" deals with both types - it talks about personal loss of culture, but also is about the public policy that caused her loss. "",""slide_5"":""Nora Bernard's trauma waw caused from loosing her cultural identity and community. This happened beacause of colonial policies - first, the establishment of the residential school system and then later the  that established the residential school system. Later, her cultural identity was further removed from her by the "",""pathway"":"""",""pathway_inputs"":{},""slide_6"":"""",""slide_7"":""""}"
2026-06-18T00:54:48.116Z,A Block (Waugh),JOSH (JOSH),MIKMAW11,Nora Bernard & Shubenacadie Legacy Project,INCREMENTAL_SAVE,"{""slide_1"":""The division of responsibility between Federal goverment (funding) and religious contregations (daily management) meant that no one was 'fully' accountable for problems at the school. When concerns or issues were raised, the government could point to the religious administrators for being the cause and vice versa. This meant that no one was fully accountable and no one was overseeing conditions at the school fully, which created dangerous conditions for the children.  "",""slide_2"":""The residential school system caused malnourishment and cases of medical neglect for its students, leading to death in the case of 23 students. Many more suffered physical and mental harm that impacted their quality of life after they left the school. The schools provided neglect and not care. "",""slide_3"":""Residential school students were stripped of their culture and identity. For many this meant loosing connection to their home communities and support systems. This meant they were finanically and socially vulerable. In future generations, this leads to further poverty and addiction and abuse. "",""slide_4"":""Nora Bernard's legal resistence resulted in government acknowledgment of the harm caused to residential school survivord. It also resulted in financial compensation. These are two important types of justice for the survivors. Betty Ross's cultural resilience protected her personal and cultural dignity. One approach is very personal and one is public and affects many people. The poem \""I lost my talk\"" deals with both types - it talks about personal loss of culture, but also is about the public policy that caused her loss. "",""slide_5"":""Nora Bernard's trauma waw caused from loosing her cultural identity and community. This happened beacause of colonial policies - first, the establishment of the residential school system and then later the policy that removed her Indian status for marrying a non-indigenous man.  that established the residential school system. Later, her cultural identity was further removed from her by the "",""pathway"":"""",""pathway_inputs"":{},""slide_6"":"""",""slide_7"":""""}"
2026-06-18T00:54:52.731Z,A Block (Waugh),JOSH (JOSH),MIKMAW11,Nora Bernard & Shubenacadie Legacy Project,INCREMENTAL_SAVE,"{""slide_1"":""The division of responsibility between Federal goverment (funding) and religious contregations (daily management) meant that no one was 'fully' accountable for problems at the school. When concerns or issues were raised, the government could point to the religious administrators for being the cause and vice versa. This meant that no one was fully accountable and no one was overseeing conditions at the school fully, which created dangerous conditions for the children.  "",""slide_2"":""The residential school system caused malnourishment and cases of medical neglect for its students, leading to death in the case of 23 students. Many more suffered physical and mental harm that impacted their quality of life after they left the school. The schools provided neglect and not care. "",""slide_3"":""Residential school students were stripped of their culture and identity. For many this meant loosing connection to their home communities and support systems. This meant they were finanically and socially vulerable. In future generations, this leads to further poverty and addiction and abuse. "",""slide_4"":""Nora Bernard's legal resistence resulted in government acknowledgment of the harm caused to residential school survivord. It also resulted in financial compensation. These are two important types of justice for the survivors. Betty Ross's cultural resilience protected her personal and cultural dignity. One approach is very personal and one is public and affects many people. The poem \""I lost my talk\"" deals with both types - it talks about personal loss of culture, but also is about the public policy that caused her loss. "",""slide_5"":""Nora Bernard's trauma waw caused from loosing her cultural identity and community. This happened beacause of colonial policies - first, the establishment of the residential school system and then later the policy that removed her Indian status for marrying a non-indigenous man. "",""pathway"":"""",""pathway_inputs"":{},""slide_6"":"""",""slide_7"":""""}"
2026-06-18T00:55:33.881Z,A Block (Waugh),JOSH (JOSH),MIKMAW11,Nora Bernard & Shubenacadie Legacy Project,INCREMENTAL_SAVE,"{""slide_1"":""The division of responsibility between Federal goverment (funding) and religious contregations (daily management) meant that no one was 'fully' accountable for problems at the school. When concerns or issues were raised, the government could point to the religious administrators for being the cause and vice versa. This meant that no one was fully accountable and no one was overseeing conditions at the school fully, which created dangerous conditions for the children.  "",""slide_2"":""The residential school system caused malnourishment and cases of medical neglect for its students, leading to death in the case of 23 students. Many more suffered physical and mental harm that impacted their quality of life after they left the school. The schools provided neglect and not care. "",""slide_3"":""Residential school students were stripped of their culture and identity. For many this meant loosing connection to their home communities and support systems. This meant they were finanically and socially vulerable. In future generations, this leads to further poverty and addiction and abuse. "",""slide_4"":""Nora Bernard's legal resistence resulted in government acknowledgment of the harm caused to residential school survivord. It also resulted in financial compensation. These are two important types of justice for the survivors. Betty Ross's cultural resilience protected her personal and cultural dignity. One approach is very personal and one is public and affects many people. The poem \""I lost my talk\"" deals with both types - it talks about personal loss of culture, but also is about the public policy that caused her loss. "",""slide_5"":""Nora Bernard's trauma waw caused from loosing her cultural identity and community. This happened in part because of policy that removed her Indian status for marrying a non-indigenous man. "",""pathway"":"""",""pathway_inputs"":{},""slide_6"":"""",""slide_7"":""""}"
2026-06-18T00:55:40.098Z,A Block (Waugh),JOSH (JOSH),MIKMAW11,Nora Bernard & Shubenacadie Legacy Project,INCREMENTAL_SAVE,"{""slide_1"":""The division of responsibility between Federal goverment (funding) and religious contregations (daily management) meant that no one was 'fully' accountable for problems at the school. When concerns or issues were raised, the government could point to the religious administrators for being the cause and vice versa. This meant that no one was fully accountable and no one was overseeing conditions at the school fully, which created dangerous conditions for the children.  "",""slide_2"":""The residential school system caused malnourishment and cases of medical neglect for its students, leading to death in the case of 23 students. Many more suffered physical and mental harm that impacted their quality of life after they left the school. The schools provided neglect and not care. "",""slide_3"":""Residential school students were stripped of their culture and identity. For many this meant loosing connection to their home communities and support systems. This meant they were finanically and socially vulerable. In future generations, this leads to further poverty and addiction and abuse. "",""slide_4"":""Nora Bernard's legal resistence resulted in government acknowledgment of the harm caused to residential school survivord. It also resulted in financial compensation. These are two important types of justice for the survivors. Betty Ross's cultural resilience protected her personal and cultural dignity. One approach is very personal and one is public and affects many people. The poem \""I lost my talk\"" deals with both types - it talks about personal loss of culture, but also is about the public policy that caused her loss. "",""slide_5"":""Nora Bernard's trauma waw caused from loosing her cultural identity and community. This happened in part because of colonial policy that removed her Indian status for marrying a non-indigenous man. "",""pathway"":"""",""pathway_inputs"":{},""slide_6"":"""",""slide_7"":""""}"
2026-06-18T00:55:54.432Z,A Block (Waugh),JOSH (JOSH),MIKMAW11,Nora Bernard & Shubenacadie Legacy Project,INCREMENTAL_SAVE,"{""slide_1"":""The division of responsibility between Federal goverment (funding) and religious contregations (daily management) meant that no one was 'fully' accountable for problems at the school. When concerns or issues were raised, the government could point to the religious administrators for being the cause and vice versa. This meant that no one was fully accountable and no one was overseeing conditions at the school fully, which created dangerous conditions for the children.  "",""slide_2"":""The residential school system caused malnourishment and cases of medical neglect for its students, leading to death in the case of 23 students. Many more suffered physical and mental harm that impacted their quality of life after they left the school. The schools provided neglect and not care. "",""slide_3"":""Residential school students were stripped of their culture and identity. For many this meant loosing connection to their home communities and support systems. This meant they were finanically and socially vulerable. In future generations, this leads to further poverty and addiction and abuse. "",""slide_4"":""Nora Bernard's legal resistence resulted in government acknowledgment of the harm caused to residential school survivord. It also resulted in financial compensation. These are two important types of justice for the survivors. Betty Ross's cultural resilience protected her personal and cultural dignity. One approach is very personal and one is public and affects many people. The poem \""I lost my talk\"" deals with both types - it talks about personal loss of culture, but also is about the public policy that caused her loss. "",""slide_5"":""Nora Bernard's trauma waw caused from loosing her cultural identity and community. This happened in part because of colonial policy that removed her Indian status for marrying a non-indigenous man. This policy targetted women and made them "",""pathway"":"""",""pathway_inputs"":{},""slide_6"":"""",""slide_7"":""""}"
2026-06-18T00:56:15.013Z,A Block (Waugh),JOSH (JOSH),MIKMAW11,Nora Bernard & Shubenacadie Legacy Project,INCREMENTAL_SAVE,"{""slide_1"":""The division of responsibility between Federal goverment (funding) and religious contregations (daily management) meant that no one was 'fully' accountable for problems at the school. When concerns or issues were raised, the government could point to the religious administrators for being the cause and vice versa. This meant that no one was fully accountable and no one was overseeing conditions at the school fully, which created dangerous conditions for the children.  "",""slide_2"":""The residential school system caused malnourishment and cases of medical neglect for its students, leading to death in the case of 23 students. Many more suffered physical and mental harm that impacted their quality of life after they left the school. The schools provided neglect and not care. "",""slide_3"":""Residential school students were stripped of their culture and identity. For many this meant loosing connection to their home communities and support systems. This meant they were finanically and socially vulerable. In future generations, this leads to further poverty and addiction and abuse. "",""slide_4"":""Nora Bernard's legal resistence resulted in government acknowledgment of the harm caused to residential school survivord. It also resulted in financial compensation. These are two important types of justice for the survivors. Betty Ross's cultural resilience protected her personal and cultural dignity. One approach is very personal and one is public and affects many people. The poem \""I lost my talk\"" deals with both types - it talks about personal loss of culture, but also is about the public policy that caused her loss. "",""slide_5"":""Nora Bernard's trauma waw caused from loosing her cultural identity and community. This happened in part because of colonial policy that removed her Indian status for marrying a non-indigenous man. This policy targetted women and made them vulerable and s"",""pathway"":"""",""pathway_inputs"":{},""slide_6"":"""",""slide_7"":""""}"
2026-06-18T00:56:21.981Z,A Block (Waugh),JOSH (JOSH),MIKMAW11,Nora Bernard & Shubenacadie Legacy Project,INCREMENTAL_SAVE,"{""slide_1"":""The division of responsibility between Federal goverment (funding) and religious contregations (daily management) meant that no one was 'fully' accountable for problems at the school. When concerns or issues were raised, the government could point to the religious administrators for being the cause and vice versa. This meant that no one was fully accountable and no one was overseeing conditions at the school fully, which created dangerous conditions for the children.  "",""slide_2"":""The residential school system caused malnourishment and cases of medical neglect for its students, leading to death in the case of 23 students. Many more suffered physical and mental harm that impacted their quality of life after they left the school. The schools provided neglect and not care. "",""slide_3"":""Residential school students were stripped of their culture and identity. For many this meant loosing connection to their home communities and support systems. This meant they were finanically and socially vulerable. In future generations, this leads to further poverty and addiction and abuse. "",""slide_4"":""Nora Bernard's legal resistence resulted in government acknowledgment of the harm caused to residential school survivord. It also resulted in financial compensation. These are two important types of justice for the survivors. Betty Ross's cultural resilience protected her personal and cultural dignity. One approach is very personal and one is public and affects many people. The poem \""I lost my talk\"" deals with both types - it talks about personal loss of culture, but also is about the public policy that caused her loss. "",""slide_5"":""Nora Bernard's trauma waw caused from loosing her cultural identity and community. This happened in part because of colonial policy that removed her Indian status for marrying a non-indigenous man. This policy targetted women and made them vulerable and isolated. "",""pathway"":"""",""pathway_inputs"":{},""slide_6"":"""",""slide_7"":""""}"
2026-06-18T00:56:38.518Z,A Block (Waugh),JOSH (JOSH),MIKMAW11,Nora Bernard & Shubenacadie Legacy Project,INCREMENTAL_SAVE,"{""slide_1"":""The division of responsibility between Federal goverment (funding) and religious contregations (daily management) meant that no one was 'fully' accountable for problems at the school. When concerns or issues were raised, the government could point to the religious administrators for being the cause and vice versa. This meant that no one was fully accountable and no one was overseeing conditions at the school fully, which created dangerous conditions for the children.  "",""slide_2"":""The residential school system caused malnourishment and cases of medical neglect for its students, leading to death in the case of 23 students. Many more suffered physical and mental harm that impacted their quality of life after they left the school. The schools provided neglect and not care. "",""slide_3"":""Residential school students were stripped of their culture and identity. For many this meant loosing connection to their home communities and support systems. This meant they were finanically and socially vulerable. In future generations, this leads to further poverty and addiction and abuse. "",""slide_4"":""Nora Bernard's legal resistence resulted in government acknowledgment of the harm caused to residential school survivord. It also resulted in financial compensation. These are two important types of justice for the survivors. Betty Ross's cultural resilience protected her personal and cultural dignity. One approach is very personal and one is public and affects many people. The poem \""I lost my talk\"" deals with both types - it talks about personal loss of culture, but also is about the public policy that caused her loss. "",""slide_5"":""Nora Bernard's trauma waw caused from loosing her cultural identity and community. This happened in part because of colonial policy that removed her Indian status for marrying a non-indigenous man. This policy targetted women and made them vulerable and isolated. This meant they were more "",""pathway"":"""",""pathway_inputs"":{},""slide_6"":"""",""slide_7"":""""}"
2026-06-18T00:57:47.766Z,A Block (Waugh),JOSH (JOSH),MIKMAW11,Nora Bernard & Shubenacadie Legacy Project,INCREMENTAL_SAVE,"{""slide_1"":""The division of responsibility between Federal goverment (funding) and religious contregations (daily management) meant that no one was 'fully' accountable for problems at the school. When concerns or issues were raised, the government could point to the religious administrators for being the cause and vice versa. This meant that no one was fully accountable and no one was overseeing conditions at the school fully, which created dangerous conditions for the children.  "",""slide_2"":""The residential school system caused malnourishment and cases of medical neglect for its students, leading to death in the case of 23 students. Many more suffered physical and mental harm that impacted their quality of life after they left the school. The schools provided neglect and not care. "",""slide_3"":""Residential school students were stripped of their culture and identity. For many this meant loosing connection to their home communities and support systems. This meant they were finanically and socially vulerable. In future generations, this leads to further poverty and addiction and abuse. "",""slide_4"":""Nora Bernard's legal resistence resulted in government acknowledgment of the harm caused to residential school survivord. It also resulted in financial compensation. These are two important types of justice for the survivors. Betty Ross's cultural resilience protected her personal and cultural dignity. One approach is very personal and one is public and affects many people. The poem \""I lost my talk\"" deals with both types - it talks about personal loss of culture, but also is about the public policy that caused her loss. "",""slide_5"":""Nora Bernard's trauma waw caused from loosing her cultural identity and community. This happened in part because of colonial policy that removed her Indian status for marrying a non-indigenous man. This policy targetted women and made them vulerable and isolated from their communities. This meant they were more "",""pathway"":"""",""pathway_inputs"":{},""slide_6"":"""",""slide_7"":""""}"
2026-06-18T00:58:02.566Z,A Block (Waugh),JOSH (JOSH),MIKMAW11,Nora Bernard & Shubenacadie Legacy Project,INCREMENTAL_SAVE,"{""slide_1"":""The division of responsibility between Federal goverment (funding) and religious contregations (daily management) meant that no one was 'fully' accountable for problems at the school. When concerns or issues were raised, the government could point to the religious administrators for being the cause and vice versa. This meant that no one was fully accountable and no one was overseeing conditions at the school fully, which created dangerous conditions for the children.  "",""slide_2"":""The residential school system caused malnourishment and cases of medical neglect for its students, leading to death in the case of 23 students. Many more suffered physical and mental harm that impacted their quality of life after they left the school. The schools provided neglect and not care. "",""slide_3"":""Residential school students were stripped of their culture and identity. For many this meant loosing connection to their home communities and support systems. This meant they were finanically and socially vulerable. In future generations, this leads to further poverty and addiction and abuse. "",""slide_4"":""Nora Bernard's legal resistence resulted in government acknowledgment of the harm caused to residential school survivord. It also resulted in financial compensation. These are two important types of justice for the survivors. Betty Ross's cultural resilience protected her personal and cultural dignity. One approach is very personal and one is public and affects many people. The poem \""I lost my talk\"" deals with both types - it talks about personal loss of culture, but also is about the public policy that caused her loss. "",""slide_5"":""Nora Bernard's trauma waw caused from loosing her cultural identity and community. This happened in part because of colonial policy that removed her Indian status for marrying a non-indigenous man. This policy targetted women and made them vulerable and isolated from their communities. This meant they were less likely to be protected "",""pathway"":"""",""pathway_inputs"":{},""slide_6"":"""",""slide_7"":""""}"
2026-06-18T00:58:33.719Z,A Block (Waugh),JOSH (JOSH),MIKMAW11,Nora Bernard & Shubenacadie Legacy Project,INCREMENTAL_SAVE,"{""slide_1"":""The division of responsibility between Federal goverment (funding) and religious contregations (daily management) meant that no one was 'fully' accountable for problems at the school. When concerns or issues were raised, the government could point to the religious administrators for being the cause and vice versa. This meant that no one was fully accountable and no one was overseeing conditions at the school fully, which created dangerous conditions for the children.  "",""slide_2"":""The residential school system caused malnourishment and cases of medical neglect for its students, leading to death in the case of 23 students. Many more suffered physical and mental harm that impacted their quality of life after they left the school. The schools provided neglect and not care. "",""slide_3"":""Residential school students were stripped of their culture and identity. For many this meant loosing connection to their home communities and support systems. This meant they were finanically and socially vulerable. In future generations, this leads to further poverty and addiction and abuse. "",""slide_4"":""Nora Bernard's legal resistence resulted in government acknowledgment of the harm caused to residential school survivord. It also resulted in financial compensation. These are two important types of justice for the survivors. Betty Ross's cultural resilience protected her personal and cultural dignity. One approach is very personal and one is public and affects many people. The poem \""I lost my talk\"" deals with both types - it talks about personal loss of culture, but also is about the public policy that caused her loss. "",""slide_5"":""Nora Bernard's trauma waw caused from loosing her cultural identity and community. This happened in part because of colonial policy that removed her Indian status for marrying a non-indigenous man. This policy targetted women and made them vulerable and isolated from their communities. This meant they were less likely to be protected or 'missed' when they were victims of gender-based violence. "",""pathway"":"""",""pathway_inputs"":{},""slide_6"":"""",""slide_7"":""""}"
2026-06-18T00:58:52.533Z,A Block (Waugh),JOSH (JOSH),MIKMAW11,Nora Bernard & Shubenacadie Legacy Project,INCREMENTAL_SAVE,"{""slide_1"":""The division of responsibility between Federal goverment (funding) and religious contregations (daily management) meant that no one was 'fully' accountable for problems at the school. When concerns or issues were raised, the government could point to the religious administrators for being the cause and vice versa. This meant that no one was fully accountable and no one was overseeing conditions at the school fully, which created dangerous conditions for the children.  "",""slide_2"":""The residential school system caused malnourishment and cases of medical neglect for its students, leading to death in the case of 23 students. Many more suffered physical and mental harm that impacted their quality of life after they left the school. The schools provided neglect and not care. "",""slide_3"":""Residential school students were stripped of their culture and identity. For many this meant loosing connection to their home communities and support systems. This meant they were finanically and socially vulerable. In future generations, this leads to further poverty and addiction and abuse. "",""slide_4"":""Nora Bernard's legal resistence resulted in government acknowledgment of the harm caused to residential school survivord. It also resulted in financial compensation. These are two important types of justice for the survivors. Betty Ross's cultural resilience protected her personal and cultural dignity. One approach is very personal and one is public and affects many people. The poem \""I lost my talk\"" deals with both types - it talks about personal loss of culture, but also is about the public policy that caused her loss. "",""slide_5"":""Nora Bernard's trauma waw caused from loosing her cultural identity and community. This happened in part because of colonial policy that removed her Indian status for marrying a non-indigenous man. This policy targetted women and made them vulerable and isolated from their communities. This meant they were less likely to be protected or looked for when they were victims of gender-based violence. "",""pathway"":"""",""pathway_inputs"":{},""slide_6"":"""",""slide_7"":""""}"
2026-06-18T00:59:42.420Z,A Block (Waugh),JOSH (JOSH),MIKMAW11,Nora Bernard & Shubenacadie Legacy Project,INCREMENTAL_SAVE,"{""slide_1"":""The division of responsibility between Federal goverment (funding) and religious contregations (daily management) meant that no one was 'fully' accountable for problems at the school. When concerns or issues were raised, the government could point to the religious administrators for being the cause and vice versa. This meant that no one was fully accountable and no one was overseeing conditions at the school fully, which created dangerous conditions for the children.  "",""slide_2"":""The residential school system caused malnourishment and cases of medical neglect for its students, leading to death in the case of 23 students. Many more suffered physical and mental harm that impacted their quality of life after they left the school. The schools provided neglect and not care. "",""slide_3"":""Residential school students were stripped of their culture and identity. For many this meant loosing connection to their home communities and support systems. This meant they were finanically and socially vulerable. In future generations, this leads to further poverty and addiction and abuse. "",""slide_4"":""Nora Bernard's legal resistence resulted in government acknowledgment of the harm caused to residential school survivord. It also resulted in financial compensation. These are two important types of justice for the survivors. Betty Ross's cultural resilience protected her personal and cultural dignity. One approach is very personal and one is public and affects many people. The poem \""I lost my talk\"" deals with both types - it talks about personal loss of culture, but also is about the public policy that caused her loss. "",""slide_5"":""Nora Bernard's trauma waw caused from loosing her cultural identity and community. This happened in part because of colonial policy that removed her Indian status for marrying a non-indigenous man. This policy targetted women and made them vulerable and isolated from their communities. Their children carried on this trauma and were vulnerable to addiction, mental health issues, and patterns of violence. This meant they were less likely to be protected or looked for when they were victims of gender-based violence. "",""pathway"":"""",""pathway_inputs"":{},""slide_6"":"""",""slide_7"":""""}"
2026-06-18T00:59:55.198Z,A Block (Waugh),JOSH (JOSH),MIKMAW11,Nora Bernard & Shubenacadie Legacy Project,INCREMENTAL_SAVE,"{""slide_1"":""The division of responsibility between Federal goverment (funding) and religious contregations (daily management) meant that no one was 'fully' accountable for problems at the school. When concerns or issues were raised, the government could point to the religious administrators for being the cause and vice versa. This meant that no one was fully accountable and no one was overseeing conditions at the school fully, which created dangerous conditions for the children.  "",""slide_2"":""The residential school system caused malnourishment and cases of medical neglect for its students, leading to death in the case of 23 students. Many more suffered physical and mental harm that impacted their quality of life after they left the school. The schools provided neglect and not care. "",""slide_3"":""Residential school students were stripped of their culture and identity. For many this meant loosing connection to their home communities and support systems. This meant they were finanically and socially vulerable. In future generations, this leads to further poverty and addiction and abuse. "",""slide_4"":""Nora Bernard's legal resistence resulted in government acknowledgment of the harm caused to residential school survivord. It also resulted in financial compensation. These are two important types of justice for the survivors. Betty Ross's cultural resilience protected her personal and cultural dignity. One approach is very personal and one is public and affects many people. The poem \""I lost my talk\"" deals with both types - it talks about personal loss of culture, but also is about the public policy that caused her loss. "",""slide_5"":""Nora Bernard's trauma waw caused from loosing her cultural identity and community. This happened in part because of colonial policy that removed her Indian status for marrying a non-indigenous man. This policy targetted women and made them vulerable and isolated from their communities. Their children carried on this trauma and were vulnerable to addiction, mental health issues, and patterns of violence. Women isolated from their communities were less likely to be protected or looked for when they were victims of gender-based violence. "",""pathway"":"""",""pathway_inputs"":{},""slide_6"":"""",""slide_7"":""""}"
2026-06-18T01:17:26.794Z,A Block (Waugh),JOSH (JOSH),MIKMAW11,Nora Bernard & Shubenacadie Legacy Project,INCREMENTAL_SAVE,"{""slide_1"":""The division of responsibility between Federal goverment (funding) and religious contregations (daily management) meant that no one was 'fully' accountable for problems at the school. When concerns or issues were raised, the government could point to the religious administrators for being the cause and vice versa. This meant that no one was fully accountable and no one was overseeing conditions at the school fully, which created dangerous conditions for the children.  "",""slide_2"":""The residential school system caused malnourishment and cases of medical neglect for its students, leading to death in the case of 23 students. Many more suffered physical and mental harm that impacted their quality of life after they left the school. The schools provided neglect and not care. "",""slide_3"":""Residential school students were stripped of their culture and identity. For many this meant loosing connection to their home communities and support systems. This meant they were finanically and socially vulerable. In future generations, this leads to further poverty and addiction and abuse. "",""slide_4"":""Nora Bernard's legal resistence resulted in government acknowledgment of the harm caused to residential school survivord. It also resulted in financial compensation. These are two important types of justice for the survivors. Betty Ross's cultural resilience protected her personal and cultural dignity. One approach is very personal and one is public and affects many people. The poem \""I lost my talk\"" deals with both types - it talks about personal loss of culture, but also is about the public policy that caused her loss. "",""slide_5"":""Nora Bernard's trauma was caused from losing her cultural identity and community. Colonial policy removed her Indian status for marrying a non-indigenous man. This policy targetted women and made them vulerable and isolated from their communities. Their children carried on this trauma and were vulnerable to addiction, mental health issues, and patterns of violence. Women isolated from their communities were less likely to be protected or looked for when they were victims of gender-based violence. "",""pathway"":""E"",""pathway_inputs"":{""landmark"":""The "",""advocacy"":""""},""slide_6"":""[Pathway E] LANDMARK: The  | ADVOCACY:  |"",""slide_7"":""READY FOR COMMIT""}"
2026-06-18T01:17:50.026Z,A Block (Waugh),JOSH (JOSH),MIKMAW11,Nora Bernard & Shubenacadie Legacy Project,INCREMENTAL_SAVE,"{""slide_1"":""The division of responsibility between Federal goverment (funding) and religious contregations (daily management) meant that no one was 'fully' accountable for problems at the school. When concerns or issues were raised, the government could point to the religious administrators for being the cause and vice versa. This meant that no one was fully accountable and no one was overseeing conditions at the school fully, which created dangerous conditions for the children.  "",""slide_2"":""The residential school system caused malnourishment and cases of medical neglect for its students, leading to death in the case of 23 students. Many more suffered physical and mental harm that impacted their quality of life after they left the school. The schools provided neglect and not care. "",""slide_3"":""Residential school students were stripped of their culture and identity. For many this meant loosing connection to their home communities and support systems. This meant they were finanically and socially vulerable. In future generations, this leads to further poverty and addiction and abuse. "",""slide_4"":""Nora Bernard's legal resistence resulted in government acknowledgment of the harm caused to residential school survivord. It also resulted in financial compensation. These are two important types of justice for the survivors. Betty Ross's cultural resilience protected her personal and cultural dignity. One approach is very personal and one is public and affects many people. The poem \""I lost my talk\"" deals with both types - it talks about personal loss of culture, but also is about the public policy that caused her loss. "",""slide_5"":""Nora Bernard's trauma was caused from losing her cultural identity and community. Colonial policy removed her Indian status for marrying a non-indigenous man. This policy targetted women and made them vulerable and isolated from their communities. Their children carried on this trauma and were vulnerable to addiction, mental health issues, and patterns of violence. Women isolated from their communities were less likely to be protected or looked for when they were victims of gender-based violence. "",""pathway"":""E"",""pathway_inputs"":{""landmark"":""The government named a street in Halifax after a p"",""advocacy"":""""},""slide_6"":""[Pathway E] LANDMARK: The government named a street in Halifax after a p | ADVOCACY:  |"",""slide_7"":""READY FOR COMMIT""}"
2026-06-18T01:19:23.640Z,A Block (Waugh),JOSH (JOSH),MIKMAW11,Nora Bernard & Shubenacadie Legacy Project,INCREMENTAL_SAVE,"{""slide_1"":""The division of responsibility between Federal goverment (funding) and religious contregations (daily management) meant that no one was 'fully' accountable for problems at the school. When concerns or issues were raised, the government could point to the religious administrators for being the cause and vice versa. This meant that no one was fully accountable and no one was overseeing conditions at the school fully, which created dangerous conditions for the children.  "",""slide_2"":""The residential school system caused malnourishment and cases of medical neglect for its students, leading to death in the case of 23 students. Many more suffered physical and mental harm that impacted their quality of life after they left the school. The schools provided neglect and not care. "",""slide_3"":""Residential school students were stripped of their culture and identity. For many this meant loosing connection to their home communities and support systems. This meant they were finanically and socially vulerable. In future generations, this leads to further poverty and addiction and abuse. "",""slide_4"":""Nora Bernard's legal resistence resulted in government acknowledgment of the harm caused to residential school survivord. It also resulted in financial compensation. These are two important types of justice for the survivors. Betty Ross's cultural resilience protected her personal and cultural dignity. One approach is very personal and one is public and affects many people. The poem \""I lost my talk\"" deals with both types - it talks about personal loss of culture, but also is about the public policy that caused her loss. "",""slide_5"":""Nora Bernard's trauma was caused from losing her cultural identity and community. Colonial policy removed her Indian status for marrying a non-indigenous man. This policy targetted women and made them vulerable and isolated from their communities. Their children carried on this trauma and were vulnerable to addiction, mental health issues, and patterns of violence. Women isolated from their communities were less likely to be protected or looked for when they were victims of gender-based violence. "",""pathway"":""E"",""pathway_inputs"":{""landmark"":""The government named a street in Halifax in recognition of a "",""advocacy"":""""},""slide_6"":""[Pathway E] LANDMARK: The government named a street in Halifax in recognition of a  | ADVOCACY:  |"",""slide_7"":""READY FOR COMMIT""}"
2026-06-18T01:19:33.394Z,A Block (Waugh),JOSH (JOSH),MIKMAW11,Nora Bernard & Shubenacadie Legacy Project,INCREMENTAL_SAVE,"{""slide_1"":""The division of responsibility between Federal goverment (funding) and religious contregations (daily management) meant that no one was 'fully' accountable for problems at the school. When concerns or issues were raised, the government could point to the religious administrators for being the cause and vice versa. This meant that no one was fully accountable and no one was overseeing conditions at the school fully, which created dangerous conditions for the children.  "",""slide_2"":""The residential school system caused malnourishment and cases of medical neglect for its students, leading to death in the case of 23 students. Many more suffered physical and mental harm that impacted their quality of life after they left the school. The schools provided neglect and not care. "",""slide_3"":""Residential school students were stripped of their culture and identity. For many this meant loosing connection to their home communities and support systems. This meant they were finanically and socially vulerable. In future generations, this leads to further poverty and addiction and abuse. "",""slide_4"":""Nora Bernard's legal resistence resulted in government acknowledgment of the harm caused to residential school survivord. It also resulted in financial compensation. These are two important types of justice for the survivors. Betty Ross's cultural resilience protected her personal and cultural dignity. One approach is very personal and one is public and affects many people. The poem \""I lost my talk\"" deals with both types - it talks about personal loss of culture, but also is about the public policy that caused her loss. "",""slide_5"":""Nora Bernard's trauma was caused from losing her cultural identity and community. Colonial policy removed her Indian status for marrying a non-indigenous man. This policy targetted women and made them vulerable and isolated from their communities. Their children carried on this trauma and were vulnerable to addiction, mental health issues, and patterns of violence. Women isolated from their communities were less likely to be protected or looked for when they were victims of gender-based violence. "",""pathway"":""E"",""pathway_inputs"":{""landmark"":""The government named a street in Halifax in recognition of a Governor of Nova Scotia who "",""advocacy"":""""},""slide_6"":""[Pathway E] LANDMARK: The government named a street in Halifax in recognition of a Governor of Nova Scotia who  | ADVOCACY:  |"",""slide_7"":""READY FOR COMMIT""}"
2026-06-18T01:20:03.324Z,A Block (Waugh),JOSH (JOSH),MIKMAW11,Nora Bernard & Shubenacadie Legacy Project,INCREMENTAL_SAVE,"{""slide_1"":""The division of responsibility between Federal goverment (funding) and religious contregations (daily management) meant that no one was 'fully' accountable for problems at the school. When concerns or issues were raised, the government could point to the religious administrators for being the cause and vice versa. This meant that no one was fully accountable and no one was overseeing conditions at the school fully, which created dangerous conditions for the children.  "",""slide_2"":""The residential school system caused malnourishment and cases of medical neglect for its students, leading to death in the case of 23 students. Many more suffered physical and mental harm that impacted their quality of life after they left the school. The schools provided neglect and not care. "",""slide_3"":""Residential school students were stripped of their culture and identity. For many this meant loosing connection to their home communities and support systems. This meant they were finanically and socially vulerable. In future generations, this leads to further poverty and addiction and abuse. "",""slide_4"":""Nora Bernard's legal resistence resulted in government acknowledgment of the harm caused to residential school survivord. It also resulted in financial compensation. These are two important types of justice for the survivors. Betty Ross's cultural resilience protected her personal and cultural dignity. One approach is very personal and one is public and affects many people. The poem \""I lost my talk\"" deals with both types - it talks about personal loss of culture, but also is about the public policy that caused her loss. "",""slide_5"":""Nora Bernard's trauma was caused from losing her cultural identity and community. Colonial policy removed her Indian status for marrying a non-indigenous man. This policy targetted women and made them vulerable and isolated from their communities. Their children carried on this trauma and were vulnerable to addiction, mental health issues, and patterns of violence. Women isolated from their communities were less likely to be protected or looked for when they were victims of gender-based violence. "",""pathway"":""E"",""pathway_inputs"":{""landmark"":""The government named a street in Halifax in recognition of a Governor of Nova Scotia who issued a bounty for the scalps of Mi'kaq people. This is state sactioned violence against the Mi'k"",""advocacy"":""""},""slide_6"":""[Pathway E] LANDMARK: The government named a street in Halifax in recognition of a Governor of Nova Scotia who issued a bounty for the scalps of Mi'kaq people. This is state sactioned violence against the Mi'k | ADVOCACY:  |"",""slide_7"":""READY FOR COMMIT""}"
2026-06-18T01:20:11.422Z,A Block (Waugh),JOSH (JOSH),MIKMAW11,Nora Bernard & Shubenacadie Legacy Project,INCREMENTAL_SAVE,"{""slide_1"":""The division of responsibility between Federal goverment (funding) and religious contregations (daily management) meant that no one was 'fully' accountable for problems at the school. When concerns or issues were raised, the government could point to the religious administrators for being the cause and vice versa. This meant that no one was fully accountable and no one was overseeing conditions at the school fully, which created dangerous conditions for the children.  "",""slide_2"":""The residential school system caused malnourishment and cases of medical neglect for its students, leading to death in the case of 23 students. Many more suffered physical and mental harm that impacted their quality of life after they left the school. The schools provided neglect and not care. "",""slide_3"":""Residential school students were stripped of their culture and identity. For many this meant loosing connection to their home communities and support systems. This meant they were finanically and socially vulerable. In future generations, this leads to further poverty and addiction and abuse. "",""slide_4"":""Nora Bernard's legal resistence resulted in government acknowledgment of the harm caused to residential school survivord. It also resulted in financial compensation. These are two important types of justice for the survivors. Betty Ross's cultural resilience protected her personal and cultural dignity. One approach is very personal and one is public and affects many people. The poem \""I lost my talk\"" deals with both types - it talks about personal loss of culture, but also is about the public policy that caused her loss. "",""slide_5"":""Nora Bernard's trauma was caused from losing her cultural identity and community. Colonial policy removed her Indian status for marrying a non-indigenous man. This policy targetted women and made them vulerable and isolated from their communities. Their children carried on this trauma and were vulnerable to addiction, mental health issues, and patterns of violence. Women isolated from their communities were less likely to be protected or looked for when they were victims of gender-based violence. "",""pathway"":""E"",""pathway_inputs"":{""landmark"":""The government named a street in Halifax in recognition of a Governor of Nova Scotia who issued a bounty for the scalps of Mi'kmaq people. This is state sactioned violence against the Mi'k"",""advocacy"":""""},""slide_6"":""[Pathway E] LANDMARK: The government named a street in Halifax in recognition of a Governor of Nova Scotia who issued a bounty for the scalps of Mi'kmaq people. This is state sactioned violence against the Mi'k | ADVOCACY:  |"",""slide_7"":""READY FOR COMMIT""}"
2026-06-18T01:20:27.621Z,A Block (Waugh),JOSH (JOSH),MIKMAW11,Nora Bernard & Shubenacadie Legacy Project,INCREMENTAL_SAVE,"{""slide_1"":""The division of responsibility between Federal goverment (funding) and religious contregations (daily management) meant that no one was 'fully' accountable for problems at the school. When concerns or issues were raised, the government could point to the religious administrators for being the cause and vice versa. This meant that no one was fully accountable and no one was overseeing conditions at the school fully, which created dangerous conditions for the children.  "",""slide_2"":""The residential school system caused malnourishment and cases of medical neglect for its students, leading to death in the case of 23 students. Many more suffered physical and mental harm that impacted their quality of life after they left the school. The schools provided neglect and not care. "",""slide_3"":""Residential school students were stripped of their culture and identity. For many this meant loosing connection to their home communities and support systems. This meant they were finanically and socially vulerable. In future generations, this leads to further poverty and addiction and abuse. "",""slide_4"":""Nora Bernard's legal resistence resulted in government acknowledgment of the harm caused to residential school survivord. It also resulted in financial compensation. These are two important types of justice for the survivors. Betty Ross's cultural resilience protected her personal and cultural dignity. One approach is very personal and one is public and affects many people. The poem \""I lost my talk\"" deals with both types - it talks about personal loss of culture, but also is about the public policy that caused her loss. "",""slide_5"":""Nora Bernard's trauma was caused from losing her cultural identity and community. Colonial policy removed her Indian status for marrying a non-indigenous man. This policy targetted women and made them vulerable and isolated from their communities. Their children carried on this trauma and were vulnerable to addiction, mental health issues, and patterns of violence. Women isolated from their communities were less likely to be protected or looked for when they were victims of gender-based violence. "",""pathway"":""E"",""pathway_inputs"":{""landmark"":""The government named a street in Halifax in recognition of a Governor of Nova Scotia who issued a bounty for the scalps of Mi'kmaq people. This is celebration state violence against "",""advocacy"":""""},""slide_6"":""[Pathway E] LANDMARK: The government named a street in Halifax in recognition of a Governor of Nova Scotia who issued a bounty for the scalps of Mi'kmaq people. This is celebration state violence against  | ADVOCACY:  |"",""slide_7"":""READY FOR COMMIT""}"
2026-06-18T01:20:58.612Z,A Block (Waugh),JOSH (JOSH),MIKMAW11,Nora Bernard & Shubenacadie Legacy Project,INCREMENTAL_SAVE,"{""slide_1"":""The division of responsibility between Federal goverment (funding) and religious contregations (daily management) meant that no one was 'fully' accountable for problems at the school. When concerns or issues were raised, the government could point to the religious administrators for being the cause and vice versa. This meant that no one was fully accountable and no one was overseeing conditions at the school fully, which created dangerous conditions for the children.  "",""slide_2"":""The residential school system caused malnourishment and cases of medical neglect for its students, leading to death in the case of 23 students. Many more suffered physical and mental harm that impacted their quality of life after they left the school. The schools provided neglect and not care. "",""slide_3"":""Residential school students were stripped of their culture and identity. For many this meant loosing connection to their home communities and support systems. This meant they were finanically and socially vulerable. In future generations, this leads to further poverty and addiction and abuse. "",""slide_4"":""Nora Bernard's legal resistence resulted in government acknowledgment of the harm caused to residential school survivord. It also resulted in financial compensation. These are two important types of justice for the survivors. Betty Ross's cultural resilience protected her personal and cultural dignity. One approach is very personal and one is public and affects many people. The poem \""I lost my talk\"" deals with both types - it talks about personal loss of culture, but also is about the public policy that caused her loss. "",""slide_5"":""Nora Bernard's trauma was caused from losing her cultural identity and community. Colonial policy removed her Indian status for marrying a non-indigenous man. This policy targetted women and made them vulerable and isolated from their communities. Their children carried on this trauma and were vulnerable to addiction, mental health issues, and patterns of violence. Women isolated from their communities were less likely to be protected or looked for when they were victims of gender-based violence. "",""pathway"":""E"",""pathway_inputs"":{""landmark"":""The government named a street in Halifax in recognition of a Governor of Nova Scotia who issued a bounty for the scalps of Mi'kmaq people. This is celebration state violence against indigenous people, and as a monument it's a constant reminder "",""advocacy"":""""},""slide_6"":""[Pathway E] LANDMARK: The government named a street in Halifax in recognition of a Governor of Nova Scotia who issued a bounty for the scalps of Mi'kmaq people. This is celebration state violence against indigenous people, and as a monument it's a constant reminder  | ADVOCACY:  |"",""slide_7"":""READY FOR COMMIT""}"
2026-06-18T01:21:25.912Z,A Block (Waugh),JOSH (JOSH),MIKMAW11,Nora Bernard & Shubenacadie Legacy Project,INCREMENTAL_SAVE,"{""slide_1"":""The division of responsibility between Federal goverment (funding) and religious contregations (daily management) meant that no one was 'fully' accountable for problems at the school. When concerns or issues were raised, the government could point to the religious administrators for being the cause and vice versa. This meant that no one was fully accountable and no one was overseeing conditions at the school fully, which created dangerous conditions for the children.  "",""slide_2"":""The residential school system caused malnourishment and cases of medical neglect for its students, leading to death in the case of 23 students. Many more suffered physical and mental harm that impacted their quality of life after they left the school. The schools provided neglect and not care. "",""slide_3"":""Residential school students were stripped of their culture and identity. For many this meant loosing connection to their home communities and support systems. This meant they were finanically and socially vulerable. In future generations, this leads to further poverty and addiction and abuse. "",""slide_4"":""Nora Bernard's legal resistence resulted in government acknowledgment of the harm caused to residential school survivord. It also resulted in financial compensation. These are two important types of justice for the survivors. Betty Ross's cultural resilience protected her personal and cultural dignity. One approach is very personal and one is public and affects many people. The poem \""I lost my talk\"" deals with both types - it talks about personal loss of culture, but also is about the public policy that caused her loss. "",""slide_5"":""Nora Bernard's trauma was caused from losing her cultural identity and community. Colonial policy removed her Indian status for marrying a non-indigenous man. This policy targetted women and made them vulerable and isolated from their communities. Their children carried on this trauma and were vulnerable to addiction, mental health issues, and patterns of violence. Women isolated from their communities were less likely to be protected or looked for when they were victims of gender-based violence. "",""pathway"":""E"",""pathway_inputs"":{""landmark"":""The government named a street in Halifax in recognition of a Governor of Nova Scotia who issued a bounty for the scalps of Mi'kmaq people. This is celebration state violence against indigenous people, and as a monument it's a constant reminder of colonial harm. "",""advocacy"":""""},""slide_6"":""[Pathway E] LANDMARK: The government named a street in Halifax in recognition of a Governor of Nova Scotia who issued a bounty for the scalps of Mi'kmaq people. This is celebration state violence against indigenous people, and as a monument it's a constant reminder of colonial harm.  | ADVOCACY:  |"",""slide_7"":""READY FOR COMMIT""}"
2026-06-18T01:21:56.111Z,A Block (Waugh),JOSH (JOSH),MIKMAW11,Nora Bernard & Shubenacadie Legacy Project,INCREMENTAL_SAVE,"{""slide_1"":""The division of responsibility between Federal goverment (funding) and religious contregations (daily management) meant that no one was 'fully' accountable for problems at the school. When concerns or issues were raised, the government could point to the religious administrators for being the cause and vice versa. This meant that no one was fully accountable and no one was overseeing conditions at the school fully, which created dangerous conditions for the children.  "",""slide_2"":""The residential school system caused malnourishment and cases of medical neglect for its students, leading to death in the case of 23 students. Many more suffered physical and mental harm that impacted their quality of life after they left the school. The schools provided neglect and not care. "",""slide_3"":""Residential school students were stripped of their culture and identity. For many this meant loosing connection to their home communities and support systems. This meant they were finanically and socially vulerable. In future generations, this leads to further poverty and addiction and abuse. "",""slide_4"":""Nora Bernard's legal resistence resulted in government acknowledgment of the harm caused to residential school survivord. It also resulted in financial compensation. These are two important types of justice for the survivors. Betty Ross's cultural resilience protected her personal and cultural dignity. One approach is very personal and one is public and affects many people. The poem \""I lost my talk\"" deals with both types - it talks about personal loss of culture, but also is about the public policy that caused her loss. "",""slide_5"":""Nora Bernard's trauma was caused from losing her cultural identity and community. Colonial policy removed her Indian status for marrying a non-indigenous man. This policy targetted women and made them vulerable and isolated from their communities. Their children carried on this trauma and were vulnerable to addiction, mental health issues, and patterns of violence. Women isolated from their communities were less likely to be protected or looked for when they were victims of gender-based violence. "",""pathway"":""E"",""pathway_inputs"":{""landmark"":""The government named a street in Halifax in recognition of a Governor of Nova Scotia who issued a bounty for the scalps of Mi'kmaq people. This is celebration state violence against indigenous people, and as a monument it's a constant reminder of colonial harm they've suffered. By changing the name to Nora Bernand"",""advocacy"":""""},""slide_6"":""[Pathway E] LANDMARK: The government named a street in Halifax in recognition of a Governor of Nova Scotia who issued a bounty for the scalps of Mi'kmaq people. This is celebration state violence against indigenous people, and as a monument it's a constant reminder of colonial harm they've suffered. By changing the name to Nora Bernand | ADVOCACY:  |"",""slide_7"":""READY FOR COMMIT""}"
2026-06-18T01:22:01.192Z,A Block (Waugh),JOSH (JOSH),MIKMAW11,Nora Bernard & Shubenacadie Legacy Project,INCREMENTAL_SAVE,"{""slide_1"":""The division of responsibility between Federal goverment (funding) and religious contregations (daily management) meant that no one was 'fully' accountable for problems at the school. When concerns or issues were raised, the government could point to the religious administrators for being the cause and vice versa. This meant that no one was fully accountable and no one was overseeing conditions at the school fully, which created dangerous conditions for the children.  "",""slide_2"":""The residential school system caused malnourishment and cases of medical neglect for its students, leading to death in the case of 23 students. Many more suffered physical and mental harm that impacted their quality of life after they left the school. The schools provided neglect and not care. "",""slide_3"":""Residential school students were stripped of their culture and identity. For many this meant loosing connection to their home communities and support systems. This meant they were finanically and socially vulerable. In future generations, this leads to further poverty and addiction and abuse. "",""slide_4"":""Nora Bernard's legal resistence resulted in government acknowledgment of the harm caused to residential school survivord. It also resulted in financial compensation. These are two important types of justice for the survivors. Betty Ross's cultural resilience protected her personal and cultural dignity. One approach is very personal and one is public and affects many people. The poem \""I lost my talk\"" deals with both types - it talks about personal loss of culture, but also is about the public policy that caused her loss. "",""slide_5"":""Nora Bernard's trauma was caused from losing her cultural identity and community. Colonial policy removed her Indian status for marrying a non-indigenous man. This policy targetted women and made them vulerable and isolated from their communities. Their children carried on this trauma and were vulnerable to addiction, mental health issues, and patterns of violence. Women isolated from their communities were less likely to be protected or looked for when they were victims of gender-based violence. "",""pathway"":""E"",""pathway_inputs"":{""landmark"":""The government named a street in Halifax in recognition of a Governor of Nova Scotia who issued a bounty for the scalps of Mi'kmaq people. This is celebration state violence against indigenous people, and as a monument it's a constant reminder of colonial harm they've suffered. Changing the name to Nora Bernand"",""advocacy"":""""},""slide_6"":""[Pathway E] LANDMARK: The government named a street in Halifax in recognition of a Governor of Nova Scotia who issued a bounty for the scalps of Mi'kmaq people. This is celebration state violence against indigenous people, and as a monument it's a constant reminder of colonial harm they've suffered. Changing the name to Nora Bernand | ADVOCACY:  |"",""slide_7"":""READY FOR COMMIT""}"
2026-06-18T01:22:12.976Z,A Block (Waugh),JOSH (JOSH),MIKMAW11,Nora Bernard & Shubenacadie Legacy Project,INCREMENTAL_SAVE,"{""slide_1"":""The division of responsibility between Federal goverment (funding) and religious contregations (daily management) meant that no one was 'fully' accountable for problems at the school. When concerns or issues were raised, the government could point to the religious administrators for being the cause and vice versa. This meant that no one was fully accountable and no one was overseeing conditions at the school fully, which created dangerous conditions for the children.  "",""slide_2"":""The residential school system caused malnourishment and cases of medical neglect for its students, leading to death in the case of 23 students. Many more suffered physical and mental harm that impacted their quality of life after they left the school. The schools provided neglect and not care. "",""slide_3"":""Residential school students were stripped of their culture and identity. For many this meant loosing connection to their home communities and support systems. This meant they were finanically and socially vulerable. In future generations, this leads to further poverty and addiction and abuse. "",""slide_4"":""Nora Bernard's legal resistence resulted in government acknowledgment of the harm caused to residential school survivord. It also resulted in financial compensation. These are two important types of justice for the survivors. Betty Ross's cultural resilience protected her personal and cultural dignity. One approach is very personal and one is public and affects many people. The poem \""I lost my talk\"" deals with both types - it talks about personal loss of culture, but also is about the public policy that caused her loss. "",""slide_5"":""Nora Bernard's trauma was caused from losing her cultural identity and community. Colonial policy removed her Indian status for marrying a non-indigenous man. This policy targetted women and made them vulerable and isolated from their communities. Their children carried on this trauma and were vulnerable to addiction, mental health issues, and patterns of violence. Women isolated from their communities were less likely to be protected or looked for when they were victims of gender-based violence. "",""pathway"":""E"",""pathway_inputs"":{""landmark"":""The government named a street in Halifax in recognition of a Governor of Nova Scotia who issued a bounty for the scalps of Mi'kmaq people. This is celebration state violence against indigenous people, and as a monument it's a constant reminder of colonial harm they've suffered. Changing the name to Nora Bernand was a very powerful statement. It showed that "",""advocacy"":""""},""slide_6"":""[Pathway E] LANDMARK: The government named a street in Halifax in recognition of a Governor of Nova Scotia who issued a bounty for the scalps of Mi'kmaq people. This is celebration state violence against indigenous people, and as a monument it's a constant reminder of colonial harm they've suffered. Changing the name to Nora Bernand was a very powerful statement. It showed that  | ADVOCACY:  |"",""slide_7"":""READY FOR COMMIT""}"
2026-06-18T01:22:23.974Z,A Block (Waugh),JOSH (JOSH),MIKMAW11,Nora Bernard & Shubenacadie Legacy Project,INCREMENTAL_SAVE,"{""slide_1"":""The division of responsibility between Federal goverment (funding) and religious contregations (daily management) meant that no one was 'fully' accountable for problems at the school. When concerns or issues were raised, the government could point to the religious administrators for being the cause and vice versa. This meant that no one was fully accountable and no one was overseeing conditions at the school fully, which created dangerous conditions for the children.  "",""slide_2"":""The residential school system caused malnourishment and cases of medical neglect for its students, leading to death in the case of 23 students. Many more suffered physical and mental harm that impacted their quality of life after they left the school. The schools provided neglect and not care. "",""slide_3"":""Residential school students were stripped of their culture and identity. For many this meant loosing connection to their home communities and support systems. This meant they were finanically and socially vulerable. In future generations, this leads to further poverty and addiction and abuse. "",""slide_4"":""Nora Bernard's legal resistence resulted in government acknowledgment of the harm caused to residential school survivord. It also resulted in financial compensation. These are two important types of justice for the survivors. Betty Ross's cultural resilience protected her personal and cultural dignity. One approach is very personal and one is public and affects many people. The poem \""I lost my talk\"" deals with both types - it talks about personal loss of culture, but also is about the public policy that caused her loss. "",""slide_5"":""Nora Bernard's trauma was caused from losing her cultural identity and community. Colonial policy removed her Indian status for marrying a non-indigenous man. This policy targetted women and made them vulerable and isolated from their communities. Their children carried on this trauma and were vulnerable to addiction, mental health issues, and patterns of violence. Women isolated from their communities were less likely to be protected or looked for when they were victims of gender-based violence. "",""pathway"":""E"",""pathway_inputs"":{""landmark"":""The government named a street in Halifax in recognition of a Governor of Nova Scotia who issued a bounty for the scalps of Mi'kmaq people. This is celebration state violence against indigenous people, and as a monument it's a constant reminder of colonial harm they've suffered. Changing the name to Nora Bernand was a very powerful statement. It showed that a figure of "",""advocacy"":""""},""slide_6"":""[Pathway E] LANDMARK: The government named a street in Halifax in recognition of a Governor of Nova Scotia who issued a bounty for the scalps of Mi'kmaq people. This is celebration state violence against indigenous people, and as a monument it's a constant reminder of colonial harm they've suffered. Changing the name to Nora Bernand was a very powerful statement. It showed that a figure of  | ADVOCACY:  |"",""slide_7"":""READY FOR COMMIT""}"
2026-06-18T01:22:36.902Z,A Block (Waugh),JOSH (JOSH),MIKMAW11,Nora Bernard & Shubenacadie Legacy Project,INCREMENTAL_SAVE,"{""slide_1"":""The division of responsibility between Federal goverment (funding) and religious contregations (daily management) meant that no one was 'fully' accountable for problems at the school. When concerns or issues were raised, the government could point to the religious administrators for being the cause and vice versa. This meant that no one was fully accountable and no one was overseeing conditions at the school fully, which created dangerous conditions for the children.  "",""slide_2"":""The residential school system caused malnourishment and cases of medical neglect for its students, leading to death in the case of 23 students. Many more suffered physical and mental harm that impacted their quality of life after they left the school. The schools provided neglect and not care. "",""slide_3"":""Residential school students were stripped of their culture and identity. For many this meant loosing connection to their home communities and support systems. This meant they were finanically and socially vulerable. In future generations, this leads to further poverty and addiction and abuse. "",""slide_4"":""Nora Bernard's legal resistence resulted in government acknowledgment of the harm caused to residential school survivord. It also resulted in financial compensation. These are two important types of justice for the survivors. Betty Ross's cultural resilience protected her personal and cultural dignity. One approach is very personal and one is public and affects many people. The poem \""I lost my talk\"" deals with both types - it talks about personal loss of culture, but also is about the public policy that caused her loss. "",""slide_5"":""Nora Bernard's trauma was caused from losing her cultural identity and community. Colonial policy removed her Indian status for marrying a non-indigenous man. This policy targetted women and made them vulerable and isolated from their communities. Their children carried on this trauma and were vulnerable to addiction, mental health issues, and patterns of violence. Women isolated from their communities were less likely to be protected or looked for when they were victims of gender-based violence. "",""pathway"":""E"",""pathway_inputs"":{""landmark"":""The government named a street in Halifax in recognition of a Governor of Nova Scotia who issued a bounty for the scalps of Mi'kmaq people. This is celebration state violence against indigenous people, and as a monument it's a constant reminder of colonial harm they've suffered. Changing the name to Nora Bernand was a very powerful statement. It showed that a figure of female indigenous "",""advocacy"":""""},""slide_6"":""[Pathway E] LANDMARK: The government named a street in Halifax in recognition of a Governor of Nova Scotia who issued a bounty for the scalps of Mi'kmaq people. This is celebration state violence against indigenous people, and as a monument it's a constant reminder of colonial harm they've suffered. Changing the name to Nora Bernand was a very powerful statement. It showed that a figure of female indigenous  | ADVOCACY:  |"",""slide_7"":""READY FOR COMMIT""}"
2026-06-18T01:22:52.923Z,A Block (Waugh),JOSH (JOSH),MIKMAW11,Nora Bernard & Shubenacadie Legacy Project,INCREMENTAL_SAVE,"{""slide_1"":""The division of responsibility between Federal goverment (funding) and religious contregations (daily management) meant that no one was 'fully' accountable for problems at the school. When concerns or issues were raised, the government could point to the religious administrators for being the cause and vice versa. This meant that no one was fully accountable and no one was overseeing conditions at the school fully, which created dangerous conditions for the children.  "",""slide_2"":""The residential school system caused malnourishment and cases of medical neglect for its students, leading to death in the case of 23 students. Many more suffered physical and mental harm that impacted their quality of life after they left the school. The schools provided neglect and not care. "",""slide_3"":""Residential school students were stripped of their culture and identity. For many this meant loosing connection to their home communities and support systems. This meant they were finanically and socially vulerable. In future generations, this leads to further poverty and addiction and abuse. "",""slide_4"":""Nora Bernard's legal resistence resulted in government acknowledgment of the harm caused to residential school survivord. It also resulted in financial compensation. These are two important types of justice for the survivors. Betty Ross's cultural resilience protected her personal and cultural dignity. One approach is very personal and one is public and affects many people. The poem \""I lost my talk\"" deals with both types - it talks about personal loss of culture, but also is about the public policy that caused her loss. "",""slide_5"":""Nora Bernard's trauma was caused from losing her cultural identity and community. Colonial policy removed her Indian status for marrying a non-indigenous man. This policy targetted women and made them vulerable and isolated from their communities. Their children carried on this trauma and were vulnerable to addiction, mental health issues, and patterns of violence. Women isolated from their communities were less likely to be protected or looked for when they were victims of gender-based violence. "",""pathway"":""E"",""pathway_inputs"":{""landmark"":""The government named a street in Halifax in recognition of a Governor of Nova Scotia who issued a bounty for the scalps of Mi'kmaq people. This is celebration state violence against indigenous people, and as a monument it's a constant reminder of colonial harm they've suffered. Changing the name to Nora Bernand was a very powerful statement. It showed that an indigenous woman female indigenous "",""advocacy"":""""},""slide_6"":""[Pathway E] LANDMARK: The government named a street in Halifax in recognition of a Governor of Nova Scotia who issued a bounty for the scalps of Mi'kmaq people. This is celebration state violence against indigenous people, and as a monument it's a constant reminder of colonial harm they've suffered. Changing the name to Nora Bernand was a very powerful statement. It showed that an indigenous woman female indigenous  | ADVOCACY:  |"",""slide_7"":""READY FOR COMMIT""}"
2026-06-18T01:23:13.961Z,A Block (Waugh),JOSH (JOSH),MIKMAW11,Nora Bernard & Shubenacadie Legacy Project,INCREMENTAL_SAVE,"{""slide_1"":""The division of responsibility between Federal goverment (funding) and religious contregations (daily management) meant that no one was 'fully' accountable for problems at the school. When concerns or issues were raised, the government could point to the religious administrators for being the cause and vice versa. This meant that no one was fully accountable and no one was overseeing conditions at the school fully, which created dangerous conditions for the children.  "",""slide_2"":""The residential school system caused malnourishment and cases of medical neglect for its students, leading to death in the case of 23 students. Many more suffered physical and mental harm that impacted their quality of life after they left the school. The schools provided neglect and not care. "",""slide_3"":""Residential school students were stripped of their culture and identity. For many this meant loosing connection to their home communities and support systems. This meant they were finanically and socially vulerable. In future generations, this leads to further poverty and addiction and abuse. "",""slide_4"":""Nora Bernard's legal resistence resulted in government acknowledgment of the harm caused to residential school survivord. It also resulted in financial compensation. These are two important types of justice for the survivors. Betty Ross's cultural resilience protected her personal and cultural dignity. One approach is very personal and one is public and affects many people. The poem \""I lost my talk\"" deals with both types - it talks about personal loss of culture, but also is about the public policy that caused her loss. "",""slide_5"":""Nora Bernard's trauma was caused from losing her cultural identity and community. Colonial policy removed her Indian status for marrying a non-indigenous man. This policy targetted women and made them vulerable and isolated from their communities. Their children carried on this trauma and were vulnerable to addiction, mental health issues, and patterns of violence. Women isolated from their communities were less likely to be protected or looked for when they were victims of gender-based violence. "",""pathway"":""E"",""pathway_inputs"":{""landmark"":""The government named a street in Halifax in recognition of a Governor of Nova Scotia who issued a bounty for the scalps of Mi'kmaq people. This is celebration state violence against indigenous people, and as a monument it's a constant reminder of colonial harm they've suffered. Changing the name to Nora Bernand was a very powerful statement. It showed that an indigenous woman who fought against colonial policy and for reconciliation "",""advocacy"":""""},""slide_6"":""[Pathway E] LANDMARK: The government named a street in Halifax in recognition of a Governor of Nova Scotia who issued a bounty for the scalps of Mi'kmaq people. This is celebration state violence against indigenous people, and as a monument it's a constant reminder of colonial harm they've suffered. Changing the name to Nora Bernand was a very powerful statement. It showed that an indigenous woman who fought against colonial policy and for reconciliation  | ADVOCACY:  |"",""slide_7"":""READY FOR COMMIT""}"
2026-06-18T01:23:37.322Z,A Block (Waugh),JOSH (JOSH),MIKMAW11,Nora Bernard & Shubenacadie Legacy Project,INCREMENTAL_SAVE,"{""slide_1"":""The division of responsibility between Federal goverment (funding) and religious contregations (daily management) meant that no one was 'fully' accountable for problems at the school. When concerns or issues were raised, the government could point to the religious administrators for being the cause and vice versa. This meant that no one was fully accountable and no one was overseeing conditions at the school fully, which created dangerous conditions for the children.  "",""slide_2"":""The residential school system caused malnourishment and cases of medical neglect for its students, leading to death in the case of 23 students. Many more suffered physical and mental harm that impacted their quality of life after they left the school. The schools provided neglect and not care. "",""slide_3"":""Residential school students were stripped of their culture and identity. For many this meant loosing connection to their home communities and support systems. This meant they were finanically and socially vulerable. In future generations, this leads to further poverty and addiction and abuse. "",""slide_4"":""Nora Bernard's legal resistence resulted in government acknowledgment of the harm caused to residential school survivord. It also resulted in financial compensation. These are two important types of justice for the survivors. Betty Ross's cultural resilience protected her personal and cultural dignity. One approach is very personal and one is public and affects many people. The poem \""I lost my talk\"" deals with both types - it talks about personal loss of culture, but also is about the public policy that caused her loss. "",""slide_5"":""Nora Bernard's trauma was caused from losing her cultural identity and community. Colonial policy removed her Indian status for marrying a non-indigenous man. This policy targetted women and made them vulerable and isolated from their communities. Their children carried on this trauma and were vulnerable to addiction, mental health issues, and patterns of violence. Women isolated from their communities were less likely to be protected or looked for when they were victims of gender-based violence. "",""pathway"":""E"",""pathway_inputs"":{""landmark"":""The government named a street in Halifax in recognition of a Governor of Nova Scotia who issued a bounty for the scalps of Mi'kmaq people. This is celebration state violence against indigenous people, and as a monument it's a constant reminder of colonial harm they've suffered. Changing the name to Nora Bernand was a very powerful statement. It showed that an indigenous woman who fought against colonial policy and for compesnation and reconciliation was worthy of celebration, while "",""advocacy"":""""},""slide_6"":""[Pathway E] LANDMARK: The government named a street in Halifax in recognition of a Governor of Nova Scotia who issued a bounty for the scalps of Mi'kmaq people. This is celebration state violence against indigenous people, and as a monument it's a constant reminder of colonial harm they've suffered. Changing the name to Nora Bernand was a very powerful statement. It showed that an indigenous woman who fought against colonial policy and for compesnation and reconciliation was worthy of celebration, while  | ADVOCACY:  |"",""slide_7"":""READY FOR COMMIT""}"
2026-06-18T01:24:00.882Z,A Block (Waugh),JOSH (JOSH),MIKMAW11,Nora Bernard & Shubenacadie Legacy Project,INCREMENTAL_SAVE,"{""slide_1"":""The division of responsibility between Federal goverment (funding) and religious contregations (daily management) meant that no one was 'fully' accountable for problems at the school. When concerns or issues were raised, the government could point to the religious administrators for being the cause and vice versa. This meant that no one was fully accountable and no one was overseeing conditions at the school fully, which created dangerous conditions for the children.  "",""slide_2"":""The residential school system caused malnourishment and cases of medical neglect for its students, leading to death in the case of 23 students. Many more suffered physical and mental harm that impacted their quality of life after they left the school. The schools provided neglect and not care. "",""slide_3"":""Residential school students were stripped of their culture and identity. For many this meant loosing connection to their home communities and support systems. This meant they were finanically and socially vulerable. In future generations, this leads to further poverty and addiction and abuse. "",""slide_4"":""Nora Bernard's legal resistence resulted in government acknowledgment of the harm caused to residential school survivord. It also resulted in financial compensation. These are two important types of justice for the survivors. Betty Ross's cultural resilience protected her personal and cultural dignity. One approach is very personal and one is public and affects many people. The poem \""I lost my talk\"" deals with both types - it talks about personal loss of culture, but also is about the public policy that caused her loss. "",""slide_5"":""Nora Bernard's trauma was caused from losing her cultural identity and community. Colonial policy removed her Indian status for marrying a non-indigenous man. This policy targetted women and made them vulerable and isolated from their communities. Their children carried on this trauma and were vulnerable to addiction, mental health issues, and patterns of violence. Women isolated from their communities were less likely to be protected or looked for when they were victims of gender-based violence. "",""pathway"":""E"",""pathway_inputs"":{""landmark"":""The government named a street in Halifax in recognition of a Governor of Nova Scotia who issued a bounty for the scalps of Mi'kmaq people. This is celebration state violence against indigenous people, and as a monument it's a constant reminder of colonial harm they've suffered. Changing the name to Nora Bernand was a very powerful statement. It showed that an indigenous woman who fought against colonial policy and for compesnation and reconciliation was worthy of celebration, while a representative of colonial violence and oppression was not. "",""advocacy"":""""},""slide_6"":""[Pathway E] LANDMARK: The government named a street in Halifax in recognition of a Governor of Nova Scotia who issued a bounty for the scalps of Mi'kmaq people. This is celebration state violence against indigenous people, and as a monument it's a constant reminder of colonial harm they've suffered. Changing the name to Nora Bernand was a very powerful statement. It showed that an indigenous woman who fought against colonial policy and for compesnation and reconciliation was worthy of celebration, while a representative of colonial violence and oppression was not.  | ADVOCACY:  |"",""slide_7"":""READY FOR COMMIT""}"
2026-06-18T01:24:21.826Z,A Block (Waugh),JOSH (JOSH),MIKMAW11,Nora Bernard & Shubenacadie Legacy Project,INCREMENTAL_SAVE,"{""slide_1"":""The division of responsibility between Federal goverment (funding) and religious contregations (daily management) meant that no one was 'fully' accountable for problems at the school. When concerns or issues were raised, the government could point to the religious administrators for being the cause and vice versa. This meant that no one was fully accountable and no one was overseeing conditions at the school fully, which created dangerous conditions for the children.  "",""slide_2"":""The residential school system caused malnourishment and cases of medical neglect for its students, leading to death in the case of 23 students. Many more suffered physical and mental harm that impacted their quality of life after they left the school. The schools provided neglect and not care. "",""slide_3"":""Residential school students were stripped of their culture and identity. For many this meant loosing connection to their home communities and support systems. This meant they were finanically and socially vulerable. In future generations, this leads to further poverty and addiction and abuse. "",""slide_4"":""Nora Bernard's legal resistence resulted in government acknowledgment of the harm caused to residential school survivord. It also resulted in financial compensation. These are two important types of justice for the survivors. Betty Ross's cultural resilience protected her personal and cultural dignity. One approach is very personal and one is public and affects many people. The poem \""I lost my talk\"" deals with both types - it talks about personal loss of culture, but also is about the public policy that caused her loss. "",""slide_5"":""Nora Bernard's trauma was caused from losing her cultural identity and community. Colonial policy removed her Indian status for marrying a non-indigenous man. This policy targetted women and made them vulerable and isolated from their communities. Their children carried on this trauma and were vulnerable to addiction, mental health issues, and patterns of violence. Women isolated from their communities were less likely to be protected or looked for when they were victims of gender-based violence. "",""pathway"":""E"",""pathway_inputs"":{""landmark"":""The government named a street in Halifax in recognition of a Governor of Nova Scotia who issued a bounty for the scalps of Mi'kmaq people. This is celebration state violence against indigenous people, and as a monument it's a constant reminder of colonial harm they've suffered. Changing the name to Nora Bernand was a very powerful statement. It showed that an indigenous woman who fought against colonial policy and for compesnation and reconciliation was worthy of celebration, while a representative of colonial violence and oppression was not. This acknowlegement and "",""advocacy"":""""},""slide_6"":""[Pathway E] LANDMARK: The government named a street in Halifax in recognition of a Governor of Nova Scotia who issued a bounty for the scalps of Mi'kmaq people. This is celebration state violence against indigenous people, and as a monument it's a constant reminder of colonial harm they've suffered. Changing the name to Nora Bernand was a very powerful statement. It showed that an indigenous woman who fought against colonial policy and for compesnation and reconciliation was worthy of celebration, while a representative of colonial violence and oppression was not. This acknowlegement and  | ADVOCACY:  |"",""slide_7"":""READY FOR COMMIT""}"
2026-06-18T01:24:35.559Z,A Block (Waugh),JOSH (JOSH),MIKMAW11,Nora Bernard & Shubenacadie Legacy Project,INCREMENTAL_SAVE,"{""slide_1"":""The division of responsibility between Federal goverment (funding) and religious contregations (daily management) meant that no one was 'fully' accountable for problems at the school. When concerns or issues were raised, the government could point to the religious administrators for being the cause and vice versa. This meant that no one was fully accountable and no one was overseeing conditions at the school fully, which created dangerous conditions for the children.  "",""slide_2"":""The residential school system caused malnourishment and cases of medical neglect for its students, leading to death in the case of 23 students. Many more suffered physical and mental harm that impacted their quality of life after they left the school. The schools provided neglect and not care. "",""slide_3"":""Residential school students were stripped of their culture and identity. For many this meant loosing connection to their home communities and support systems. This meant they were finanically and socially vulerable. In future generations, this leads to further poverty and addiction and abuse. "",""slide_4"":""Nora Bernard's legal resistence resulted in government acknowledgment of the harm caused to residential school survivord. It also resulted in financial compensation. These are two important types of justice for the survivors. Betty Ross's cultural resilience protected her personal and cultural dignity. One approach is very personal and one is public and affects many people. The poem \""I lost my talk\"" deals with both types - it talks about personal loss of culture, but also is about the public policy that caused her loss. "",""slide_5"":""Nora Bernard's trauma was caused from losing her cultural identity and community. Colonial policy removed her Indian status for marrying a non-indigenous man. This policy targetted women and made them vulerable and isolated from their communities. Their children carried on this trauma and were vulnerable to addiction, mental health issues, and patterns of violence. Women isolated from their communities were less likely to be protected or looked for when they were victims of gender-based violence. "",""pathway"":""E"",""pathway_inputs"":{""landmark"":""The government named a street in Halifax in recognition of a Governor of Nova Scotia who issued a bounty for the scalps of Mi'kmaq people. This is celebration state violence against indigenous people, and as a monument it's a constant reminder of colonial harm they've suffered. Changing the name to Nora Bernand was a very powerful statement. It showed that an indigenous woman who fought against colonial policy and for compesnation and reconciliation was worthy of celebration, while a representative of colonial violence and oppression was not. This acknowlegement and "",""advocacy"":""""},""slide_6"":""[Pathway E] LANDMARK: The government named a street in Halifax in recognition of a Governor of Nova Scotia who issued a bounty for the scalps of Mi'kmaq people. This is celebration state violence against indigenous people, and as a monument it's a constant reminder of colonial harm they've suffered. Changing the name to Nora Bernand was a very powerful statement. It showed that an indigenous woman who fought against colonial policy and for compesnation and reconciliation was worthy of celebration, while a representative of colonial violence and oppression was not. This acknowlegement and  | ADVOCACY:  |"",""slide_7"":""READY FOR COMMIT""}"
2026-06-18T01:25:03.509Z,A Block (Waugh),JOSH (JOSH),MIKMAW11,Nora Bernard & Shubenacadie Legacy Project,INCREMENTAL_SAVE,"{""slide_1"":""The division of responsibility between Federal goverment (funding) and religious contregations (daily management) meant that no one was 'fully' accountable for problems at the school. When concerns or issues were raised, the government could point to the religious administrators for being the cause and vice versa. This meant that no one was fully accountable and no one was overseeing conditions at the school fully, which created dangerous conditions for the children.  "",""slide_2"":""The residential school system caused malnourishment and cases of medical neglect for its students, leading to death in the case of 23 students. Many more suffered physical and mental harm that impacted their quality of life after they left the school. The schools provided neglect and not care. "",""slide_3"":""Residential school students were stripped of their culture and identity. For many this meant loosing connection to their home communities and support systems. This meant they were finanically and socially vulerable. In future generations, this leads to further poverty and addiction and abuse. "",""slide_4"":""Nora Bernard's legal resistence resulted in government acknowledgment of the harm caused to residential school survivord. It also resulted in financial compensation. These are two important types of justice for the survivors. Betty Ross's cultural resilience protected her personal and cultural dignity. One approach is very personal and one is public and affects many people. The poem \""I lost my talk\"" deals with both types - it talks about personal loss of culture, but also is about the public policy that caused her loss. "",""slide_5"":""Nora Bernard's trauma was caused from losing her cultural identity and community. Colonial policy removed her Indian status for marrying a non-indigenous man. This policy targetted women and made them vulerable and isolated from their communities. Their children carried on this trauma and were vulnerable to addiction, mental health issues, and patterns of violence. Women isolated from their communities were less likely to be protected or looked for when they were victims of gender-based violence. "",""pathway"":""E"",""pathway_inputs"":{""landmark"":""The government named a street in Halifax in recognition of a Governor of Nova Scotia who issued a bounty for the scalps of Mi'kmaq people. This is celebration state violence against indigenous people, and as a monument it's a constant reminder of colonial harm they've suffered. Changing the name to Nora Bernand was a very powerful statement. It showed that an indigenous woman who fought against colonial policy and for compesnation and reconciliation was worthy of celebration, while a representative of colonial violence and oppression was not. It was an important acknowledgement from the state that  "",""advocacy"":""""},""slide_6"":""[Pathway E] LANDMARK: The government named a street in Halifax in recognition of a Governor of Nova Scotia who issued a bounty for the scalps of Mi'kmaq people. This is celebration state violence against indigenous people, and as a monument it's a constant reminder of colonial harm they've suffered. Changing the name to Nora Bernand was a very powerful statement. It showed that an indigenous woman who fought against colonial policy and for compesnation and reconciliation was worthy of celebration, while a representative of colonial violence and oppression was not. It was an important acknowledgement from the state that   | ADVOCACY:  |"",""slide_7"":""READY FOR COMMIT""}"
2026-06-18T01:25:58.722Z,A Block (Waugh),JOSH (JOSH),MIKMAW11,Nora Bernard & Shubenacadie Legacy Project,INCREMENTAL_SAVE,"{""slide_1"":""The division of responsibility between Federal goverment (funding) and religious contregations (daily management) meant that no one was 'fully' accountable for problems at the school. When concerns or issues were raised, the government could point to the religious administrators for being the cause and vice versa. This meant that no one was fully accountable and no one was overseeing conditions at the school fully, which created dangerous conditions for the children.  "",""slide_2"":""The residential school system caused malnourishment and cases of medical neglect for its students, leading to death in the case of 23 students. Many more suffered physical and mental harm that impacted their quality of life after they left the school. The schools provided neglect and not care. "",""slide_3"":""Residential school students were stripped of their culture and identity. For many this meant loosing connection to their home communities and support systems. This meant they were finanically and socially vulerable. In future generations, this leads to further poverty and addiction and abuse. "",""slide_4"":""Nora Bernard's legal resistence resulted in government acknowledgment of the harm caused to residential school survivord. It also resulted in financial compensation. These are two important types of justice for the survivors. Betty Ross's cultural resilience protected her personal and cultural dignity. One approach is very personal and one is public and affects many people. The poem \""I lost my talk\"" deals with both types - it talks about personal loss of culture, but also is about the public policy that caused her loss. "",""slide_5"":""Nora Bernard's trauma was caused from losing her cultural identity and community. Colonial policy removed her Indian status for marrying a non-indigenous man. This policy targetted women and made them vulerable and isolated from their communities. Their children carried on this trauma and were vulnerable to addiction, mental health issues, and patterns of violence. Women isolated from their communities were less likely to be protected or looked for when they were victims of gender-based violence. "",""pathway"":""E"",""pathway_inputs"":{""landmark"":""The government named a street in Halifax in recognition of a Governor of Nova Scotia who issued a bounty for the scalps of Mi'kmaq people. This is celebration state violence against indigenous people, and as a monument it's a constant reminder of colonial harm they've suffered. Changing the name to Nora Bernand was a very powerful statement. It showed that an indigenous woman who fought against colonial policy and for compesnation and reconciliation was worthy of celebration, while a representative of colonial violence and oppression was not. It was an important acknowledgement from the state and a step toward reconciliation and harm reduction.  "",""advocacy"":""""},""slide_6"":""[Pathway E] LANDMARK: The government named a street in Halifax in recognition of a Governor of Nova Scotia who issued a bounty for the scalps of Mi'kmaq people. This is celebration state violence against indigenous people, and as a monument it's a constant reminder of colonial harm they've suffered. Changing the name to Nora Bernand was a very powerful statement. It showed that an indigenous woman who fought against colonial policy and for compesnation and reconciliation was worthy of celebration, while a representative of colonial violence and oppression was not. It was an important acknowledgement from the state and a step toward reconciliation and harm reduction.   | ADVOCACY:  |"",""slide_7"":""READY FOR COMMIT""}"
2026-06-18T01:26:00.195Z,A Block (Waugh),JOSH (JOSH),MIKMAW11,Nora Bernard & Shubenacadie Legacy Project,INCREMENTAL_SAVE,"{""slide_1"":""The division of responsibility between Federal goverment (funding) and religious contregations (daily management) meant that no one was 'fully' accountable for problems at the school. When concerns or issues were raised, the government could point to the religious administrators for being the cause and vice versa. This meant that no one was fully accountable and no one was overseeing conditions at the school fully, which created dangerous conditions for the children.  "",""slide_2"":""The residential school system caused malnourishment and cases of medical neglect for its students, leading to death in the case of 23 students. Many more suffered physical and mental harm that impacted their quality of life after they left the school. The schools provided neglect and not care. "",""slide_3"":""Residential school students were stripped of their culture and identity. For many this meant loosing connection to their home communities and support systems. This meant they were finanically and socially vulerable. In future generations, this leads to further poverty and addiction and abuse. "",""slide_4"":""Nora Bernard's legal resistence resulted in government acknowledgment of the harm caused to residential school survivord. It also resulted in financial compensation. These are two important types of justice for the survivors. Betty Ross's cultural resilience protected her personal and cultural dignity. One approach is very personal and one is public and affects many people. The poem \""I lost my talk\"" deals with both types - it talks about personal loss of culture, but also is about the public policy that caused her loss. "",""slide_5"":""Nora Bernard's trauma was caused from losing her cultural identity and community. Colonial policy removed her Indian status for marrying a non-indigenous man. This policy targetted women and made them vulerable and isolated from their communities. Their children carried on this trauma and were vulnerable to addiction, mental health issues, and patterns of violence. Women isolated from their communities were less likely to be protected or looked for when they were victims of gender-based violence. "",""pathway"":""E"",""pathway_inputs"":{""landmark"":""The government named a street in Halifax in recognition of a Governor of Nova Scotia who issued a bounty for the scalps of Mi'kmaq people. This is celebration state violence against indigenous people, and as a monument it's a constant reminder of colonial harm they've suffered. Changing the name to Nora Bernand was a very powerful statement. It showed that an indigenous woman who fought against colonial policy and for compesnation and reconciliation was worthy of celebration, while a representative of colonial violence and oppression was not. It was an important acknowledgement from the state and a step toward reconciliation and harm reduction.  "",""advocacy"":""""},""slide_6"":""[Pathway E] LANDMARK: The government named a street in Halifax in recognition of a Governor of Nova Scotia who issued a bounty for the scalps of Mi'kmaq people. This is celebration state violence against indigenous people, and as a monument it's a constant reminder of colonial harm they've suffered. Changing the name to Nora Bernand was a very powerful statement. It showed that an indigenous woman who fought against colonial policy and for compesnation and reconciliation was worthy of celebration, while a representative of colonial violence and oppression was not. It was an important acknowledgement from the state and a step toward reconciliation and harm reduction.   | ADVOCACY:  |"",""slide_7"":""READY FOR COMMIT""}"
2026-06-18T01:26:20.573Z,A Block (Waugh),JOSH (JOSH),MIKMAW11,Nora Bernard & Shubenacadie Legacy Project,INCREMENTAL_SAVE,"{""slide_1"":""The division of responsibility between Federal goverment (funding) and religious contregations (daily management) meant that no one was 'fully' accountable for problems at the school. When concerns or issues were raised, the government could point to the religious administrators for being the cause and vice versa. This meant that no one was fully accountable and no one was overseeing conditions at the school fully, which created dangerous conditions for the children.  "",""slide_2"":""The residential school system caused malnourishment and cases of medical neglect for its students, leading to death in the case of 23 students. Many more suffered physical and mental harm that impacted their quality of life after they left the school. The schools provided neglect and not care. "",""slide_3"":""Residential school students were stripped of their culture and identity. For many this meant loosing connection to their home communities and support systems. This meant they were finanically and socially vulerable. In future generations, this leads to further poverty and addiction and abuse. "",""slide_4"":""Nora Bernard's legal resistence resulted in government acknowledgment of the harm caused to residential school survivord. It also resulted in financial compensation. These are two important types of justice for the survivors. Betty Ross's cultural resilience protected her personal and cultural dignity. One approach is very personal and one is public and affects many people. The poem \""I lost my talk\"" deals with both types - it talks about personal loss of culture, but also is about the public policy that caused her loss. "",""slide_5"":""Nora Bernard's trauma was caused from losing her cultural identity and community. Colonial policy removed her Indian status for marrying a non-indigenous man. This policy targetted women and made them vulerable and isolated from their communities. Their children carried on this trauma and were vulnerable to addiction, mental health issues, and patterns of violence. Women isolated from their communities were less likely to be protected or looked for when they were victims of gender-based violence. "",""pathway"":""E"",""pathway_inputs"":{""landmark"":""The government named a street in Halifax in recognition of a Governor of Nova Scotia who issued a bounty for the scalps of Mi'kmaq people. This is a celebration state violence against indigenous people, and as a monument it's a constant reminder of colonial harm they've suffered. Changing the name to Nora Bernand was a very powerful statement. It showed that an indigenous woman who fought against colonial policy and for compesnation and reconciliation was worthy of celebration, while a representative of colonial violence and oppression was not. It was an important acknowledgement from the state and a step toward reconciliation and harm reduction.  "",""advocacy"":""""},""slide_6"":""[Pathway E] LANDMARK: The government named a street in Halifax in recognition of a Governor of Nova Scotia who issued a bounty for the scalps of Mi'kmaq people. This is a celebration state violence against indigenous people, and as a monument it's a constant reminder of colonial harm they've suffered. Changing the name to Nora Bernand was a very powerful statement. It showed that an indigenous woman who fought against colonial policy and for compesnation and reconciliation was worthy of celebration, while a representative of colonial violence and oppression was not. It was an important acknowledgement from the state and a step toward reconciliation and harm reduction.   | ADVOCACY:  |"",""slide_7"":""READY FOR COMMIT""}"
2026-06-18T01:26:31.226Z,A Block (Waugh),JOSH (JOSH),MIKMAW11,Nora Bernard & Shubenacadie Legacy Project,INCREMENTAL_SAVE,"{""slide_1"":""The division of responsibility between Federal goverment (funding) and religious contregations (daily management) meant that no one was 'fully' accountable for problems at the school. When concerns or issues were raised, the government could point to the religious administrators for being the cause and vice versa. This meant that no one was fully accountable and no one was overseeing conditions at the school fully, which created dangerous conditions for the children.  "",""slide_2"":""The residential school system caused malnourishment and cases of medical neglect for its students, leading to death in the case of 23 students. Many more suffered physical and mental harm that impacted their quality of life after they left the school. The schools provided neglect and not care. "",""slide_3"":""Residential school students were stripped of their culture and identity. For many this meant loosing connection to their home communities and support systems. This meant they were finanically and socially vulerable. In future generations, this leads to further poverty and addiction and abuse. "",""slide_4"":""Nora Bernard's legal resistence resulted in government acknowledgment of the harm caused to residential school survivord. It also resulted in financial compensation. These are two important types of justice for the survivors. Betty Ross's cultural resilience protected her personal and cultural dignity. One approach is very personal and one is public and affects many people. The poem \""I lost my talk\"" deals with both types - it talks about personal loss of culture, but also is about the public policy that caused her loss. "",""slide_5"":""Nora Bernard's trauma was caused from losing her cultural identity and community. Colonial policy removed her Indian status for marrying a non-indigenous man. This policy targetted women and made them vulerable and isolated from their communities. Their children carried on this trauma and were vulnerable to addiction, mental health issues, and patterns of violence. Women isolated from their communities were less likely to be protected or looked for when they were victims of gender-based violence. "",""pathway"":""E"",""pathway_inputs"":{""landmark"":""The government named a street in Halifax in recognition of a Governor of Nova Scotia who issued a bounty for the scalps of Mi'kmaq people. This is a celebration state violence against indigenous people, and to them a constant reminder of colonial harm they've suffered. Changing the name to Nora Bernand was a very powerful statement. It showed that an indigenous woman who fought against colonial policy and for compesnation and reconciliation was worthy of celebration, while a representative of colonial violence and oppression was not. It was an important acknowledgement from the state and a step toward reconciliation and harm reduction.  "",""advocacy"":""""},""slide_6"":""[Pathway E] LANDMARK: The government named a street in Halifax in recognition of a Governor of Nova Scotia who issued a bounty for the scalps of Mi'kmaq people. This is a celebration state violence against indigenous people, and to them a constant reminder of colonial harm they've suffered. Changing the name to Nora Bernand was a very powerful statement. It showed that an indigenous woman who fought against colonial policy and for compesnation and reconciliation was worthy of celebration, while a representative of colonial violence and oppression was not. It was an important acknowledgement from the state and a step toward reconciliation and harm reduction.   | ADVOCACY:  |"",""slide_7"":""READY FOR COMMIT""}"
"6/17/2026, 10:28:28 PM",A Block (Waugh),JOSH (JOSH),MIKMAW11,IRSSA Settlement Dossier,INCREMENTAL_SAVE,"{""slide_1"":""This was a turning point for Canada because it demonstrated the government taking responsibility for the harm caused by the residential schools and policies to remove children from their families."",""_telemetry"":{""slide_1"":{""pasted"":false,""keystrokes"":283,""duration_sec"":1237},""slide_2"":{""pasted"":false,""keystrokes"":762,""duration_sec"":393},""slide_3"":{""pasted"":false,""keystrokes"":158,""duration_sec"":160},""slide_4"":{""pasted"":false,""keystrokes"":1076,""duration_sec"":2554},""slide_5"":{""pasted"":false,""keystrokes"":500,""duration_sec"":825},""slide_6"":{""pasted"":false,""keystrokes"":358,""duration_sec"":88652}},""slide_2"":""The Truth and Reconciliation Commission is the most important pillar for long term reconciliation. It created a detailed document of experiences that is how a historical record and evidence of what happened and its impacts. It also made a list of recommendations for reconciliation that can be worked on into the future. Other pillars are focused on reconciliation with individuals. This will have a longer impact than the other pillars for all Canadians."",""slide_3"":""The school opened in 1929 and closed in 1967. It was operational for 38 years. The Roman Catholic church was responsible for its administration."",""slide_4"":""Betty was taken from her family and schooled to 'unlearn' who she was. She was beaten and sexually abused. She saw her friend drown. Through all her experiences she was made to feel like she didn't matter and people could treat her any way they want to including abuse her. The Common Experience Payment  and TRC both recognized the harm done to her and to all of the other students of the schools. It acknowledged the wrongs committed by taking children away from their homes, stripping away their culture and identity, and treating them without dignity. It provided a step toward healing."",""slide_5"":""The most common reason cited is lack of funding. For some projects, the funding that was promised was not accepted by indigenous leaders for being insufficient. In some other cases, the funding that was promised has not been provided, or it was less than the amount originally promised."",""slide_6"":""The biggest challenge for reconciliation in Mi'kmaki is moving beyond recognition of rights and past harms to making actual changes to policy and laws. The government recognized Leo Francis has trading rights but was not prepared to recognize them if his trade cut into government profits.""}"
"2026-06-18, 11:24:41 a.m.",C Block (Waugh),Abdel (AAAW),MIKMAW11,Sixties Scoop — Maya Paul,INCREMENTAL_SAVE,"{""_timestamps"":{""start"":""2026-06-18T13:59:48.378Z"",""slide_7"":""2026-06-18T14:24:41.399Z""},""slide_7"":""{\""part_0\"":\""The government regulations targeted both Sarah and Maya’s grandmother attempting to erase their Indigenous identity either by removing their status or changing their names these policies intentionally severed family lines to reduce the number of Indigenous people recognized.\"",\""part_1\"":\""Like in Leo’s case the province ignored Mi’kmaw treaty rights similarly child welfare workers ignored Mi’kmaw community authority when they took kids from reserves the government acted as if its rules were superior to Mi’kmaw laws and family systems.\"",\""part_2\"":\""Residential schools created trauma and poverty which child welfare then used as reasons to remove more Indigenous children these systems worked together to break up families and control Indigenous communities.\""}"",""_telemetry"":{""slide_7"":{""pasted"":true,""keystrokes"":100,""duration_sec"":449}}}"
"2026-06-18, 11:24:50 a.m.",C Block (Waugh),Abdel (AAAW),MIKMAW11,Sixties Scoop — Maya Paul,INCREMENTAL_SAVE,"{""_timestamps"":{""start"":""2026-06-18T13:59:48.378Z"",""slide_7"":""2026-06-18T14:24:41.399Z""},""slide_7"":""{\""part_0\"":\""The government regulations targeted both Sarah and Maya’s grandmother attempting to erase their Indigenous identity either by removing their status or changing their names these policies intentionally severed family lines to reduce the number of Indigenous people recognized.\"",\""part_1\"":\""Like in Leo’s case the province ignored Mi’kmaw treaty rights similarly child welfare workers ignored Mi’kmaw community authority when they took kids from reserves the government acted as if its rules were superior to Mi’kmaw laws and family systems.\"",\""part_2\"":\""Residential schools created trauma and poverty which child welfare then used as reasons to remove more Indigenous children these systems worked together to break up families and control Indigenous communities.\""}"",""_telemetry"":{""slide_7"":{""pasted"":true,""keystrokes"":100,""duration_sec"":458}}}"
"2026-06-18, 11:25:13 a.m.",C Block (Waugh),Abdel (AAAW),MIKMAW11,Sixties Scoop — Maya Paul,INCREMENTAL_SAVE,"{""_timestamps"":{""start"":""2026-06-18T13:59:48.378Z"",""slide_7"":""2026-06-18T14:24:41.399Z""},""slide_7"":""{\""part_0\"":\""The government regulations targeted both Sarah and Maya’s grandmother attempting to erase their Indigenous identity either by removing their status or changing their names these policies intentionally severed family lines to reduce the number of Indigenous people recognized.\"",\""part_1\"":\""Like in Leo’s case the province ignored Mi’kmaw treaty rights similarly child welfare workers ignored Mi’kmaw community authority when they took kids from reserves the government acted as if its rules were superior to Mi’kmaw laws and family systems.\"",\""part_2\"":\""Residential schools created trauma and poverty which child welfare then used as reasons to remove more Indigenous children these systems worked together to break up families and control Indigenous communities.\""}"",""_telemetry"":{""slide_7"":{""pasted"":true,""keystrokes"":100,""duration_sec"":481}}}"
"6/18/2026, 11:37:59 AM",A Block (Waugh),COVA (KIKI),MIKMAW11,Independent Project - Description Draft,FINAL_SUBMISSION,"{""title"":""Wolf"",""description"":""I chose the wolf as my final project because the wolf is one of the Grandfathers' seven teachings used to guide us to be the best humans we can be.  The wolf represents community and humility, family values, and leadership. The wolf teaches us to care for others and to give before we take for ourselves. They are very smart hunters. No family member will go hungry or unprotected in the pack.\nThe wolf also shows us good family values. They mate for life and rely on all ages from the young to the elderly for survival. Wolves believe in protecting their family members. \nMy painting also represents the creativity of the Mi’knaw people. We use our own individual ideas to create our art. I chose to show the many different layers in the wolf’s personality by layering the paint to add colors at each level. You can’t see all the levels in the final painting but they are there, just like all the traits of the wolf are always present but only used when the wolf needs to provide or protect it’s family members. I also chose to show the wolf’s strength by placing him above the land below, on a ledge talking to mother earth at night. Mother earth is our knowledge keeper and who we ask and give thanks for every living and non-living thing.""}"
"6/18/2026, 11:38:07 AM",A Block (Waugh),COVA (KIKI),MIKMAW11,Independent Project - Description Draft,FINAL_SUBMISSION,"{""title"":""Wolf"",""description"":""I chose the wolf as my final project because the wolf is one of the Grandfathers' seven teachings used to guide us to be the best humans we can be.  The wolf represents community and humility, family values, and leadership. The wolf teaches us to care for others and to give before we take for ourselves. They are very smart hunters. No family member will go hungry or unprotected in the pack.\nThe wolf also shows us good family values. They mate for life and rely on all ages from the young to the elderly for survival. Wolves believe in protecting their family members. \nMy painting also represents the creativity of the Mi’knaw people. We use our own individual ideas to create our art. I chose to show the many different layers in the wolf’s personality by layering the paint to add colors at each level. You can’t see all the levels in the final painting but they are there, just like all the traits of the wolf are always present but only used when the wolf needs to provide or protect it’s family members. I also chose to show the wolf’s strength by placing him above the land below, on a ledge talking to mother earth at night. Mother earth is our knowledge keeper and who we ask and give thanks for every living and non-living thing.""}"
"6/18/2026, 11:38:09 AM",A Block (Waugh),COVA (KIKI),MIKMAW11,Independent Project - Description Draft,FINAL_SUBMISSION,"{""title"":""Wolf"",""description"":""I chose the wolf as my final project because the wolf is one of the Grandfathers' seven teachings used to guide us to be the best humans we can be.  The wolf represents community and humility, family values, and leadership. The wolf teaches us to care for others and to give before we take for ourselves. They are very smart hunters. No family member will go hungry or unprotected in the pack.\nThe wolf also shows us good family values. They mate for life and rely on all ages from the young to the elderly for survival. Wolves believe in protecting their family members. \nMy painting also represents the creativity of the Mi’knaw people. We use our own individual ideas to create our art. I chose to show the many different layers in the wolf’s personality by layering the paint to add colors at each level. You can’t see all the levels in the final painting but they are there, just like all the traits of the wolf are always present but only used when the wolf needs to provide or protect it’s family members. I also chose to show the wolf’s strength by placing him above the land below, on a ledge talking to mother earth at night. Mother earth is our knowledge keeper and who we ask and give thanks for every living and non-living thing.""}"
"18.06.2026, 14:32:19",A Block (Waugh),Dmytro (BIBA),MIKMAW11,Sarah — Indian Act Status,INCREMENTAL_SAVE,"{""_timestamps"":{""start"":""2026-06-18T19:26:22.695Z"",""s2"":""2026-06-18T19:32:19.636Z""},""s2"":""It was punishing towards womans if they mary a man with no status and had visible favoritism to man.\nAnd this law contradicted the law of human rights and equality.""}"
"18.06.2026, 14:36:30",A Block (Waugh),Dmytro (BIBA),MIKMAW11,Sarah — Indian Act Status,INCREMENTAL_SAVE,"{""_timestamps"":{""start"":""2026-06-18T19:26:22.695Z"",""s2"":""2026-06-18T19:32:19.636Z"",""s3"":""2026-06-18T19:36:30.765Z""},""s2"":""It was punishing towards womans if they mary a man with no status and had visible favoritism to man.\nAnd this law contradicted the law of human rights and equality."",""s3"":""The main compromise of Bill C-31 is that it returned status to who lost it in marige earlier bu in same moment regolated who can receive or inherit.""}"
"18.06.2026, 14:36:34",A Block (Waugh),Dmytro (BIBA),MIKMAW11,Sarah — Indian Act Status,INCREMENTAL_SAVE,"{""_timestamps"":{""start"":""2026-06-18T19:26:22.695Z"",""s2"":""2026-06-18T19:32:19.636Z"",""s3"":""2026-06-18T19:36:34.848Z""},""s2"":""It was punishing towards womans if they mary a man with no status and had visible favoritism to man.\nAnd this law contradicted the law of human rights and equality."",""s3"":""The main compromise of Bill C-31 is that it returned status to who lost it in marige earlier bu in same moment regolated who can receive or inherit.""}"
"18.06.2026, 14:45:36",A Block (Waugh),Dmytro (BIBA),MIKMAW11,Sarah — Indian Act Status,INCREMENTAL_SAVE,"{""_timestamps"":{""start"":""2026-06-18T19:26:22.695Z"",""s2"":""2026-06-18T19:32:19.636Z"",""s3"":""2026-06-18T19:36:34.848Z"",""s4"":""2026-06-18T19:45:36.428Z""},""s2"":""It was punishing towards womans if they mary a man with no status and had visible favoritism to man.\nAnd this law contradicted the law of human rights and equality."",""s3"":""The main compromise of Bill C-31 is that it returned status to who lost it in marige earlier bu in same moment regolated who can receive or inherit."",""s4"":""If a pearso with 6(2) status marry a pearson with no status and their children don't recive status because they need minimum that both of the parents have 6(2) status or hier.\nAlso with marige a partner with no status don't recive any of it.""}"
"18.06.2026, 14:45:36",A Block (Waugh),Dmytro (BIBA),MIKMAW11,Sarah — Indian Act Status,INCREMENTAL_SAVE,"{""_timestamps"":{""start"":""2026-06-18T19:26:22.695Z"",""s2"":""2026-06-18T19:32:19.636Z"",""s3"":""2026-06-18T19:36:34.848Z"",""s4"":""2026-06-18T19:45:36.211Z""},""s2"":""It was punishing towards womans if they mary a man with no status and had visible favoritism to man.\nAnd this law contradicted the law of human rights and equality."",""s3"":""The main compromise of Bill C-31 is that it returned status to who lost it in marige earlier bu in same moment regolated who can receive or inherit."",""s4"":""If a pearso with 6(2) status marry a pearson with no status and their children don't recive status because they need minimum that both of the parents have 6(2) status or hier.\nAlso with marige a partner with no status don't recive any of it.""}"
"18.06.2026, 14:50:43",A Block (Waugh),Dmytro (BIBA),MIKMAW11,Sarah — Indian Act Status,INCREMENTAL_SAVE,"{""_timestamps"":{""start"":""2026-06-18T19:26:22.695Z"",""s2"":""2026-06-18T19:32:19.636Z"",""s3"":""2026-06-18T19:36:34.848Z"",""s4"":""2026-06-18T19:50:43.767Z""},""s2"":""It was punishing towards womans if they mary a man with no status and had visible favoritism to man.\nAnd this law contradicted the law of human rights and equality."",""s3"":""The main compromise of Bill C-31 is that it returned status to who lost it in marige earlier bu in same moment regolated who can receive or inherit."",""s4"":""If a pearso with 6(2) status marry a pearson with no status and their children don't recive status because they need minimum that both of the parents have 6(2) status or hier.\nAlso with marige a partner with no status don't recive any of it.""}"
"18.06.2026, 15:03:25",A Block (Waugh),Dmytro (BIBA),MIKMAW11,Sarah — Indian Act Status,INCREMENTAL_SAVE,"{""_timestamps"":{""start"":""2026-06-18T19:26:22.695Z"",""s2"":""2026-06-18T19:32:19.636Z"",""s3"":""2026-06-18T19:36:34.848Z"",""s4"":""2026-06-18T19:50:43.767Z"",""s5"":""2026-06-18T20:03:25.238Z""},""s2"":""It was punishing towards womans if they mary a man with no status and had visible favoritism to man.\nAnd this law contradicted the law of human rights and equality."",""s3"":""The main compromise of Bill C-31 is that it returned status to who lost it in marige earlier bu in same moment regolated who can receive or inherit."",""s4"":""If a pearso with 6(2) status marry a pearson with no status and their children don't recive status because they need minimum that both of the parents have 6(2) status or hier.\nAlso with marige a partner with no status don't recive any of it."",""s5"":""Right to live in your community, access services and culture. If oyur family members live in reservations it practecly imposible to visit or live with them, for example you have a father with 6(2) status and you don't have it you can't visit him ven he have health problems, phisical restriction (paralized/something brouken) or he is in old age, when he is in reservation.""}"
"18.06.2026, 15:12:13",A Block (Waugh),Dmytro (BIBA),MIKMAW11,Sarah — Indian Act Status,INCREMENTAL_SAVE,"{""_timestamps"":{""start"":""2026-06-18T19:26:22.695Z"",""s2"":""2026-06-18T19:32:19.636Z"",""s3"":""2026-06-18T19:36:34.848Z"",""s4"":""2026-06-18T19:50:43.767Z"",""s5"":""2026-06-18T20:03:25.238Z"",""s6"":""2026-06-18T20:12:13.609Z""},""s2"":""It was punishing towards womans if they mary a man with no status and had visible favoritism to man.\nAnd this law contradicted the law of human rights and equality."",""s3"":""The main compromise of Bill C-31 is that it returned status to who lost it in marige earlier bu in same moment regolated who can receive or inherit."",""s4"":""If a pearso with 6(2) status marry a pearson with no status and their children don't recive status because they need minimum that both of the parents have 6(2) status or hier.\nAlso with marige a partner with no status don't recive any of it."",""s5"":""Right to live in your community, access services and culture. If oyur family members live in reservations it practecly imposible to visit or live with them, for example you have a father with 6(2) status and you don't have it you can't visit him ven he have health problems, phisical restriction (paralized/something brouken) or he is in old age, when he is in reservation."",""s6"":""In simple word its just to give the same level of the inheritance of 6(1) to the 6(2)""}"